player_id,player,pos,squad,age,standard_club,born,matches_played,standard_playing_time_starts,standard_playing_time_min,standard_playing_time_90s,goals,assists,standard_performance_g+a,standard_performance_g-pk,standard_performance_pk,standard_performance_pkatt,standard_performance_crdy,standard_performance_crdr,standard_per_90_minutes_gls,standard_per_90_minutes_ast,standard_per_90_minutes_g+a,standard_per_90_minutes_g-pk,standard_per_90_minutes_g+a-pk,shooting_90s,shooting_standard_gls,shots,shots_on_target,shooting_standard_sot%,shooting_standard_sh/90,shooting_standard_sot/90,shooting_standard_g/sh,shooting_standard_g/sot,shooting_standard_pk,shooting_standard_pkatt,misc_90s,yellow_cards,red_cards,misc_performance_2crdy,misc_performance_fls,misc_performance_fld,misc_performance_off,misc_performance_crs,misc_performance_int,misc_performance_tklw,misc_performance_pkwon,misc_performance_pkcon,misc_performance_og,playingtime_playing_time_mp,playingtime_playing_time_min,playingtime_playing_time_mn/mp,playingtime_playing_time_min%,playingtime_playing_time_90s,playingtime_starts_starts,playingtime_starts_mn/start,playingtime_starts_compl,playingtime_subs_subs,playingtime_subs_mn/sub,playingtime_subs_unsub,playingtime_team_success_ppm,playingtime_team_success_ong,playingtime_team_success_onga,playingtime_team_success_+/-,playingtime_team_success_+/-90,playingtime_team_success_on-off,minutes,played
1,Brenden Aaronson,MF,us USA,25,,2000,1,1,76,0.8,0,0,0,0,0,0,0,0,0.0,0.0,0.0,0.0,0.0,0.8,0,3,1,33.3,3.55,1.18,0.0,0.0,0,0,0.8,0,0,0,2,1,0,1,0,1,,,0,1,76.0,76.0,16.9,0.8,1,76.0,0,0,,4,0.0,2.0,2.0,0.0,0.0,-0.72,76,True
2,Thelo Aasgaard,MF,no Norway,24,,2002,1,1,90,1.0,1,0,1,1,0,0,0,0,1.0,0.0,1.0,1.0,1.0,1.0,1,2,1,50.0,2.0,1.0,0.5,1.0,0,0,1.0,0,0,0,0,3,0,0,3,1,,,0,1,90.0,90.0,15.8,1.0,1,90.0,1,0,,5,0.0,1.0,4.0,-3.0,-3.0,-3.94,90,True
3,Hamza Abdelkarim,FW,eg Egypt,18,,2008,4,0,60,0.7,0,0,0,0,0,0,0,0,0.0,0.0,0.0,0.0,0.0,0.7,0,0,0,,0.0,0.0,,,0,0,0.7,0,0,0,2,0,0,0,0,0,,,0,4,60.0,15.0,12.5,0.7,0,,0,4,15.0,1,1.5,1.0,0.0,1.0,1.5,1.5,60,True
4,Hossam Abdelmaguid,DF,eg Egypt,25,,2001,2,0,59,0.7,0,0,0,0,0,0,0,0,0.0,0.0,0.0,0.0,0.0,0.7,0,0,0,,0.0,0.0,,,0,0,0.7,0,0,0,1,0,0,0,1,0,,,0,2,59.0,30.0,12.3,0.7,0,,0,2,30.0,2,2.0,0.0,0.0,0.0,0.0,-0.21,59,True
5,Mohamed Abdelmonem,DF,eg Egypt,27,,1999,2,1,14,0.2,0,0,0,0,0,0,0,0,0.0,0.0,0.0,0.0,0.0,0.2,0,0,0,,0.0,0.0,,,0,0,0.2,0,0,0,1,0,0,0,0,0,,,0,2,14.0,7.0,2.9,0.2,1,13.0,0,1,1.0,1,2.0,1.0,1.0,0.0,0.0,-0.19,14,True
6,Ali Abdi,DF,tn Tunisia,32,,1993,3,3,269,3.0,0,0,0,0,0,0,0,0,0.0,0.0,0.0,0.0,0.0,3.0,0,1,0,0.0,0.33,0.0,0.0,,0,0,3.0,0,0,0,4,1,0,4,4,8,,,0,3,269.0,90.0,99.6,3.0,3,90.0,2,0,,0,0.0,2.0,12.0,-10.0,-3.35,-3.35,269,True
7,Saud Abdulhamid,DF,sa Saudi Arabia,26,,1999,3,3,269,3.0,0,0,0,0,0,0,1,0,0.0,0.0,0.0,0.0,0.0,3.0,0,2,0,0.0,0.67,0.0,0.0,,0,0,3.0,1,0,0,4,2,0,5,2,9,,,0,3,269.0,90.0,99.6,3.0,3,90.0,2,0,,0,0.67,1.0,5.0,-4.0,-1.34,-1.34,269,True
8,Abdulla Abdullaev,DF,uz Uzbekistan,28,,1997,2,2,180,2.0,0,0,0,0,0,0,0,0,0.0,0.0,0.0,0.0,0.0,2.0,0,0,0,,0.0,0.0,,,0,0,2.0,0,0,0,5,1,0,0,3,2,,,0,2,180.0,90.0,66.7,2.0,2,90.0,2,0,,1,0.0,1.0,8.0,-7.0,-3.5,-1.5,180,True
9,Yusuf Abdurisag,FW,qa Qatar,26,,1999,2,2,98,1.1,0,0,0,0,0,0,0,0,0.0,0.0,0.0,0.0,0.0,1.1,0,0,0,,0.0,0.0,,,0,0,1.1,0,0,0,1,2,0,0,1,2,,,0,2,98.0,49.0,36.3,1.1,2,49.0,0,0,,1,0.5,0.0,3.0,-3.0,-2.76,-0.14,98,True
10,Husam Abu Dahab,DF,jo Jordan,26,,2000,2,2,178,2.0,0,0,0,0,0,0,1,0,0.0,0.0,0.0,0.0,0.0,2.0,0,0,0,,0.0,0.0,,,0,0,2.0,1,0,0,2,1,0,0,0,3,,,0,2,178.0,89.0,65.9,2.0,2,89.0,0,0,,1,0.0,2.0,5.0,-3.0,-1.52,0.44,178,True
11,Mohammad Abu Hasheesh,DF,jo Jordan,31,,1995,1,0,6,0.1,0,0,0,0,0,0,0,0,0.0,0.0,0.0,0.0,0.0,0.1,0,0,0,,0.0,0.0,,,0,0,0.1,0,0,0,0,0,0,0,0,2,,,0,1,6.0,6.0,2.2,0.1,0,,0,1,6.0,2,0.0,0.0,0.0,0.0,0.0,1.7,6,True
12,Mohannad Abu Taha,DF,jo Jordan,23,,2003,3,3,264,2.9,0,0,0,0,0,0,1,0,0.0,0.0,0.0,0.0,0.0,2.9,0,1,0,0.0,0.34,0.0,0.0,,0,0,2.9,1,0,0,2,1,0,5,6,2,,,0,3,264.0,88.0,97.8,2.9,3,88.0,2,0,,0,0.0,3.0,8.0,-5.0,-1.7,-1.7,264,True
13,Mo Abualnadi,DF,jo Jordan,25,,2001,1,1,71,0.8,0,0,0,0,0,0,0,0,0.0,0.0,0.0,0.0,0.0,0.8,0,0,0,,0.0,0.0,,,0,0,0.8,0,0,0,0,0,0,0,0,0,,,0,1,71.0,71.0,26.3,0.8,1,71.0,0,0,,2,0.0,1.0,1.0,0.0,0.0,2.26,71,True
14,Yazeed Abulaila,GK,jo Jordan,33,,1993,3,3,270,3.0,0,0,0,0,0,0,0,0,0.0,0.0,0.0,0.0,0.0,3.0,0,0,0,,0.0,0.0,,,0,0,3.0,0,0,0,0,0,0,0,0,0,,,0,3,270.0,90.0,100.0,3.0,3,90.0,3,0,,0,0.0,3.0,8.0,-5.0,-1.67,,270,True
15,Mahmoud Abunada,GK,qa Qatar,26,,2000,3,3,270,3.0,0,0,0,0,0,0,1,0,0.0,0.0,0.0,0.0,0.0,3.0,0,0,0,,0.0,0.0,,,0,0,3.0,1,0,0,1,1,0,0,0,0,,,1,3,270.0,90.0,100.0,3.0,3,90.0,3,0,,0,0.33,2.0,10.0,-8.0,-2.67,,270,True
16,Elias Achouri,"FW,MF",tn Tunisia,27,,1999,3,0,43,0.5,0,0,0,0,0,0,0,0,0.0,0.0,0.0,0.0,0.0,0.5,0,3,1,33.3,6.28,2.09,0.0,0.0,0,0,0.5,0,0,0,0,1,1,0,0,2,,,0,3,43.0,14.0,15.9,0.5,0,,0,3,14.0,0,0.0,0.0,2.0,-2.0,-4.19,-1.01,43,True
17,Ché Adams,FW,sct Scotland,29,,1996,3,2,145,1.6,0,0,0,0,0,0,0,0,0.0,0.0,0.0,0.0,0.0,1.6,0,1,1,100.0,0.62,0.62,0.0,0.0,0,0,1.6,0,0,0,4,2,0,0,0,1,,,0,3,145.0,48.0,53.7,1.6,2,72.0,0,1,1.0,0,1.0,1.0,1.0,0.0,0.0,2.16,145,True
18,Jayden Adams,MF,za South Africa,25,,2001,3,2,116,1.3,0,0,0,0,0,0,0,0,0.0,0.0,0.0,0.0,0.0,1.3,0,0,0,,0.0,0.0,,,0,0,1.3,0,0,0,0,0,0,0,2,0,,,0,3,116.0,39.0,32.2,1.3,2,53.0,0,1,11.0,1,1.33,0.0,2.0,-2.0,-1.55,-1.55,116,True
19,Tyler Adams,MF,us USA,27,,1999,4,4,341,3.8,0,0,0,0,0,0,1,0,0.0,0.0,0.0,0.0,0.0,3.8,0,0,0,,0.0,0.0,,,0,0,3.8,1,0,0,5,6,0,0,8,5,,,0,4,341.0,85.0,75.8,3.8,4,85.0,3,0,,1,2.25,9.0,4.0,5.0,1.32,2.97,341,True
20,Ricardo Adé,DF,ht Haiti,36,,1990,3,3,270,3.0,0,0,0,0,0,0,0,0,0.0,0.0,0.0,0.0,0.0,3.0,0,4,1,25.0,1.33,0.33,0.0,0.0,0,0,3.0,0,0,0,6,4,0,1,5,2,,,0,3,270.0,90.0,100.0,3.0,3,90.0,3,0,,0,0.0,2.0,8.0,-6.0,-2.0,,270,True
21,Ibrahim Adel,MF,eg Egypt,25,,2001,1,0,3,0.0,0,0,0,0,0,0,0,0,0.0,0.0,0.0,0.0,0.0,0.0,0,0,0,,0.0,0.0,,,0,0,0.0,0,0,0,0,0,0,0,0,0,,,0,1,3.0,3.0,0.6,0.0,0,,0,1,3.0,4,1.0,0.0,0.0,0.0,0.0,-0.19,3,True
22,Simon Adingra,"FW,MF",ci Côte d'Ivoire,24,,2002,1,0,16,0.2,0,0,0,0,0,0,0,0,0.0,0.0,0.0,0.0,0.0,0.2,0,0,0,,0.0,0.0,,,0,0,0.2,0,0,0,0,0,0,1,0,0,,,0,1,16.0,16.0,4.4,0.2,0,,0,1,16.0,3,0.0,0.0,1.0,-1.0,-5.63,-6.15,16,True
23,Jonas Adjetey,DF,gh Ghana,22,,2003,3,3,225,2.5,0,0,0,0,0,0,0,0,0.0,0.0,0.0,0.0,0.0,2.5,0,2,1,50.0,0.8,0.4,0.0,0.0,0,0,2.5,0,0,0,1,0,0,0,1,3,,,0,3,225.0,75.0,62.5,2.5,3,75.0,2,0,,1,1.33,1.0,1.0,0.0,0.0,0.67,225,True
24,Michel Aebischer,"MF,FW",ch Switzerland,29,,1997,4,2,156,1.7,0,0,0,0,0,0,0,0,0.0,0.0,0.0,0.0,0.0,1.7,0,2,1,50.0,1.15,0.58,0.0,0.0,0,0,1.7,0,0,0,3,2,0,6,0,1,,,0,4,156.0,39.0,26.0,1.7,2,68.0,0,2,11.0,1,2.5,1.0,1.0,0.0,0.0,-0.81,156,True
25,Akram Afif,"FW,MF",qa Qatar,29,,1996,3,3,238,2.6,0,0,0,0,0,0,0,0,0.0,0.0,0.0,0.0,0.0,2.6,0,2,0,0.0,0.76,0.0,0.0,,0,0,2.6,0,0,0,0,4,2,11,0,1,,,0,3,238.0,79.0,88.1,2.6,3,79.0,2,0,,0,0.33,2.0,7.0,-5.0,-1.89,6.55,238,True
26,Emmanuel Agbadou,DF,ci Côte d'Ivoire,28,,1997,3,3,270,3.0,0,0,0,0,0,0,0,0,0.0,0.0,0.0,0.0,0.0,3.0,0,3,1,33.3,1.0,0.33,0.0,0.0,0,0,3.0,0,0,0,0,0,0,0,4,6,,,0,3,270.0,90.0,75.0,3.0,3,90.0,3,0,,1,1.0,3.0,4.0,-1.0,-0.33,-2.33,270,True
27,Rodrigo Aguirre,FW,uy Uruguay,31,,1994,1,0,1,0.0,0,0,0,0,0,0,0,0,0.0,0.0,0.0,0.0,0.0,0.0,0,0,0,,0.0,0.0,,,0,0,0.0,0,0,0,0,0,0,0,0,0,,,0,1,1.0,1.0,0.4,0.0,0,,0,1,1.0,2,1.0,0.0,0.0,0.0,0.0,0.33,1,True
28,Ali Ahmed,MF,ca Canada,25,,2000,4,3,234,2.6,0,0,0,0,0,0,0,0,0.0,0.0,0.0,0.0,0.0,2.6,0,2,1,50.0,0.77,0.38,0.0,0.0,0,0,2.6,0,0,0,1,5,0,13,3,2,,,0,4,234.0,59.0,52.0,2.6,3,68.0,0,1,30.0,1,1.0,5.0,3.0,2.0,0.77,0.35,234,True
29,Homam Ahmed,DF,qa Qatar,26,,1999,2,2,122,1.4,0,1,1,0,0,0,0,1,0.0,0.74,0.74,0.0,0.74,1.4,0,1,0,0.0,0.74,0.0,0.0,,0,0,1.4,0,1,0,4,0,0,3,3,1,,,0,2,122.0,61.0,45.2,1.4,2,61.0,1,0,,0,0.5,1.0,3.0,-2.0,-1.48,2.17,122,True
30,Rayan Aït-Nouri,DF,dz Algeria,25,,2001,4,3,284,3.2,0,0,0,0,0,0,0,0,0.0,0.0,0.0,0.0,0.0,3.2,0,1,0,0.0,0.32,0.0,0.0,,0,0,3.2,0,0,0,6,4,0,8,5,13,,,0,4,284.0,71.0,78.9,3.2,3,88.0,2,1,20.0,0,1.0,3.0,7.0,-4.0,-1.27,-1.27,284,True
31,Kristoffer Ajer,DF,no Norway,28,,1998,5,5,480,5.3,0,0,0,0,0,0,1,0,0.0,0.0,0.0,0.0,0.0,5.3,0,2,1,50.0,0.37,0.19,0.0,0.0,0,0,5.3,1,0,0,2,1,0,1,4,8,,,0,5,480.0,96.0,84.2,5.3,5,96.0,5,0,,1,2.4,12.0,7.0,5.0,0.94,3.94,480,True
32,Manuel Akanji,DF,ch Switzerland,30,,1995,6,6,600,6.7,0,0,0,0,0,0,0,0,0.0,0.0,0.0,0.0,0.0,6.7,0,1,1,100.0,0.15,0.15,0.0,0.0,0,0,6.7,0,0,0,4,4,0,0,6,9,,,0,6,600.0,100.0,100.0,6.7,6,100.0,6,0,,0,1.83,10.0,6.0,4.0,0.6,,600,True
33,Nathan Aké,DF,nl Netherlands,31,,1995,3,2,170,1.9,0,0,0,0,0,0,0,0,0.0,0.0,0.0,0.0,0.0,1.9,0,1,0,0.0,0.53,0.0,0.0,,0,0,1.9,0,0,0,2,2,0,1,4,0,,,0,3,170.0,57.0,43.6,1.9,2,80.0,1,1,10.0,1,1.67,3.0,2.0,1.0,0.53,-1.52,170,True
34,Yunus Akgün,MF,tr Türkiye,25,,2000,2,1,88,1.0,0,0,0,0,0,0,1,0,0.0,0.0,0.0,0.0,0.0,1.0,0,0,0,,0.0,0.0,,,0,0,1.0,1,0,0,2,1,0,2,0,0,,,0,2,88.0,44.0,32.6,1.0,1,59.0,0,1,29.0,1,0.0,0.0,2.0,-2.0,-2.05,-2.05,88,True
35,Maghnes Akliouche,MF,fr France,24,,2002,1,0,8,0.1,0,0,0,0,0,0,0,0,0.0,0.0,0.0,0.0,0.0,0.1,0,0,0,,0.0,0.0,,,0,0,0.1,0,0,0,0,0,0,1,0,0,,,0,1,8.0,8.0,1.1,0.1,0,,0,1,8.0,7,3.0,0.0,0.0,0.0,0.0,-1.26,8,True
36,Kerem Aktürkoğlu,FW,tr Türkiye,27,,1998,2,2,129,1.4,0,0,0,0,0,0,0,0,0.0,0.0,0.0,0.0,0.0,1.4,0,3,1,33.3,2.09,0.7,0.0,0.0,0,0,1.4,0,0,0,0,2,0,1,0,1,,,0,2,129.0,65.0,47.8,1.4,2,65.0,0,0,,1,0.0,0.0,3.0,-3.0,-2.09,-2.73,129,True
37,Ahmed Alaaeldin,FW,qa Qatar,33,,1993,2,0,43,0.5,0,0,0,0,0,0,0,0,0.0,0.0,0.0,0.0,0.0,0.5,0,1,1,100.0,2.09,2.09,0.0,0.0,0,0,0.5,0,0,0,1,1,0,0,0,1,,,0,2,43.0,22.0,15.9,0.5,0,,0,2,22.0,1,0.5,1.0,1.0,0.0,0.0,3.17,43,True
38,David Alaba,DF,at Austria,33,,1992,4,4,275,3.1,0,1,1,0,0,0,0,0,0.0,0.33,0.33,0.0,0.33,3.1,0,2,0,0.0,0.65,0.0,0.0,,0,0,3.1,0,0,0,2,0,0,1,4,1,,,0,4,275.0,69.0,76.4,3.1,4,69.0,1,0,,0,1.0,3.0,7.0,-4.0,-1.31,-2.37,275,True
39,Kerim Alajbegović,MF,ba Bosnia–Herz,18,,2007,4,3,277,3.1,1,0,1,1,0,0,0,0,0.32,0.0,0.32,0.32,0.32,3.1,1,4,1,25.0,1.3,0.32,0.25,1.0,0,0,3.1,0,0,0,4,6,1,15,2,0,,,0,4,277.0,69.0,76.9,3.1,3,87.0,1,1,17.0,0,1.0,3.0,7.0,-4.0,-1.3,-2.38,277,True
40,Jordy Alcivar,MF,ec Ecuador,26,,1999,1,1,45,0.5,0,0,0,0,0,0,1,0,0.0,0.0,0.0,0.0,0.0,0.5,0,1,0,0.0,2.0,0.0,0.0,,0,0,0.5,1,0,0,1,0,0,1,0,1,,,0,1,45.0,45.0,12.5,0.5,1,45.0,0,0,,3,1.0,0.0,0.0,0.0,0.0,0.57,45,True
41,Omar Alderete,DF,py Paraguay,29,,1996,4,4,320,3.6,0,0,0,0,0,0,0,0,0.0,0.0,0.0,0.0,0.0,3.6,0,1,0,0.0,0.28,0.0,0.0,,0,0,3.6,0,0,0,2,3,0,0,2,0,,,0,4,320.0,80.0,66.7,3.6,4,80.0,2,0,,1,1.0,2.0,4.0,-2.0,-0.56,0.0,320,True
42,Almoez Ali,FW,qa Qatar,29,,1996,1,0,19,0.2,0,0,0,0,0,0,0,0,0.0,0.0,0.0,0.0,0.0,0.2,0,1,1,100.0,4.74,4.74,0.0,0.0,0,0,0.2,0,0,0,0,0,0,0,0,0,,,0,1,19.0,19.0,7.0,0.2,0,,0,1,19.0,2,0.0,0.0,1.0,-1.0,-4.74,-2.23,19,True
43,Hussein Ali,DF,iq Iraq,24,,2002,2,2,162,1.8,0,0,0,0,0,0,0,0,0.0,0.0,0.0,0.0,0.0,1.8,0,1,0,0.0,0.56,0.0,0.0,,0,0,1.8,0,0,0,1,0,1,1,2,2,,,0,2,162.0,81.0,60.0,1.8,2,81.0,1,0,,1,0.0,1.0,5.0,-4.0,-2.22,3.61,162,True
44,Mohanad Ali,FW,iq Iraq,25,,2000,1,0,13,0.1,0,0,0,0,0,0,0,0,0.0,0.0,0.0,0.0,0.0,0.1,0,0,0,,0.0,0.0,,,0,0,0.1,0,0,0,0,0,0,0,0,0,,,0,1,13.0,13.0,4.8,0.1,0,,0,1,13.0,2,0.0,0.0,1.0,-1.0,-6.92,-3.42,13,True
45,Taha Ali,"FW,MF",se Sweden,27,,1998,2,0,37,0.4,0,0,0,0,0,0,0,0,0.0,0.0,0.0,0.0,0.0,0.4,0,0,0,,0.0,0.0,,,0,0,0.4,0,0,0,0,2,0,1,0,0,,,0,2,37.0,19.0,10.3,0.4,0,,0,2,19.0,2,0.0,0.0,2.0,-2.0,-4.86,-4.59,37,True
46,Khojiakbar Alijonov,MF,uz Uzbekistan,29,,1997,2,1,135,1.5,0,0,0,0,0,0,0,0,0.0,0.0,0.0,0.0,0.0,1.5,0,0,0,,0.0,0.0,,,0,0,1.5,0,0,0,2,1,0,5,5,2,,,0,2,135.0,68.0,50.0,1.5,1,90.0,1,1,45.0,1,0.0,1.0,5.0,-4.0,-2.67,0.67,135,True
47,Ali Alipour,FW,ir IR Iran,30,,1995,1,0,38,0.4,0,0,0,0,0,0,0,0,0.0,0.0,0.0,0.0,0.0,0.4,0,1,0,0.0,2.37,0.0,0.0,,0,0,0.4,0,0,0,1,1,0,0,1,1,,,0,1,38.0,38.0,14.1,0.4,0,,0,1,38.0,2,1.0,1.0,1.0,0.0,0.0,0.0,38,True
48,Alisson,GK,br Brazil,33,,1992,5,5,450,5.0,0,0,0,0,0,0,0,0,0.0,0.0,0.0,0.0,0.0,5.0,0,0,0,,0.0,0.0,,,0,0,5.0,0,0,0,0,0,0,0,0,0,,,0,5,450.0,90.0,100.0,5.0,5,90.0,5,0,,0,2.0,10.0,4.0,6.0,1.2,,450,True
49,Thiago Almada,MF,ar Argentina,25,,2001,5,3,241,2.7,0,0,0,0,0,0,1,0,0.0,0.0,0.0,0.0,0.0,2.7,0,5,2,40.0,1.87,0.75,0.0,0.0,0,0,2.7,1,0,0,2,2,2,1,0,4,,,0,5,241.0,48.0,29.8,2.7,3,60.0,0,2,31.0,3,3.0,6.0,1.0,5.0,1.87,0.92,241,True
50,Miguel Almirón,"MF,FW",py Paraguay,32,,1994,4,4,282,3.1,0,0,0,0,0,0,1,1,0.0,0.0,0.0,0.0,0.0,3.1,0,4,0,0.0,1.28,0.0,0.0,,0,0,3.1,1,1,0,2,7,0,4,3,7,,,0,4,282.0,71.0,58.8,3.1,4,71.0,0,0,,0,1.0,3.0,5.0,-2.0,-0.64,-0.18,282,True
51,Júnior Alonso,DF,py Paraguay,33,,1993,5,4,390,4.3,0,0,0,0,0,0,1,0,0.0,0.0,0.0,0.0,0.0,4.3,0,3,1,33.3,0.69,0.23,0.0,0.0,0,0,4.3,1,0,0,3,3,1,2,4,9,,,0,5,390.0,78.0,81.3,4.3,4,97.0,3,1,1.0,0,1.0,3.0,6.0,-3.0,-0.69,-0.69,390,True
52,Barış Alper Yılmaz,"MF,FW",tr Türkiye,26,,2000,3,2,179,2.0,1,1,2,1,0,0,0,0,0.5,0.5,1.01,0.5,1.01,2.0,1,2,1,50.0,1.01,0.5,0.5,1.0,0,0,2.0,0,0,0,4,1,2,15,0,0,,,0,3,179.0,60.0,66.3,2.0,2,67.0,0,1,45.0,0,1.0,2.0,3.0,-1.0,-0.5,0.49,179,True
53,Roberto Alvarado,"FW,MF",mx Mexico,27,,1998,5,5,428,4.8,0,3,3,0,0,0,0,0,0.0,0.63,0.63,0.0,0.63,4.8,0,5,0,0.0,1.05,0.0,0.0,,0,0,4.8,0,0,0,3,5,1,36,2,3,,,0,5,428.0,86.0,95.1,4.8,5,86.0,3,0,,0,2.4,10.0,3.0,7.0,1.47,1.47,428,True
54,Edson Álvarez,"MF,DF",mx Mexico,28,,1997,4,2,240,2.7,0,0,0,0,0,0,1,0,0.0,0.0,0.0,0.0,0.0,2.7,0,2,0,0.0,0.75,0.0,0.0,,0,0,2.7,1,0,0,5,2,0,1,3,6,,,0,4,240.0,60.0,53.3,2.7,2,90.0,2,2,30.0,1,2.25,5.0,1.0,4.0,1.5,0.21,240,True
55,Julián Álvarez,FW,ar Argentina,26,,2000,8,5,602,6.7,1,0,1,1,0,0,0,0,0.15,0.0,0.15,0.15,0.15,6.7,1,11,5,45.5,1.64,0.75,0.09,0.2,0,0,6.7,0,0,0,11,4,2,2,3,4,,,0,8,602.0,75.0,74.3,6.7,5,96.0,2,3,40.0,0,2.63,15.0,6.0,9.0,1.35,0.48,602,True
56,Ayoube Amaimouni,MF,ma Morocco,21,,2004,2,0,18,0.2,0,0,0,0,0,0,0,0,0.0,0.0,0.0,0.0,0.0,0.2,0,2,1,50.0,10.0,5.0,0.0,0.0,0,0,0.2,0,0,0,1,0,0,1,0,1,,,0,2,18.0,9.0,3.2,0.2,0,,0,2,9.0,4,2.0,0.0,0.0,0.0,0.0,-0.65,18,True
57,Zeki Amdouni,"FW,MF",ch Switzerland,25,,2000,4,0,73,0.8,0,0,0,0,0,0,0,0,0.0,0.0,0.0,0.0,0.0,0.8,0,1,0,0.0,1.23,0.0,0.0,,0,0,0.8,0,0,0,5,4,0,0,0,1,,,0,4,73.0,18.0,12.2,0.8,0,,0,4,18.0,2,1.25,0.0,3.0,-3.0,-3.7,-4.89,73,True
58,Michael Amir Murillo,"DF,MF",pa Panama,30,,1996,3,3,270,3.0,0,0,0,0,0,0,0,0,0.0,0.0,0.0,0.0,0.0,3.0,0,5,1,20.0,1.67,0.33,0.0,0.0,0,0,3.0,0,0,0,1,7,1,8,1,3,,,0,3,270.0,90.0,100.0,3.0,3,90.0,3,0,,0,0.0,0.0,4.0,-4.0,-1.33,,270,True
59,Nadiem Amiri,MF,de Germany,29,,1996,2,0,42,0.5,0,1,1,0,0,0,0,0,0.0,2.14,2.14,0.0,2.14,0.5,0,2,1,50.0,4.29,2.14,0.0,0.0,0,0,0.5,0,0,0,0,0,0,2,0,1,,,0,2,42.0,21.0,10.8,0.5,0,,0,2,21.0,2,2.0,2.0,0.0,2.0,4.29,3.25,42,True
60,Amir Al Ammari,MF,iq Iraq,28,,1997,3,3,247,2.7,0,1,1,0,0,0,2,0,0.0,0.36,0.36,0.0,0.36,2.7,0,0,0,,0.0,0.0,,,0,0,2.7,2,0,0,3,0,0,8,2,1,,,0,3,247.0,82.0,91.5,2.7,3,82.0,2,0,,0,0.0,1.0,12.0,-11.0,-4.01,-4.01,247,True
61,Azizbek Amonov,FW,uz Uzbekistan,28,,1997,1,0,14,0.2,0,0,0,0,0,0,0,0,0.0,0.0,0.0,0.0,0.0,0.2,0,1,0,0.0,6.43,0.0,0.0,,0,0,0.2,0,0,0,0,0,0,1,0,0,,,0,1,14.0,14.0,5.2,0.2,0,,0,1,14.0,2,0.0,0.0,1.0,-1.0,-6.43,-3.62,14,True
62,Mohamed Amoura,"FW,MF",dz Algeria,26,,2000,1,0,27,0.3,0,0,0,0,0,0,0,0,0.0,0.0,0.0,0.0,0.0,0.3,0,0,0,,0.0,0.0,,,0,0,0.3,0,0,0,1,0,0,0,0,0,,,0,1,27.0,27.0,7.5,0.3,0,,0,1,27.0,0,0.0,0.0,1.0,-1.0,-3.33,-2.52,27,True
63,Sofyan Amrabat,MF,ma Morocco,29,,1996,3,1,147,1.6,0,0,0,0,0,0,0,0,0.0,0.0,0.0,0.0,0.0,1.6,0,0,0,,0.0,0.0,,,0,0,1.6,0,0,0,4,2,0,0,2,1,,,0,3,147.0,49.0,25.8,1.6,1,90.0,1,2,29.0,3,2.0,6.0,3.0,3.0,1.84,1.62,147,True
64,Abdulelah Al-Amri,DF,sa Saudi Arabia,29,,1997,3,3,239,2.7,1,0,1,1,0,0,1,0,0.38,0.0,0.38,0.38,0.38,2.7,1,4,2,50.0,1.51,0.75,0.25,0.5,0,0,2.7,1,0,0,1,0,0,1,4,2,,,0,3,239.0,80.0,88.5,2.7,3,80.0,2,0,,0,0.67,1.0,5.0,-4.0,-1.51,-1.51,239,True
65,Youssef Amyn,MF,iq Iraq,22,,2003,1,0,31,0.3,0,0,0,0,0,0,0,0,0.0,0.0,0.0,0.0,0.0,0.3,0,0,0,,0.0,0.0,,,0,0,0.3,0,0,0,0,0,0,0,0,0,,,0,1,31.0,31.0,11.5,0.3,0,,0,1,31.0,2,0.0,0.0,1.0,-1.0,-2.9,0.86,31,True
66,Elliot Anderson,MF,eng England,23,,2002,8,7,632,7.0,0,1,1,0,0,0,1,0,0.0,0.14,0.14,0.0,0.14,7.0,0,7,1,14.3,1.0,0.14,0.0,0.0,0,0,7.0,1,0,0,9,13,0,8,8,18,,,0,8,632.0,79.0,84.3,7.0,7,89.0,4,1,12.0,0,2.38,16.0,9.0,7.0,1.0,0.23,632,True
67,Andrés Andrade Cedeño,DF,pa Panama,27,,1998,3,3,270,3.0,0,0,0,0,0,0,1,0,0.0,0.0,0.0,0.0,0.0,3.0,0,0,0,,0.0,0.0,,,0,0,3.0,1,0,0,4,0,0,8,3,3,,,0,3,270.0,90.0,100.0,3.0,3,90.0,3,0,,0,0.0,0.0,4.0,-4.0,-1.33,,270,True
68,Fredrik André Bjørkan,DF,no Norway,27,,1998,1,1,45,0.5,0,0,0,0,0,0,0,0,0.0,0.0,0.0,0.0,0.0,0.5,0,0,0,,0.0,0.0,,,0,0,0.5,0,0,0,0,0,0,0,2,1,,,0,1,45.0,45.0,7.9,0.5,1,45.0,0,0,,5,0.0,1.0,3.0,-2.0,-4.0,-4.69,45,True
69,Nilson Angulo,MF,ec Ecuador,22,,2003,4,2,218,2.4,1,0,1,1,0,0,0,0,0.41,0.0,0.41,0.41,0.41,2.4,1,2,2,100.0,0.83,0.83,0.5,0.5,0,0,2.4,0,0,0,4,3,0,5,2,1,,,0,4,218.0,55.0,60.6,2.4,2,81.0,0,2,28.0,0,1.0,2.0,4.0,-2.0,-0.83,-0.83,218,True
70,Waldemar Anton,"DF,MF",de Germany,29,,1996,2,0,50,0.6,0,0,0,0,0,0,0,0,0.0,0.0,0.0,0.0,0.0,0.6,0,1,1,100.0,1.8,1.8,0.0,0.0,0,0,0.6,0,0,0,3,1,1,1,2,1,,,0,2,50.0,25.0,12.8,0.6,0,,0,2,25.0,2,2.0,1.0,0.0,1.0,1.8,0.48,50,True
71,Jeremy Antonisse,"FW,MF",cw Curaçao,24,,2002,2,0,75,0.8,0,0,0,0,0,0,0,0,0.0,0.0,0.0,0.0,0.0,0.8,0,1,0,0.0,1.2,0.0,0.0,,0,0,0.8,0,0,0,0,0,0,8,0,1,,,0,2,75.0,38.0,27.8,0.8,0,,0,2,38.0,1,0.0,0.0,5.0,-5.0,-6.0,-4.62,75,True
72,Houssem Aouar,MF,dz Algeria,27,,1998,3,2,173,1.9,0,2,2,0,0,0,0,0,0.0,1.04,1.04,0.0,1.04,1.9,0,3,1,33.3,1.56,0.52,0.0,0.0,0,0,1.9,0,0,0,1,2,0,0,0,1,,,0,3,173.0,58.0,48.1,1.9,2,73.0,0,1,27.0,1,0.33,2.0,5.0,-3.0,-1.56,-1.08,173,True
73,Oswin Appollis,"MF,FW",za South Africa,24,,2001,4,3,255,2.8,0,0,0,0,0,0,0,0,0.0,0.0,0.0,0.0,0.0,2.8,0,4,1,25.0,1.41,0.35,0.0,0.0,0,0,2.8,0,0,0,1,2,0,8,1,3,,,0,4,255.0,64.0,70.8,2.8,3,80.0,2,1,14.0,0,1.0,1.0,2.0,-1.0,-0.35,0.5,255,True
74,Yazan Al-Arab,DF,jo Jordan,30,,1996,3,3,270,3.0,0,0,0,0,0,0,1,0,0.0,0.0,0.0,0.0,0.0,3.0,0,0,0,,0.0,0.0,,,0,0,3.0,1,0,0,4,0,0,0,11,1,,,1,3,270.0,90.0,100.0,3.0,3,90.0,3,0,,0,0.0,3.0,8.0,-5.0,-1.67,,270,True
75,Maxi Araújo,"FW,MF",uy Uruguay,26,,2000,3,3,250,2.8,2,1,3,2,0,0,0,0,0.72,0.36,1.08,0.72,1.08,2.8,2,4,3,75.0,1.44,1.08,0.5,0.67,0,0,2.8,0,0,0,2,7,6,18,0,0,,,0,3,250.0,83.0,92.6,2.8,3,83.0,1,0,,0,0.67,3.0,4.0,-1.0,-0.36,-0.36,250,True
76,Tomás Araújo,DF,pt Portugal,24,,2002,1,1,90,1.0,0,0,0,0,0,0,1,0,0.0,0.0,0.0,0.0,0.0,1.0,0,0,0,,0.0,0.0,,,0,0,1.0,1,0,0,1,0,0,0,1,0,,,0,1,90.0,90.0,20.0,1.0,1,90.0,1,0,,4,1.0,1.0,1.0,0.0,0.0,-1.25,90,True
77,Telmo Arcanjo,MF,cv Cabo Verde,24,,2001,2,1,57,0.6,0,0,0,0,0,0,0,0,0.0,0.0,0.0,0.0,0.0,0.6,0,0,0,,0.0,0.0,,,0,0,0.6,0,0,0,0,1,0,1,0,0,,,0,2,57.0,29.0,14.6,0.6,1,45.0,0,1,12.0,1,1.0,1.0,2.0,-1.0,-1.58,-1.58,57,True
78,Álex Arce,FW,py Paraguay,30,,1995,2,0,53,0.6,0,0,0,0,0,0,1,0,0.0,0.0,0.0,0.0,0.0,0.6,0,0,0,,0.0,0.0,,,0,0,0.6,1,0,0,1,0,0,0,0,1,,,0,2,53.0,27.0,11.0,0.6,0,,0,2,27.0,3,0.5,1.0,1.0,0.0,0.0,0.63,53,True
79,Carlens Arcus,"MF,DF",ht Haiti,29,,1996,3,2,146,1.6,0,0,0,0,0,0,1,0,0.0,0.0,0.0,0.0,0.0,1.6,0,0,0,,0.0,0.0,,,0,0,1.6,1,0,0,5,3,2,2,3,3,,,0,3,146.0,49.0,54.1,1.6,2,68.0,1,1,11.0,0,0.0,0.0,5.0,-5.0,-3.08,-2.36,146,True
80,Max Arfsten,MF,us USA,25,,2001,1,0,1,0.0,0,0,0,0,0,0,0,0,0.0,0.0,0.0,0.0,0.0,0.0,0,0,0,,0.0,0.0,,,0,0,0.0,0,0,0,0,0,0,0,0,0,,,0,1,1.0,1.0,0.2,0.0,0,,0,1,1.0,4,0.0,0.0,1.0,-1.0,-90.0,-90.8,1,True
81,Jhon Arias,MF,co Colombia,28,,1997,5,5,377,4.2,1,0,1,1,0,0,1,0,0.24,0.0,0.24,0.24,0.24,4.2,1,9,4,44.4,2.15,0.95,0.11,0.25,0,0,4.2,1,0,0,5,2,0,5,2,9,,,0,5,377.0,75.0,78.5,4.2,5,75.0,0,0,,0,2.2,4.0,1.0,3.0,0.72,-0.16,377,True
82,Santiago Arias,DF,co Colombia,34,,1992,1,1,86,1.0,0,0,0,0,0,0,0,0,0.0,0.0,0.0,0.0,0.0,1.0,0,0,0,,0.0,0.0,,,0,0,1.0,0,0,0,1,0,0,2,1,2,,,0,1,86.0,86.0,17.9,1.0,1,86.0,0,0,,4,1.0,0.0,0.0,0.0,0.0,-0.91,86,True
83,Marko Arnautović,FW,at Austria,37,,1989,4,1,144,1.6,2,0,2,1,1,1,1,0,1.25,0.0,1.25,0.62,0.62,1.6,2,3,3,100.0,1.87,1.87,0.67,0.67,1,1,1.6,1,0,0,3,1,5,0,0,0,,,0,4,144.0,36.0,40.0,1.6,1,45.0,0,3,33.0,0,1.0,3.0,5.0,-2.0,-1.25,-0.83,144,True
84,Benjamin Asare,GK,gh Ghana,33,,1992,3,2,225,2.5,0,0,0,0,0,0,0,0,0.0,0.0,0.0,0.0,0.0,2.5,0,0,0,,0.0,0.0,,,0,0,2.5,0,0,0,0,1,0,0,0,0,,,0,3,225.0,75.0,62.5,2.5,2,90.0,2,1,45.0,1,1.33,2.0,2.0,0.0,0.0,0.67,225,True
85,Emam Ashour,MF,eg Egypt,28,,1998,5,5,362,4.0,2,0,2,2,0,0,0,0,0.5,0.0,0.5,0.5,0.5,4.0,2,10,2,20.0,2.49,0.5,0.2,1.0,0,0,4.0,0,0,0,2,13,0,4,4,2,,,0,5,362.0,72.0,75.4,4.0,5,72.0,1,0,,0,1.2,7.0,4.0,3.0,0.75,2.27,362,True
86,Rustam Ashurmatov,DF,uz Uzbekistan,29,,1996,3,3,256,2.8,0,0,0,0,0,0,0,0,0.0,0.0,0.0,0.0,0.0,2.8,0,0,0,,0.0,0.0,,,0,0,2.8,0,0,0,1,0,0,0,7,2,,,0,3,256.0,85.0,94.8,2.8,3,85.0,2,0,,0,0.0,2.0,10.0,-8.0,-2.81,3.62,256,True
87,Lawrence Ati-Zigi,GK,gh Ghana,29,,1996,2,2,135,1.5,0,0,0,0,0,0,0,0,0.0,0.0,0.0,0.0,0.0,1.5,0,0,0,,0.0,0.0,,,0,0,1.5,0,0,0,0,1,0,0,0,0,,,0,2,135.0,68.0,37.5,1.5,2,68.0,1,0,,2,1.5,0.0,1.0,-1.0,-0.67,-0.67,135,True
88,Marwan Attia,MF,eg Egypt,27,,1998,5,4,434,4.8,0,1,1,0,0,0,2,0,0.0,0.21,0.21,0.0,0.21,4.8,0,4,0,0.0,0.83,0.0,0.0,,0,0,4.8,2,0,0,8,1,0,11,3,3,,,0,5,434.0,87.0,90.4,4.8,4,97.0,3,1,45.0,0,1.2,7.0,6.0,1.0,0.21,0.21,434,True
89,Fredrik Aursnes,"MF,DF",no Norway,30,,1995,6,3,304,3.4,0,0,0,0,0,0,0,0,0.0,0.0,0.0,0.0,0.0,3.4,0,2,0,0.0,0.59,0.0,0.0,,0,0,3.4,0,0,0,5,3,0,5,1,8,,,0,6,304.0,51.0,53.3,3.4,3,69.0,1,3,32.0,0,2.0,7.0,7.0,0.0,0.0,-0.68,304,True
90,Gabriel Ávalos,FW,py Paraguay,35,,1990,4,2,141,1.6,0,0,0,0,0,0,0,0,0.0,0.0,0.0,0.0,0.0,1.6,0,1,0,0.0,0.64,0.0,0.0,,0,0,1.6,0,0,0,1,2,0,0,0,2,,,0,4,141.0,35.0,29.4,1.6,2,60.0,0,2,11.0,1,1.25,1.0,1.0,0.0,0.0,0.8,141,True
91,Yasin Ayari,MF,se Sweden,22,,2003,4,4,339,3.8,2,0,2,2,0,0,1,0,0.53,0.0,0.53,0.53,0.53,3.8,2,7,3,42.9,1.86,0.8,0.29,0.67,0,0,3.8,1,0,0,4,8,0,19,3,4,,,0,4,339.0,85.0,94.2,3.8,4,85.0,2,0,,0,1.0,7.0,9.0,-2.0,-0.53,3.75,339,True
92,Oğuz Aydın,DF,tr Türkiye,25,,2000,1,1,89,1.0,0,0,0,0,0,0,0,0,0.0,0.0,0.0,0.0,0.0,1.0,0,0,0,,0.0,0.0,,,0,0,1.0,0,0,0,0,2,0,3,0,6,,,0,1,89.0,89.0,33.0,1.0,1,89.0,0,0,,2,3.0,2.0,2.0,0.0,0.0,0.99,89,True
93,Jordan Ayew,FW,gh Ghana,34,,1991,4,4,300,3.3,0,0,0,0,0,0,0,0,0.0,0.0,0.0,0.0,0.0,3.3,0,0,0,,0.0,0.0,,,0,0,3.3,0,0,0,7,7,1,10,1,3,,,0,4,300.0,75.0,83.3,3.3,4,75.0,0,0,,0,1.0,0.0,2.0,-2.0,-0.6,-2.1,300,True
94,Kaan Ayhan,"DF,MF",tr Türkiye,31,,1994,1,0,3,0.0,1,0,1,1,0,0,0,0,30.0,0.0,30.0,30.0,30.0,0.0,1,1,1,100.0,30.0,30.0,1.0,1.0,0,0,0.0,0,0,0,0,0,0,0,0,0,,,0,1,3.0,3.0,1.1,0.0,0,,0,1,3.0,2,3.0,1.0,0.0,1.0,30.0,31.01,3,True
95,Neil El Aynaoui,MF,ma Morocco,24,,2001,6,6,562,6.2,0,0,0,0,0,0,0,0,0.0,0.0,0.0,0.0,0.0,6.2,0,7,2,28.6,1.12,0.32,0.0,0.0,0,0,6.2,0,0,0,15,7,0,0,8,9,,,0,6,562.0,94.0,98.6,6.2,6,94.0,5,0,,0,1.83,9.0,6.0,3.0,0.48,-10.77,562,True
96,Ali Azaizeh,MF,jo Jordan,22,,2004,3,1,54,0.6,0,0,0,0,0,0,0,0,0.0,0.0,0.0,0.0,0.0,0.6,0,2,0,0.0,3.33,0.0,0.0,,0,0,0.6,0,0,0,1,1,0,1,0,3,,,0,3,54.0,18.0,20.0,0.6,1,45.0,0,2,5.0,0,0.0,0.0,3.0,-3.0,-5.0,-4.17,54,True
97,Juninho Bacuna,MF,cw Curaçao,28,,1997,3,3,254,2.8,0,0,0,0,0,0,2,0,0.0,0.0,0.0,0.0,0.0,2.8,0,5,1,20.0,1.77,0.35,0.0,0.0,0,0,2.8,2,0,0,6,3,0,5,5,4,,,0,3,254.0,85.0,94.1,2.8,3,85.0,2,0,,0,0.33,1.0,9.0,-8.0,-2.83,-2.83,254,True
98,Leandro Bacuna,MF,cw Curaçao,34,,1991,3,3,270,3.0,0,0,0,0,0,0,1,0,0.0,0.0,0.0,0.0,0.0,3.0,0,6,1,16.7,2.0,0.33,0.0,0.0,0,0,3.0,1,0,0,3,3,0,4,0,3,,,0,3,270.0,90.0,100.0,3.0,3,90.0,3,0,,0,0.33,1.0,9.0,-8.0,-2.67,,270,True
99,Álex Baena,"MF,FW",es Spain,24,,2001,7,7,481,5.3,1,1,2,1,0,0,1,0,0.19,0.19,0.37,0.19,0.37,5.3,1,12,5,41.7,2.25,0.94,0.08,0.2,0,0,5.3,1,0,0,13,7,2,41,2,5,,,0,7,481.0,69.0,64.1,5.3,7,69.0,0,0,,1,3.0,10.0,1.0,9.0,1.68,0.35,481,True
100,Esmir Bajraktarevic,MF,ba Bosnia–Herz,21,,2005,4,2,230,2.6,0,0,0,0,0,0,0,0,0.0,0.0,0.0,0.0,0.0,2.6,0,3,2,66.7,1.17,0.78,0.0,0.0,0,0,2.6,0,0,0,1,2,0,8,3,0,,,0,4,230.0,58.0,63.9,2.6,2,82.0,1,2,34.0,0,1.0,5.0,6.0,-1.0,-0.39,0.99,230,True
101,Cédric Bakambu,FW,cd Congo DR,35,,1991,3,3,190,2.1,0,0,0,0,0,0,0,0,0.0,0.0,0.0,0.0,0.0,2.1,0,3,0,0.0,1.42,0.0,0.0,,0,0,2.1,0,0,0,2,1,4,1,0,0,,,0,3,190.0,63.0,52.8,2.1,3,63.0,0,0,,1,1.33,1.0,2.0,-1.0,-0.47,-1.0,190,True
102,Fabián Balbuena,DF,py Paraguay,34,,1991,1,0,1,0.0,0,0,0,0,0,0,0,0,0.0,0.0,0.0,0.0,0.0,0.0,0,0,0,,0.0,0.0,,,0,0,0.0,0,0,0,0,0,0,0,0,0,,,0,1,1.0,1.0,0.2,0.0,0,,0,1,1.0,4,1.0,0.0,0.0,0.0,0.0,0.56,1,True
103,Folarin Balogun,FW,us USA,24,,2001,4,4,312,3.5,3,0,3,3,0,0,1,1,0.87,0.0,0.87,0.87,0.87,3.5,3,14,5,35.7,4.04,1.44,0.21,0.6,0,0,3.5,1,1,0,3,8,3,0,1,0,,,0,4,312.0,78.0,69.3,3.5,4,78.0,0,0,,1,2.25,7.0,3.0,4.0,1.15,1.81,312,True
104,Simon Banza,"FW,MF",cd Congo DR,29,,1996,2,0,40,0.4,0,0,0,0,0,0,0,0,0.0,0.0,0.0,0.0,0.0,0.4,0,0,0,,0.0,0.0,,,0,0,0.4,0,0,0,1,0,0,0,0,1,,,0,2,40.0,20.0,11.1,0.4,0,,0,2,20.0,2,0.5,0.0,1.0,-1.0,-2.25,-2.53,40,True
105,Yoel Bárcenas,MF,pa Panama,32,,1993,3,3,249,2.8,0,0,0,0,0,0,1,0,0.0,0.0,0.0,0.0,0.0,2.8,0,2,0,0.0,0.72,0.0,0.0,,0,0,2.8,1,0,0,3,3,0,7,2,0,,,0,3,249.0,83.0,92.2,2.8,3,83.0,1,0,,0,0.0,0.0,4.0,-4.0,-1.45,-1.45,249,True
106,Valentín Barco,"DF,MF",ar Argentina,21,,2004,1,0,20,0.2,0,0,0,0,0,0,0,0,0.0,0.0,0.0,0.0,0.0,0.2,0,0,0,,0.0,0.0,,,0,0,0.2,0,0,0,0,1,0,0,0,0,,,0,1,20.0,20.0,2.5,0.2,0,,0,1,20.0,7,3.0,1.0,0.0,1.0,4.5,3.36,20,True
107,Bradley Barcola,MF,fr France,23,,2002,8,4,384,4.3,3,1,4,3,0,0,1,0,0.7,0.23,0.94,0.7,0.94,4.3,3,10,5,50.0,2.34,1.17,0.3,0.6,0,0,4.3,1,0,0,5,1,1,3,1,4,,,0,8,384.0,48.0,53.3,4.3,4,72.0,1,4,24.0,0,2.25,13.0,4.0,9.0,2.11,1.84,384,True
108,Abdülkerim Bardakcı,DF,tr Türkiye,31,,1994,3,3,265,2.9,0,0,0,0,0,0,0,0,0.0,0.0,0.0,0.0,0.0,2.9,0,3,1,33.3,1.02,0.34,0.0,0.0,0,0,2.9,0,0,0,1,3,0,7,2,5,,,0,3,265.0,88.0,98.1,2.9,3,88.0,2,0,,0,1.0,3.0,5.0,-2.0,-0.68,-0.68,265,True
109,Ivan Bašić,MF,ba Bosnia–Herz,24,,2002,3,2,179,2.0,0,1,1,0,0,0,0,0,0.0,0.5,0.5,0.0,0.5,2.0,0,4,0,0.0,2.01,0.0,0.0,,0,0,2.0,0,0,0,2,3,0,12,3,1,,,0,3,179.0,60.0,49.7,2.0,2,76.0,1,1,28.0,1,1.33,5.0,5.0,0.0,0.0,1.49,179,True
110,Ahmed Basil,GK,iq Iraq,29,,1996,2,2,135,1.5,0,0,0,0,0,0,0,0,0.0,0.0,0.0,0.0,0.0,1.5,0,0,0,,0.0,0.0,,,0,0,1.5,0,0,0,0,1,0,0,0,0,,,0,2,135.0,68.0,50.0,1.5,2,68.0,1,0,,1,0.0,0.0,4.0,-4.0,-2.67,2.0,135,True
111,Martin Baturina,"MF,FW",hr Croatia,23,,2003,4,4,321,3.6,1,0,1,1,0,0,0,0,0.28,0.0,0.28,0.28,0.28,3.6,1,3,1,33.3,0.84,0.28,0.33,1.0,0,0,3.6,0,0,0,1,14,0,8,1,2,,,0,4,321.0,80.0,89.2,3.6,4,80.0,1,0,,0,1.5,6.0,5.0,1.0,0.28,4.9,321,True
112,Ibrahim Bayesh,"MF,FW",iq Iraq,26,,2000,3,3,235,2.6,0,0,0,0,0,0,0,0,0.0,0.0,0.0,0.0,0.0,2.6,0,1,0,0.0,0.38,0.0,0.0,,0,0,2.6,0,0,0,3,5,0,4,1,4,,,0,3,235.0,78.0,87.0,2.6,3,78.0,1,0,,0,0.0,1.0,11.0,-10.0,-3.83,-1.26,235,True
113,Samed Baždar,FW,ba Bosnia–Herz,22,,2004,1,0,29,0.3,0,0,0,0,0,0,0,0,0.0,0.0,0.0,0.0,0.0,0.3,0,0,0,,0.0,0.0,,,0,0,0.3,0,0,0,1,1,0,0,0,0,,,0,1,29.0,29.0,8.1,0.3,0,,0,1,29.0,3,1.0,0.0,1.0,-1.0,-3.1,-2.56,29,True
114,Riechedly Bazoer,DF,cw Curaçao,29,,1996,1,1,90,1.0,0,0,0,0,0,0,0,0,0.0,0.0,0.0,0.0,0.0,1.0,0,0,0,,0.0,0.0,,,0,0,1.0,0,0,0,2,0,0,0,1,1,,,0,1,90.0,90.0,33.3,1.0,1,90.0,1,0,,2,0.0,1.0,7.0,-6.0,-6.0,-5.0,90,True
115,Patrick Beach,GK,au Australia,22,,2003,4,4,388,4.3,0,0,0,0,0,0,0,0,0.0,0.0,0.0,0.0,0.0,4.3,0,0,0,,0.0,0.0,,,0,0,4.3,0,0,0,0,0,0,0,0,0,,,0,4,388.0,97.0,99.5,4.3,4,97.0,3,0,,0,1.25,3.0,3.0,0.0,0.0,0.0,388,True
116,Aziz Behich,MF,au Australia,35,,1990,3,2,217,2.4,0,0,0,0,0,0,0,0,0.0,0.0,0.0,0.0,0.0,2.4,0,1,1,100.0,0.41,0.41,0.0,0.0,0,0,2.4,0,0,0,1,4,0,6,1,4,,,0,3,217.0,72.0,55.6,2.4,2,105.0,2,1,7.0,1,1.67,1.0,1.0,0.0,0.0,0.0,217,True
117,Maximilian Beier,"FW,MF",de Germany,23,,2002,1,0,27,0.3,0,0,0,0,0,0,0,0,0.0,0.0,0.0,0.0,0.0,0.3,0,0,0,,0.0,0.0,,,0,0,0.3,0,0,0,1,1,0,0,0,0,,,0,1,27.0,27.0,6.9,0.3,0,,0,1,27.0,3,0.0,0.0,1.0,-1.0,-3.33,-5.07,27,True
118,Alireza Beiranvand,GK,ir IR Iran,33,,1992,3,3,270,3.0,0,0,0,0,0,0,0,0,0.0,0.0,0.0,0.0,0.0,3.0,0,0,0,,0.0,0.0,,,0,0,3.0,0,0,0,0,1,0,0,0,0,,,0,3,270.0,90.0,100.0,3.0,3,90.0,3,0,,0,1.0,3.0,3.0,0.0,0.0,,270,True
119,Zineddine Belaïd,DF,dz Algeria,27,,1999,2,0,25,0.3,0,0,0,0,0,0,0,0,0.0,0.0,0.0,0.0,0.0,0.3,0,0,0,,0.0,0.0,,,0,0,0.3,0,0,0,0,0,1,0,0,0,,,0,2,25.0,13.0,6.9,0.3,0,,0,2,13.0,2,2.0,1.0,1.0,0.0,0.0,1.07,25,True
120,Rafik Belghali,DF,dz Algeria,24,,2002,4,4,331,3.7,1,0,1,1,0,0,0,0,0.27,0.0,0.27,0.27,0.27,3.7,1,3,1,33.3,0.82,0.27,0.33,1.0,0,0,3.7,0,0,0,4,2,0,4,1,3,,,0,4,331.0,83.0,91.9,3.7,4,83.0,2,0,,0,1.0,4.0,8.0,-4.0,-1.09,-1.09,331,True
121,Joe Bell,MF,nz New Zealand,27,,1999,3,3,243,2.7,0,0,0,0,0,0,0,0,0.0,0.0,0.0,0.0,0.0,2.7,0,1,0,0.0,0.37,0.0,0.0,,0,0,2.7,0,0,0,3,0,0,0,4,2,,,0,3,243.0,81.0,90.0,2.7,3,81.0,2,0,,0,0.33,3.0,7.0,-4.0,-1.48,5.19,243,True
122,Jean-Ricner Bellegarde,MF,ht Haiti,27,,1998,3,3,260,2.9,0,0,0,0,0,0,1,0,0.0,0.0,0.0,0.0,0.0,2.9,0,6,0,0.0,2.08,0.0,0.0,,0,0,2.9,1,0,0,4,5,0,10,3,2,,,0,3,260.0,87.0,96.3,2.9,3,87.0,2,0,,0,0.0,2.0,8.0,-6.0,-2.08,-2.08,260,True
123,Jude Bellingham,MF,eng England,22,,2003,8,7,614,6.8,7,1,8,7,0,0,1,0,1.03,0.15,1.17,1.03,1.17,6.8,7,19,13,68.4,2.79,1.91,0.37,0.54,0,0,6.8,1,0,0,9,17,1,8,3,10,,,0,8,614.0,77.0,81.9,6.8,7,86.0,3,1,12.0,0,2.38,15.0,9.0,6.0,0.88,-0.44,614,True
124,Mortadha Ben Ouanes,"DF,MF",tn Tunisia,31,,1994,1,0,23,0.3,0,0,0,0,0,0,0,0,0.0,0.0,0.0,0.0,0.0,0.3,0,0,0,,0.0,0.0,,,0,0,0.3,0,0,0,0,1,0,0,0,0,,,0,1,23.0,23.0,8.5,0.3,0,,0,1,23.0,2,0.0,0.0,0.0,0.0,0.0,3.64,23,True
125,Anis Ben Slimane,"MF,FW",tn Tunisia,25,,2001,3,3,240,2.7,0,0,0,0,0,0,0,0,0.0,0.0,0.0,0.0,0.0,2.7,0,1,1,100.0,0.37,0.37,0.0,0.0,0,0,2.7,0,0,0,0,0,2,6,2,2,,,0,3,240.0,80.0,88.9,2.7,3,80.0,1,0,,0,0.0,2.0,11.0,-9.0,-3.38,-0.38,240,True
126,Oussama Benbot,GK,dz Algeria,31,,1994,1,1,90,1.0,0,0,0,0,0,0,0,0,0.0,0.0,0.0,0.0,0.0,1.0,0,0,0,,0.0,0.0,,,0,0,1.0,0,0,0,0,1,0,0,0,0,,,0,1,90.0,90.0,25.0,1.0,1,90.0,1,0,,3,1.0,3.0,3.0,0.0,0.0,1.33,90,True
127,Nadhir Benbouali,FW,dz Algeria,26,,2000,1,0,45,0.5,1,0,1,1,0,0,0,0,2.0,0.0,2.0,2.0,2.0,0.5,1,2,2,100.0,4.0,4.0,0.5,0.5,0,0,0.5,0,0,0,0,0,0,0,0,1,,,0,1,45.0,45.0,12.5,0.5,0,,0,1,45.0,2,3.0,2.0,0.0,2.0,4.0,5.71,45,True
128,Gilson Benchimol,FW,cv Cabo Verde,24,,2001,2,1,78,0.9,0,0,0,0,0,0,0,0,0.0,0.0,0.0,0.0,0.0,0.9,0,0,0,,0.0,0.0,,,0,0,0.9,0,0,0,0,1,0,0,0,0,,,0,2,78.0,39.0,20.0,0.9,1,57.0,0,1,21.0,2,0.5,2.0,3.0,-1.0,-1.15,-1.15,78,True
129,Ramy Bensebaini,DF,dz Algeria,31,,1995,4,4,360,4.0,0,0,0,0,0,0,0,0,0.0,0.0,0.0,0.0,0.0,4.0,0,2,0,0.0,0.5,0.0,0.0,,0,0,4.0,0,0,0,1,5,0,0,7,6,,,0,4,360.0,90.0,100.0,4.0,4,90.0,4,0,,0,1.0,5.0,9.0,-4.0,-1.0,,360,True
130,Nabil Bentaleb,MF,dz Algeria,31,,1994,4,3,285,3.2,0,0,0,0,0,0,0,0,0.0,0.0,0.0,0.0,0.0,3.2,0,1,0,0.0,0.32,0.0,0.0,,0,0,3.2,0,0,0,2,3,0,3,3,4,,,0,4,285.0,71.0,79.2,3.2,3,80.0,1,1,45.0,0,1.0,5.0,8.0,-3.0,-0.95,0.25,285,True
131,Rodrigo Bentancur,MF,uy Uruguay,28,,1997,3,3,270,3.0,0,0,0,0,0,0,1,0,0.0,0.0,0.0,0.0,0.0,3.0,0,4,0,0.0,1.33,0.0,0.0,,0,0,3.0,1,0,0,7,5,0,4,7,5,,,0,3,270.0,90.0,100.0,3.0,3,90.0,3,0,,0,0.67,3.0,4.0,-1.0,-0.33,,270,True
132,Patrick Berg,MF,no Norway,28,,1997,6,4,445,4.9,0,2,2,0,0,0,1,0,0.0,0.4,0.4,0.0,0.4,4.9,0,3,0,0.0,0.61,0.0,0.0,,0,0,4.9,1,0,0,4,2,0,11,2,7,,,0,6,445.0,74.0,78.1,4.9,4,98.0,4,2,28.0,0,2.0,9.0,10.0,-1.0,-0.2,-2.36,445,True
133,Sander Berge,MF,no Norway,28,,1998,5,5,480,5.3,0,0,0,0,0,0,0,0,0.0,0.0,0.0,0.0,0.0,5.3,0,0,0,,0.0,0.0,,,0,0,5.3,0,0,0,6,2,0,1,9,4,,,0,5,480.0,96.0,84.2,5.3,5,96.0,5,0,,1,2.4,12.0,7.0,5.0,0.94,3.94,480,True
134,Lucas Bergvall,MF,se Sweden,20,,2006,4,1,181,2.0,0,1,1,0,0,0,1,0,0.0,0.5,0.5,0.0,0.5,2.0,0,2,0,0.0,0.99,0.0,0.0,,0,0,2.0,1,0,0,7,4,0,3,2,2,,,0,4,181.0,45.0,50.3,2.0,1,65.0,0,3,39.0,0,1.0,4.0,4.0,0.0,0.0,1.51,181,True
135,Sebastian Berhalter,MF,us USA,25,,2001,5,1,187,2.1,1,1,2,1,0,0,1,0,0.48,0.48,0.96,0.48,0.96,2.1,1,3,1,33.3,1.44,0.48,0.33,1.0,0,0,2.1,1,0,0,5,6,0,11,3,0,,,0,5,187.0,37.0,41.6,2.1,1,90.0,1,4,24.0,0,1.8,3.0,5.0,-2.0,-0.96,-2.67,187,True
136,Alexander Bernhardsson,MF,se Sweden,27,,1998,3,3,217,2.4,0,0,0,0,0,0,0,0,0.0,0.0,0.0,0.0,0.0,2.4,0,1,1,100.0,0.41,0.41,0.0,0.0,0,0,2.4,0,0,0,2,4,0,3,2,2,,,0,3,217.0,72.0,60.3,2.4,3,72.0,0,0,,1,1.33,5.0,6.0,-1.0,-0.41,0.84,217,True
137,Tyler Bindon,DF,nz New Zealand,21,,2005,3,1,97,1.1,0,0,0,0,0,0,0,0,0.0,0.0,0.0,0.0,0.0,1.1,0,2,1,50.0,1.86,0.93,0.0,0.0,0,0,1.1,0,0,0,2,1,0,2,1,2,,,0,3,97.0,32.0,35.9,1.1,1,90.0,1,2,4.0,0,0.33,1.0,5.0,-4.0,-3.71,-2.67,97,True
138,César Blackman,"MF,DF",pa Panama,28,,1998,2,2,178,2.0,0,0,0,0,0,0,1,0,0.0,0.0,0.0,0.0,0.0,2.0,0,2,1,50.0,1.01,0.51,0.0,0.0,0,0,2.0,1,0,0,2,2,1,0,1,0,,,0,2,178.0,89.0,65.9,2.0,2,89.0,0,0,,1,0.0,0.0,1.0,-1.0,-0.51,2.43,178,True
139,Damián Bobadilla,MF,py Paraguay,24,,2001,4,2,189,2.1,0,0,0,0,0,0,0,0,0.0,0.0,0.0,0.0,0.0,2.1,0,0,0,,0.0,0.0,,,0,0,2.1,0,0,0,1,1,0,1,5,3,,,1,4,189.0,47.0,39.4,2.1,2,72.0,0,2,23.0,1,1.25,1.0,4.0,-3.0,-1.43,-1.43,189,True
140,Oscar Bobb,FW,no Norway,22,,2003,6,1,225,2.5,0,0,0,0,0,0,0,0,0.0,0.0,0.0,0.0,0.0,2.5,0,4,2,50.0,1.6,0.8,0.0,0.0,0,0,2.5,0,0,0,1,4,0,2,3,3,,,0,6,225.0,38.0,39.5,2.5,1,82.0,0,5,29.0,0,2.0,6.0,7.0,-1.0,-0.4,-1.18,225,True
141,Moïse Bombito,DF,ca Canada,26,,2000,3,2,193,2.1,0,0,0,0,0,0,0,0,0.0,0.0,0.0,0.0,0.0,2.1,0,1,1,100.0,0.47,0.47,0.0,0.0,0,0,2.1,0,0,0,2,0,0,0,1,0,,,0,3,193.0,64.0,42.9,2.1,2,74.0,1,1,45.0,2,2.0,3.0,3.0,0.0,0.0,-1.05,193,True
142,Theo Bongonda,"FW,MF",cd Congo DR,30,,1995,2,0,34,0.4,0,0,0,0,0,0,0,0,0.0,0.0,0.0,0.0,0.0,0.4,0,1,0,0.0,2.65,0.0,0.0,,0,0,0.4,0,0,0,0,1,0,2,1,0,,,0,2,34.0,17.0,9.4,0.4,0,,0,2,17.0,2,1.5,2.0,1.0,1.0,2.65,2.92,34,True
143,Ange-Yoan Bonny,FW,ci Côte d'Ivoire,22,,2003,4,3,234,2.6,0,0,0,0,0,0,0,0,0.0,0.0,0.0,0.0,0.0,2.6,0,1,1,100.0,0.38,0.38,0.0,0.0,0,0,2.6,0,0,0,1,3,1,1,1,2,,,0,4,234.0,59.0,65.0,2.6,3,66.0,0,1,35.0,0,1.5,4.0,2.0,2.0,0.77,1.48,234,True
144,Jordy Bos,"MF,DF",au Australia,23,,2002,4,4,308,3.4,0,0,0,0,0,0,1,0,0.0,0.0,0.0,0.0,0.0,3.4,0,5,2,40.0,1.46,0.58,0.0,0.0,0,0,3.4,1,0,0,4,4,0,8,3,3,,,0,4,308.0,77.0,79.0,3.4,4,77.0,2,0,,0,1.25,2.0,3.0,-1.0,-0.29,-1.39,308,True
145,Ayyoub Bouaddi,MF,ma Morocco,18,,2007,5,5,381,4.2,0,0,0,0,0,0,0,0,0.0,0.0,0.0,0.0,0.0,4.2,0,3,0,0.0,0.71,0.0,0.0,,0,0,4.2,0,0,0,3,6,0,0,1,3,,,0,5,381.0,76.0,66.8,4.2,5,76.0,2,0,,1,1.6,3.0,3.0,0.0,0.0,-1.9,381,True
146,Hicham Boudaoui,MF,dz Algeria,26,,1999,3,2,128,1.4,0,0,0,0,0,0,1,0,0.0,0.0,0.0,0.0,0.0,1.4,0,0,0,,0.0,0.0,,,0,0,1.4,1,0,0,4,1,0,1,2,1,,,0,3,128.0,43.0,35.6,1.4,2,54.0,0,1,20.0,1,1.0,0.0,3.0,-3.0,-2.11,-1.72,128,True
147,Karim Boudiaf,MF,qa Qatar,35,,1990,2,1,102,1.1,0,0,0,0,0,0,0,0,0.0,0.0,0.0,0.0,0.0,1.1,0,1,0,0.0,0.88,0.0,0.0,,0,0,1.1,0,0,0,0,2,0,0,0,0,,,0,2,102.0,51.0,37.8,1.1,1,71.0,0,1,31.0,1,0.5,2.0,2.0,0.0,0.0,4.29,102,True
148,Adil Boulbina,FW,dz Algeria,23,,2003,2,0,19,0.2,0,0,0,0,0,0,0,0,0.0,0.0,0.0,0.0,0.0,0.2,0,0,0,,0.0,0.0,,,0,0,0.2,0,0,0,0,0,1,0,0,0,,,0,2,19.0,10.0,5.3,0.2,0,,0,2,10.0,2,0.0,0.0,0.0,0.0,0.0,1.06,19,True
149,Yassine Bounou,GK,ma Morocco,35,,1991,6,6,570,6.3,0,0,0,0,0,0,0,0,0.0,0.0,0.0,0.0,0.0,6.3,0,0,0,,0.0,0.0,,,0,0,6.3,0,0,0,0,4,0,0,0,0,,,1,6,570.0,95.0,100.0,6.3,6,95.0,6,0,,0,1.83,10.0,6.0,4.0,0.63,,570,True
150,Nawaf Boushal,DF,sa Saudi Arabia,26,,1999,2,1,91,1.0,0,0,0,0,0,0,0,0,0.0,0.0,0.0,0.0,0.0,1.0,0,0,0,,0.0,0.0,,,0,0,1.0,0,0,0,1,1,0,0,1,0,,,0,2,91.0,46.0,33.7,1.0,1,81.0,0,1,10.0,1,1.0,0.0,0.0,0.0,0.0,2.01,91,True
151,Michael Boxall,DF,nz New Zealand,37,,1988,3,2,207,2.3,0,0,0,0,0,0,0,0,0.0,0.0,0.0,0.0,0.0,2.3,0,0,0,,0.0,0.0,,,0,0,2.3,0,0,0,2,2,0,1,2,1,,,0,3,207.0,69.0,76.7,2.3,2,90.0,2,1,27.0,0,0.33,4.0,8.0,-4.0,-1.74,1.12,207,True
152,Sultan Al-Brake,DF,qa Qatar,30,,1996,2,1,141,1.6,0,0,0,0,0,0,0,0,0.0,0.0,0.0,0.0,0.0,1.6,0,0,0,,0.0,0.0,,,0,0,1.6,0,0,0,2,0,0,5,2,1,,,0,2,141.0,71.0,52.2,1.6,1,90.0,1,1,51.0,1,0.0,1.0,7.0,-6.0,-3.83,-2.43,141,True
153,Joshua Brenet,DF,cw Curaçao,32,,1994,2,2,179,2.0,0,0,0,0,0,0,0,0,0.0,0.0,0.0,0.0,0.0,2.0,0,0,0,,0.0,0.0,,,0,0,2.0,0,0,0,0,1,1,0,1,4,,,0,2,179.0,90.0,66.3,2.0,2,90.0,1,0,,1,0.5,0.0,2.0,-2.0,-1.01,4.93,179,True
154,Brian Brobbey,FW,nl Netherlands,24,,2002,4,3,223,2.5,3,0,3,3,0,0,0,0,1.21,0.0,1.21,1.21,1.21,2.5,3,4,3,75.0,1.61,1.21,0.75,1.0,0,0,2.5,0,0,0,4,3,2,1,0,1,,,0,4,223.0,56.0,57.2,2.5,3,72.0,0,1,6.0,0,2.0,7.0,3.0,4.0,1.61,0.54,223,True
155,Dylan Bronn,DF,tn Tunisia,30,,1995,1,1,45,0.5,0,0,0,0,0,0,0,0,0.0,0.0,0.0,0.0,0.0,0.5,0,0,0,,0.0,0.0,,,0,0,0.5,0,0,0,1,0,0,0,1,0,,,0,1,45.0,45.0,16.7,0.5,1,45.0,0,0,,2,0.0,0.0,2.0,-2.0,-4.0,-0.8,45,True
156,Nathaniel Brown,DF,de Germany,22,,2003,3,3,282,3.1,1,1,2,1,0,0,0,0,0.32,0.32,0.64,0.32,0.64,3.1,1,3,2,66.7,0.96,0.64,0.33,0.5,0,0,3.1,0,0,0,4,1,0,17,2,6,,,0,3,282.0,94.0,72.3,3.1,3,94.0,2,0,,0,2.33,8.0,3.0,5.0,1.6,0.76,282,True
157,Tajon Buchanan,MF,ca Canada,27,,1999,5,5,376,4.2,0,0,0,0,0,0,0,0,0.0,0.0,0.0,0.0,0.0,4.2,0,6,3,50.0,1.44,0.72,0.0,0.0,0,0,4.2,0,0,0,5,8,2,16,1,5,,,0,5,376.0,75.0,83.6,4.2,5,75.0,0,0,,0,1.4,5.0,5.0,0.0,0.0,-3.65,376,True
158,Ante Budimir,FW,hr Croatia,34,,1991,3,2,155,1.7,1,0,1,1,0,0,0,0,0.58,0.0,0.58,0.58,0.58,1.7,1,3,1,33.3,1.74,0.58,0.33,1.0,0,0,1.7,0,0,0,6,4,0,0,0,1,,,0,3,155.0,52.0,43.1,1.7,2,55.0,0,1,45.0,1,2.0,2.0,0.0,2.0,1.16,2.48,155,True
159,Firas Al-Buraikan,FW,sa Saudi Arabia,26,,2000,3,3,238,2.6,0,0,0,0,0,0,1,0,0.0,0.0,0.0,0.0,0.0,2.6,0,0,0,,0.0,0.0,,,0,0,2.6,1,0,0,2,3,0,0,1,0,,,0,3,238.0,79.0,88.1,2.6,3,79.0,1,0,,0,0.67,1.0,5.0,-4.0,-1.51,-1.51,238,True
160,Cameron Burgess,DF,au Australia,30,,1995,2,2,135,1.5,0,0,0,0,0,0,0,0,0.0,0.0,0.0,0.0,0.0,1.5,0,0,0,,0.0,0.0,,,0,0,1.5,0,0,0,0,0,0,0,1,1,,,1,2,135.0,68.0,34.6,1.5,2,68.0,1,0,,2,1.5,2.0,2.0,0.0,0.0,0.0,135,True
161,Dan Burn,DF,eng England,34,,1992,3,0,35,0.4,0,0,0,0,0,0,0,0,0.0,0.0,0.0,0.0,0.0,0.4,0,0,0,,0.0,0.0,,,0,0,0.4,0,0,0,1,0,0,0,0,0,,,0,3,35.0,12.0,4.7,0.4,0,,0,3,12.0,5,2.0,0.0,2.0,-2.0,-5.14,-6.4,35,True
162,Dženis Burnić,MF,ba Bosnia–Herz,28,,1998,2,0,16,0.2,0,0,0,0,0,0,0,0,0.0,0.0,0.0,0.0,0.0,0.2,0,1,0,0.0,5.63,0.0,0.0,,0,0,0.2,0,0,0,0,0,0,0,0,0,,,0,2,16.0,8.0,4.4,0.2,0,,0,2,8.0,2,2.0,0.0,0.0,0.0,0.0,0.78,16,True
163,Gustavo Caballero,"FW,MF",py Paraguay,24,,2001,2,0,96,1.1,0,0,0,0,0,0,0,0,0.0,0.0,0.0,0.0,0.0,1.1,0,1,1,100.0,0.94,0.94,0.0,0.0,0,0,1.1,0,0,0,2,2,1,0,0,2,,,0,2,96.0,48.0,20.0,1.1,0,,0,2,48.0,3,0.5,0.0,1.0,-1.0,-0.94,-0.47,96,True
164,Jovane Cabral,FW,cv Cabo Verde,28,,1998,2,2,139,1.5,0,0,0,0,0,0,0,0,0.0,0.0,0.0,0.0,0.0,1.5,0,2,0,0.0,1.29,0.0,0.0,,0,0,1.5,0,0,0,1,2,0,1,1,3,,,0,2,139.0,70.0,35.6,1.5,2,70.0,0,0,,2,0.5,1.0,1.0,0.0,0.0,0.36,139,True
165,Liberato Cacace,DF,nz New Zealand,25,,2000,3,3,220,2.4,0,0,0,0,0,0,0,0,0.0,0.0,0.0,0.0,0.0,2.4,0,1,1,100.0,0.41,0.41,0.0,0.0,0,0,2.4,0,0,0,1,5,0,8,3,2,,,0,3,220.0,73.0,81.5,2.4,3,73.0,0,0,,0,0.33,3.0,7.0,-4.0,-1.64,1.96,220,True
166,Juan Cáceres,DF,py Paraguay,26,,2000,5,5,436,4.8,0,0,0,0,0,0,1,0,0.0,0.0,0.0,0.0,0.0,4.8,0,2,1,50.0,0.41,0.21,0.0,0.0,0,0,4.8,1,0,0,9,6,0,10,5,11,,,0,5,436.0,87.0,90.8,4.8,5,87.0,2,0,,0,1.0,3.0,5.0,-2.0,-0.41,1.63,436,True
167,Sebastián Cáceres,DF,uy Uruguay,26,,1999,3,3,270,3.0,0,0,0,0,0,0,0,0,0.0,0.0,0.0,0.0,0.0,3.0,0,3,0,0.0,1.0,0.0,0.0,,0,0,3.0,0,0,0,2,2,0,1,2,1,,,0,3,270.0,90.0,100.0,3.0,3,90.0,3,0,,0,0.67,3.0,4.0,-1.0,-0.33,,270,True
168,Jordy Caicedo,FW,ec Ecuador,28,,1997,3,0,20,0.2,0,0,0,0,0,0,0,0,0.0,0.0,0.0,0.0,0.0,0.2,0,1,0,0.0,4.5,0.0,0.0,,0,0,0.2,0,0,0,2,0,0,0,0,0,,,0,3,20.0,7.0,5.6,0.2,0,,0,3,7.0,1,1.33,0.0,0.0,0.0,0.0,0.53,20,True
169,Moisés Caicedo,MF,ec Ecuador,24,,2001,4,4,360,4.0,0,0,0,0,0,0,1,0,0.0,0.0,0.0,0.0,0.0,4.0,0,4,1,25.0,1.0,0.25,0.0,0.0,0,0,4.0,1,0,0,5,4,0,17,4,6,,,0,4,360.0,90.0,100.0,4.0,4,90.0,4,0,,0,1.0,2.0,4.0,-2.0,-0.5,,360,True
170,Uğurcan Çakır,GK,tr Türkiye,30,,1996,3,3,270,3.0,0,0,0,0,0,0,0,0,0.0,0.0,0.0,0.0,0.0,3.0,0,0,0,,0.0,0.0,,,0,0,3.0,0,0,0,0,0,0,0,0,0,,,0,3,270.0,90.0,100.0,3.0,3,90.0,3,0,,0,1.0,3.0,5.0,-2.0,-0.67,,270,True
171,Hakan Çalhanoğlu,MF,tr Türkiye,32,,1994,2,2,180,2.0,0,0,0,0,0,0,0,0,0.0,0.0,0.0,0.0,0.0,2.0,0,11,2,18.2,5.5,1.0,0.0,0.0,0,0,2.0,0,0,0,2,1,0,10,1,3,,,0,2,180.0,90.0,66.7,2.0,2,90.0,2,0,,1,0.0,0.0,3.0,-3.0,-1.5,-2.5,180,True
172,Lamine Camara,MF,sn Senegal,22,,2004,4,3,248,2.8,0,1,1,0,0,0,1,0,0.0,0.36,0.36,0.0,0.36,2.8,0,3,0,0.0,1.09,0.0,0.0,,0,0,2.8,1,0,0,5,3,0,7,2,1,,,0,4,248.0,62.0,63.6,2.8,3,64.0,0,1,55.0,0,0.75,3.0,7.0,-4.0,-1.45,-4.62,248,True
173,Jaminton Campaz,"FW,MF",co Colombia,26,,2000,3,0,75,0.8,1,0,1,1,0,0,0,0,1.2,0.0,1.2,1.2,1.2,0.8,1,6,3,50.0,7.2,3.6,0.17,0.33,0,0,0.8,0,0,0,2,3,2,2,0,1,,,0,3,75.0,25.0,15.6,0.8,0,,0,3,25.0,2,2.33,1.0,0.0,1.0,1.2,0.53,75,True
174,İrfan Can Kahveci,MF,tr Türkiye,30,,1995,1,0,1,0.0,0,0,0,0,0,0,0,0,0.0,0.0,0.0,0.0,0.0,0.0,0,0,0,,0.0,0.0,,,0,0,0.0,0,0,0,0,0,0,0,0,1,,,0,1,1.0,1.0,0.4,0.0,0,,0,1,1.0,2,3.0,1.0,0.0,1.0,90.0,91.0,1,True
175,José Canale,DF,py Paraguay,29,,1996,4,1,161,1.8,0,0,0,0,0,0,0,0,0.0,0.0,0.0,0.0,0.0,1.8,0,0,0,,0.0,0.0,,,0,0,1.8,0,0,0,1,2,0,1,1,6,,,0,4,161.0,40.0,33.5,1.8,1,120.0,1,3,14.0,1,1.25,1.0,2.0,-1.0,-0.56,0.01,161,True
176,João Cancelo,DF,pt Portugal,32,,1994,5,5,312,3.5,0,1,1,0,0,0,0,0,0.0,0.29,0.29,0.0,0.29,3.5,0,3,0,0.0,0.87,0.0,0.0,,0,0,3.5,0,0,0,6,2,1,17,5,4,,,0,5,312.0,62.0,69.3,3.5,5,62.0,1,0,,0,1.6,4.0,2.0,2.0,0.58,-1.38,312,True
177,Agustín Canobbio,FW,uy Uruguay,27,,1998,3,2,224,2.5,1,0,1,1,0,0,0,1,0.4,0.0,0.4,0.4,0.4,2.5,1,4,1,25.0,1.61,0.4,0.25,1.0,0,0,2.5,0,1,0,7,5,1,8,2,3,,,0,3,224.0,75.0,83.0,2.5,2,90.0,1,1,45.0,0,0.67,3.0,3.0,0.0,0.0,1.96,224,True
178,Casemiro,MF,br Brazil,34,,1992,5,5,379,4.2,1,0,1,1,0,0,2,0,0.24,0.0,0.24,0.24,0.24,4.2,1,4,2,50.0,0.95,0.47,0.25,0.5,0,0,4.2,2,0,0,6,6,0,5,6,5,,,0,5,379.0,76.0,84.2,4.2,5,76.0,2,0,,0,2.0,9.0,4.0,5.0,1.19,-0.08,379,True
179,Josué Casimir,MF,ht Haiti,24,,2001,3,2,182,2.0,0,0,0,0,0,0,1,0,0.0,0.0,0.0,0.0,0.0,2.0,0,1,0,0.0,0.49,0.0,0.0,,0,0,2.0,1,0,0,4,4,0,3,0,0,,,0,3,182.0,61.0,67.4,2.0,2,76.0,1,1,30.0,0,0.0,2.0,7.0,-5.0,-2.47,-1.45,182,True
180,Timothy Castagne,DF,be Belgium,30,,1995,6,5,478,5.3,0,1,1,0,0,0,1,0,0.0,0.19,0.19,0.0,0.19,5.3,0,3,1,33.3,0.56,0.19,0.0,0.0,0,0,5.3,1,0,0,7,2,0,20,8,7,,,0,6,478.0,80.0,83.9,5.3,5,89.0,4,1,33.0,0,1.83,13.0,7.0,6.0,1.13,0.15,478,True
181,Kevin Castaño,MF,co Colombia,25,,2000,2,0,16,0.2,0,0,0,0,0,0,0,0,0.0,0.0,0.0,0.0,0.0,0.2,0,0,0,,0.0,0.0,,,0,0,0.2,0,0,0,0,0,0,0,0,0,,,0,2,16.0,8.0,3.3,0.2,0,,0,2,8.0,3,2.0,1.0,0.0,1.0,5.63,5.04,16,True
182,Jens Castrop,MF,kr Korea Republic,22,,2003,1,0,45,0.5,0,0,0,0,0,0,0,0,0.0,0.0,0.0,0.0,0.0,0.5,0,0,0,,0.0,0.0,,,0,0,0.5,0,0,0,3,0,0,3,0,0,,,0,1,45.0,45.0,16.7,0.5,0,,0,1,45.0,2,0.0,0.0,1.0,-1.0,-2.0,-2.0,45,True
183,Zeki Çelik,DF,tr Türkiye,29,,1997,2,2,163,1.8,0,0,0,0,0,0,0,0,0.0,0.0,0.0,0.0,0.0,1.8,0,1,1,100.0,0.55,0.55,0.0,0.0,0,0,1.8,0,0,0,1,0,0,1,1,3,,,0,2,163.0,82.0,60.4,1.8,2,82.0,0,0,,1,1.5,2.0,4.0,-2.0,-1.1,-1.1,163,True
184,Lukáš Červ,MF,cz Czechia,25,,2001,2,2,163,1.8,0,0,0,0,0,0,0,0,0.0,0.0,0.0,0.0,0.0,1.8,0,3,2,66.7,1.66,1.1,0.0,0.0,0,0,1.8,0,0,0,3,3,0,0,0,3,,,0,2,163.0,82.0,60.4,1.8,2,82.0,0,0,,1,0.5,1.0,2.0,-1.0,-0.55,1.97,163,True
185,Fares Chaïbi,MF,dz Algeria,23,,2002,4,4,360,4.0,0,0,0,0,0,0,1,0,0.0,0.0,0.0,0.0,0.0,4.0,0,9,3,33.3,2.25,0.75,0.0,0.0,0,0,4.0,1,0,0,3,2,1,6,3,5,,,0,4,360.0,90.0,100.0,4.0,4,90.0,4,0,,0,1.0,5.0,9.0,-4.0,-1.0,,360,True
186,Trevoh Chalobah,"DF,MF",eng England,26,,1999,1,0,1,0.0,0,0,0,0,0,0,0,0,0.0,0.0,0.0,0.0,0.0,0.0,0,0,0,,0.0,0.0,,,0,0,0.0,0,0,0,0,0,0,0,0,0,,,0,1,1.0,1.0,0.1,0.0,0,,0,1,1.0,6,3.0,1.0,1.0,0.0,0.0,-0.96,1,True
187,Štěpán Chaloupek,DF,cz Czechia,23,,2003,1,1,90,1.0,0,0,0,0,0,0,0,0,0.0,0.0,0.0,0.0,0.0,1.0,0,0,0,,0.0,0.0,,,0,0,1.0,0,0,0,1,0,0,0,2,0,,,0,1,90.0,90.0,33.3,1.0,1,90.0,1,0,,2,0.0,1.0,2.0,-1.0,-1.0,0.5,90,True
188,Mouhib Chamakh,GK,tn Tunisia,24,,2001,1,1,90,1.0,0,0,0,0,0,0,0,0,0.0,0.0,0.0,0.0,0.0,1.0,0,0,0,,0.0,0.0,,,0,0,1.0,0,0,0,0,0,0,0,0,0,,,0,1,90.0,90.0,33.3,1.0,1,90.0,1,0,,2,0.0,1.0,5.0,-4.0,-4.0,-1.0,90,True
189,Firas Chaouat,FW,tn Tunisia,30,,1996,3,0,49,0.5,0,0,0,0,0,0,0,0,0.0,0.0,0.0,0.0,0.0,0.5,0,0,0,,0.0,0.0,,,0,0,0.5,0,0,0,1,2,3,0,0,0,,,0,3,49.0,16.0,18.1,0.5,0,,0,3,16.0,0,0.0,0.0,3.0,-3.0,-5.51,-2.66,49,True
190,Luis Chávez,MF,mx Mexico,30,,1996,1,0,25,0.3,0,0,0,0,0,0,0,0,0.0,0.0,0.0,0.0,0.0,0.3,0,0,0,,0.0,0.0,,,0,0,0.3,0,0,0,1,0,0,1,0,1,,,0,1,25.0,25.0,5.6,0.3,0,,0,1,25.0,4,3.0,1.0,0.0,1.0,3.6,2.33,25,True
191,Mateo Chávez,DF,mx Mexico,22,,2004,1,1,77,0.9,1,0,1,1,0,0,0,0,1.17,0.0,1.17,1.17,1.17,0.9,1,1,1,100.0,1.17,1.17,1.0,1.0,0,0,0.9,0,0,0,1,1,0,1,0,1,,,0,1,77.0,77.0,17.1,0.9,1,77.0,0,0,,4,3.0,2.0,0.0,2.0,2.34,1.13,77,True
192,Samir Chergui,DF,dz Algeria,27,,1999,1,0,20,0.2,0,0,0,0,0,0,0,0,0.0,0.0,0.0,0.0,0.0,0.2,0,0,0,,0.0,0.0,,,0,0,0.2,0,0,0,0,0,0,0,0,0,,,0,1,20.0,20.0,5.6,0.2,0,,0,1,20.0,3,1.0,1.0,1.0,0.0,0.0,1.06,20,True
193,Rayan Cherki,MF,fr France,22,,2003,7,1,130,1.4,0,0,0,0,0,0,0,0,0.0,0.0,0.0,0.0,0.0,1.4,0,1,1,100.0,0.69,0.69,0.0,0.0,0,0,1.4,0,0,0,2,2,0,1,1,1,,,0,7,130.0,19.0,18.1,1.4,1,45.0,0,6,14.0,1,2.14,2.0,5.0,-3.0,-2.08,-4.06,130,True
194,Mathieu Choinière,MF,ca Canada,27,,1999,1,1,57,0.6,0,0,0,0,0,0,0,0,0.0,0.0,0.0,0.0,0.0,0.6,0,0,0,,0.0,0.0,,,0,0,0.6,0,0,0,1,1,0,4,2,1,,,0,1,57.0,57.0,12.7,0.6,1,57.0,0,0,,4,0.0,0.0,2.0,-2.0,-3.16,-4.3,57,True
195,Tahith Chong,MF,cw Curaçao,26,,1999,3,3,247,2.7,0,0,0,0,0,0,0,0,0.0,0.0,0.0,0.0,0.0,2.7,0,4,2,50.0,1.46,0.73,0.0,0.0,0,0,2.7,0,0,0,3,13,0,1,1,0,,,0,3,247.0,82.0,91.5,2.7,3,82.0,1,0,,0,0.33,1.0,8.0,-7.0,-2.55,1.36,247,True
196,Tomáš Chorý,FW,cz Czechia,31,,1995,2,0,31,0.3,0,0,0,0,0,0,0,0,0.0,0.0,0.0,0.0,0.0,0.3,0,0,0,,0.0,0.0,,,0,0,0.3,0,0,0,2,1,0,0,0,0,,,0,2,31.0,16.0,11.5,0.3,0,,0,2,16.0,1,0.0,0.0,3.0,-3.0,-8.71,-8.33,31,True
197,Ryan Christie,MF,sct Scotland,31,,1995,3,1,95,1.1,0,0,0,0,0,0,1,0,0.0,0.0,0.0,0.0,0.0,1.1,0,2,0,0.0,1.89,0.0,0.0,,0,0,1.1,1,0,0,2,1,0,1,2,3,,,0,3,95.0,32.0,35.2,1.1,1,70.0,0,2,13.0,0,1.0,0.0,1.0,-1.0,-0.95,0.08,95,True
198,Carney Chukwuemeka,MF,at Austria,22,,2003,3,0,83,0.9,0,0,0,0,0,0,0,0,0.0,0.0,0.0,0.0,0.0,0.9,0,2,1,50.0,2.17,1.08,0.0,0.0,0,0,0.9,0,0,0,2,2,0,0,0,0,,,0,3,83.0,28.0,23.1,0.9,0,,0,3,28.0,1,1.0,2.0,3.0,-1.0,-1.08,-0.43,83,True
199,Mojmír Chytil,FW,cz Czechia,27,,1999,1,0,7,0.1,0,0,0,0,0,0,0,0,0.0,0.0,0.0,0.0,0.0,0.1,0,0,0,,0.0,0.0,,,0,0,0.1,0,0,0,1,0,0,0,0,0,,,0,1,7.0,7.0,2.6,0.1,0,,0,1,7.0,2,0.0,0.0,0.0,0.0,0.0,1.37,7,True
200,Brian Cipenga,"MF,FW",cd Congo DR,28,,1998,2,2,146,1.6,1,0,1,1,0,0,0,0,0.62,0.0,0.62,0.62,0.62,1.6,1,6,1,16.7,3.7,0.62,0.17,1.0,0,0,1.6,0,0,0,2,1,1,9,0,2,,,0,2,146.0,73.0,40.6,1.6,2,73.0,0,0,,2,1.5,2.0,2.0,0.0,0.0,0.0,146,True
201,Alessandro Circati,DF,au Australia,22,,2003,4,4,390,4.3,0,0,0,0,0,0,1,0,0.0,0.0,0.0,0.0,0.0,4.3,0,3,0,0.0,0.69,0.0,0.0,,0,0,4.3,1,0,0,5,4,0,2,2,7,,,0,4,390.0,98.0,100.0,4.3,4,98.0,4,0,,0,1.25,3.0,3.0,0.0,0.0,,390,True
202,Pathé Ciss,DF,sn Senegal,32,,1994,4,1,184,2.0,0,0,0,0,0,0,0,0,0.0,0.0,0.0,0.0,0.0,2.0,0,2,1,50.0,0.98,0.49,0.0,0.0,0,0,2.0,0,0,0,1,0,0,0,0,0,,,0,4,184.0,46.0,47.2,2.0,1,120.0,1,3,21.0,0,0.75,7.0,4.0,3.0,1.47,2.34,184,True
203,Livano Comenencia,MF,cw Curaçao,22,,2004,3,3,233,2.6,1,0,1,1,0,0,1,0,0.39,0.0,0.39,0.39,0.39,2.6,1,5,2,40.0,1.93,0.77,0.2,0.5,0,0,2.6,1,0,0,4,1,0,1,11,1,,,0,3,233.0,78.0,86.3,2.6,3,78.0,1,0,,0,0.33,1.0,8.0,-7.0,-2.7,-0.27,233,True
204,Eray Cömert,DF,ch Switzerland,28,,1998,1,0,31,0.3,0,0,0,0,0,0,0,0,0.0,0.0,0.0,0.0,0.0,0.3,0,0,0,,0.0,0.0,,,0,0,0.3,0,0,0,0,0,0,0,0,0,,,0,1,31.0,31.0,5.2,0.3,0,,0,1,31.0,5,0.0,0.0,2.0,-2.0,-5.81,-6.76,31,True
205,Francisco Conceição,MF,pt Portugal,23,,2002,4,0,126,1.4,0,0,0,0,0,0,0,0,0.0,0.0,0.0,0.0,0.0,1.4,0,2,0,0.0,1.43,0.0,0.0,,0,0,1.4,0,0,0,1,2,1,3,0,2,,,0,4,126.0,32.0,28.0,1.4,0,,0,4,32.0,1,1.75,4.0,1.0,3.0,2.14,1.59,126,True
206,Jhon Córdoba,FW,co Colombia,33,,1993,3,2,99,1.1,0,0,0,0,0,0,0,0,0.0,0.0,0.0,0.0,0.0,1.1,0,2,1,50.0,1.82,0.91,0.0,0.0,0,0,1.1,0,0,0,1,2,2,0,0,0,,,0,3,99.0,33.0,20.6,1.1,2,33.0,0,1,33.0,2,2.33,1.0,0.0,1.0,0.91,0.2,99,True
207,José Córdoba,DF,pa Panama,25,,2001,3,3,270,3.0,0,0,0,0,0,0,0,0,0.0,0.0,0.0,0.0,0.0,3.0,0,0,0,,0.0,0.0,,,0,0,3.0,0,0,0,5,1,0,1,1,3,,,0,3,270.0,90.0,100.0,3.0,3,90.0,3,0,,0,0.0,0.0,4.0,-4.0,-1.33,,270,True
208,Derek Cornelius,DF,ca Canada,28,,1997,4,4,315,3.5,0,0,0,0,0,0,1,0,0.0,0.0,0.0,0.0,0.0,3.5,0,5,1,20.0,1.43,0.29,0.0,0.0,0,0,3.5,1,0,0,4,3,0,1,2,3,,,0,4,315.0,79.0,70.0,3.5,4,79.0,3,0,,1,1.75,6.0,3.0,3.0,0.86,0.86,315,True
209,Diogo Costa,GK,pt Portugal,26,,1999,5,5,450,5.0,0,0,0,0,0,0,0,0,0.0,0.0,0.0,0.0,0.0,5.0,0,0,0,,0.0,0.0,,,0,0,5.0,0,0,0,0,1,0,0,0,0,,,0,5,450.0,90.0,100.0,5.0,5,90.0,5,0,,0,1.6,8.0,3.0,5.0,1.0,,450,True
210,Nuno da Costa,FW,cv Cabo Verde,35,,1991,4,1,159,1.8,0,0,0,0,0,0,0,0,0.0,0.0,0.0,0.0,0.0,1.8,0,1,0,0.0,0.57,0.0,0.0,,0,0,1.8,0,0,0,0,3,0,1,1,2,,,0,4,159.0,40.0,40.8,1.8,1,66.0,0,3,31.0,0,0.75,2.0,1.0,1.0,0.57,1.35,159,True
211,Samu Costa,MF,pt Portugal,25,,2000,1,0,21,0.2,0,0,0,0,0,0,0,0,0.0,0.0,0.0,0.0,0.0,0.2,0,0,0,,0.0,0.0,,,0,0,0.2,0,0,0,0,0,0,0,0,1,,,0,1,21.0,21.0,4.7,0.2,0,,0,1,21.0,4,1.0,0.0,0.0,0.0,0.0,-1.05,21,True
212,Vladimír Coufal,"MF,DF",cz Czechia,33,,1992,3,3,270,3.0,0,1,1,0,0,0,0,0,0.0,0.33,0.33,0.0,0.33,3.0,0,1,0,0.0,0.33,0.0,0.0,,0,0,3.0,0,0,0,4,3,1,20,2,1,,,0,3,270.0,90.0,100.0,3.0,3,90.0,3,0,,0,0.33,2.0,6.0,-4.0,-1.33,,270,True
213,Thibaut Courtois,GK,be Belgium,34,,1992,6,6,550,6.1,0,0,0,0,0,0,0,0,0.0,0.0,0.0,0.0,0.0,6.1,0,0,0,,0.0,0.0,,,0,0,6.1,0,0,0,0,0,0,0,0,0,,,0,6,550.0,92.0,96.5,6.1,6,92.0,5,0,,0,1.83,14.0,6.0,8.0,1.31,5.81,550,True
214,Maxime Crépeau,GK,ca Canada,32,,1994,5,5,450,5.0,0,0,0,0,0,0,0,0,0.0,0.0,0.0,0.0,0.0,5.0,0,0,0,,0.0,0.0,,,0,0,5.0,0,0,0,1,1,0,0,0,1,,,0,5,450.0,90.0,100.0,5.0,5,90.0,5,0,,0,1.4,9.0,6.0,3.0,0.6,,450,True
215,Max Crocombe,GK,nz New Zealand,32,,1993,3,3,270,3.0,0,0,0,0,0,0,0,0,0.0,0.0,0.0,0.0,0.0,3.0,0,0,0,,0.0,0.0,,,0,0,3.0,0,0,0,0,1,0,0,0,0,,,0,3,270.0,90.0,100.0,3.0,3,90.0,3,0,,0,0.33,4.0,10.0,-6.0,-2.0,,270,True
216,Pau Cubarsí,DF,es Spain,19,,2007,8,8,750,8.3,0,0,0,0,0,0,1,0,0.0,0.0,0.0,0.0,0.0,8.3,0,4,2,50.0,0.48,0.24,0.0,0.0,0,0,8.3,1,0,0,4,5,0,1,4,4,,,0,8,750.0,94.0,100.0,8.3,8,94.0,8,0,,0,2.75,14.0,1.0,13.0,1.56,,750,True
217,Andrés Cubas,MF,py Paraguay,30,,1996,5,5,480,5.3,0,0,0,0,0,0,1,0,0.0,0.0,0.0,0.0,0.0,5.3,0,1,0,0.0,0.19,0.0,0.0,,0,0,5.3,1,0,0,14,3,0,0,11,13,,,0,5,480.0,96.0,100.0,5.3,5,96.0,5,0,,0,1.0,3.0,6.0,-3.0,-0.56,,480,True
218,Cucho,"FW,MF",co Colombia,27,,1999,2,0,50,0.6,0,1,1,0,0,0,0,0,0.0,1.8,1.8,0.0,1.8,0.6,0,1,0,0.0,1.8,0.0,0.0,,0,0,0.6,0,0,0,0,1,0,1,0,0,,,0,2,50.0,25.0,10.4,0.6,0,,0,2,25.0,3,2.0,1.0,0.0,1.0,1.8,1.17,50,True
219,Marc Cucurella,DF,es Spain,27,,1998,8,8,750,8.3,0,2,2,0,0,0,1,0,0.0,0.24,0.24,0.0,0.24,8.3,0,5,3,60.0,0.6,0.36,0.0,0.0,0,0,8.3,1,0,0,8,5,4,13,7,4,,,0,8,750.0,94.0,100.0,8.3,8,94.0,8,0,,0,2.75,14.0,1.0,13.0,1.56,,750,True
220,Matheus Cunha,FW,br Brazil,27,,1999,5,4,290,3.2,3,0,3,3,0,0,0,0,0.93,0.0,0.93,0.93,0.93,3.2,3,11,5,45.5,3.41,1.55,0.27,0.6,0,0,3.2,0,0,0,1,3,1,4,3,3,,,0,5,290.0,58.0,64.4,3.2,4,65.0,0,1,30.0,0,2.0,7.0,1.0,6.0,1.86,1.86,290,True
221,Findlay Curtis,MF,sct Scotland,19,,2006,2,0,9,0.1,0,0,0,0,0,0,1,0,0.0,0.0,0.0,0.0,0.0,0.1,0,0,0,,0.0,0.0,,,0,0,0.1,1,0,0,1,0,0,1,0,0,,,0,2,9.0,5.0,3.3,0.1,0,,0,2,5.0,1,1.5,0.0,0.0,0.0,0.0,1.03,9,True
222,Aymen Dahmen,GK,tn Tunisia,29,,1997,2,2,180,2.0,0,0,0,0,0,0,0,0,0.0,0.0,0.0,0.0,0.0,2.0,0,0,0,,0.0,0.0,,,0,0,2.0,0,0,0,0,1,0,0,0,0,,,0,2,180.0,90.0,66.7,2.0,2,90.0,2,0,,1,0.0,1.0,7.0,-6.0,-3.0,1.0,180,True
223,Diogo Dalot,"DF,MF",pt Portugal,27,,1999,2,0,65,0.7,0,0,0,0,0,0,0,0,0.0,0.0,0.0,0.0,0.0,0.7,0,1,0,0.0,1.38,0.0,0.0,,0,0,0.7,0,0,0,0,1,0,1,0,2,,,0,2,65.0,33.0,14.4,0.7,0,,0,2,33.0,3,0.5,0.0,1.0,-1.0,-1.38,-2.79,65,True
224,Danilo,DF,br Brazil,34,,1991,5,4,405,4.5,0,0,0,0,0,0,2,0,0.0,0.0,0.0,0.0,0.0,4.5,0,1,0,0.0,0.22,0.0,0.0,,0,0,4.5,2,0,0,7,1,1,10,7,2,,,0,5,405.0,81.0,90.0,4.5,4,90.0,4,1,45.0,0,2.0,9.0,3.0,6.0,1.33,1.33,405,True
225,Kevin Danso,DF,at Austria,27,,1998,4,2,241,2.7,0,0,0,0,0,0,0,0,0.0,0.0,0.0,0.0,0.0,2.7,0,1,0,0.0,0.37,0.0,0.0,,0,0,2.7,0,0,0,1,2,0,1,0,1,,,0,4,241.0,60.0,66.9,2.7,2,90.0,2,2,31.0,0,1.0,3.0,6.0,-3.0,-1.12,-1.12,241,True
226,Vladimír Darida,MF,cz Czechia,35,,1990,1,1,54,0.6,0,0,0,0,0,0,0,0,0.0,0.0,0.0,0.0,0.0,0.6,0,1,0,0.0,1.67,0.0,0.0,,0,0,0.6,0,0,0,0,1,0,0,1,0,,,0,1,54.0,54.0,20.0,0.6,1,54.0,0,0,,2,1.0,1.0,0.0,1.0,1.67,3.75,54,True
227,Jonathan David,FW,ca Canada,26,,2000,5,5,420,4.7,3,0,3,3,0,0,1,0,0.64,0.0,0.64,0.64,0.64,4.7,3,18,8,44.4,3.86,1.71,0.17,0.38,0,0,4.7,1,0,0,5,5,0,3,3,1,,,0,5,420.0,84.0,93.3,4.7,5,84.0,4,0,,0,1.4,8.0,6.0,2.0,0.43,-2.57,420,True
228,Promise David,FW,ca Canada,24,,2001,4,0,80,0.9,1,1,2,1,0,0,0,0,1.13,1.13,2.25,1.13,2.25,0.9,1,5,3,60.0,5.63,3.38,0.2,0.33,0,0,0.9,0,0,0,4,2,0,0,1,1,,,0,4,80.0,20.0,17.8,0.9,0,,0,4,20.0,1,1.0,3.0,2.0,1.0,1.13,0.64,80,True
229,Alphonso Davies,"DF,FW",ca Canada,25,,2000,1,0,16,0.2,0,0,0,0,0,0,0,0,0.0,0.0,0.0,0.0,0.0,0.2,0,0,0,,0.0,0.0,,,0,0,0.2,0,0,0,0,0,0,0,0,0,,,0,1,16.0,16.0,3.6,0.2,0,,0,1,16.0,4,3.0,1.0,0.0,1.0,5.63,5.21,16,True
230,Erick Davis,DF,pa Panama,35,,1991,2,0,4,0.0,0,0,0,0,0,0,0,0,0.0,0.0,0.0,0.0,0.0,0.0,0,1,0,0.0,22.5,0.0,0.0,,0,0,0.0,0,0,0,0,1,0,2,0,1,,,0,2,4.0,2.0,1.5,0.0,0,,0,2,2.0,1,0.0,0.0,0.0,0.0,0.0,1.35,4,True
231,Nasser Al-Dawsari,MF,sa Saudi Arabia,27,,1998,3,2,207,2.3,0,0,0,0,0,0,1,0,0.0,0.0,0.0,0.0,0.0,2.3,0,1,0,0.0,0.43,0.0,0.0,,0,0,2.3,1,0,0,7,2,0,1,4,4,,,0,3,207.0,69.0,76.7,2.3,2,90.0,1,1,28.0,0,0.67,0.0,5.0,-5.0,-2.17,-3.6,207,True
232,Salem Al-Dawsari,MF,sa Saudi Arabia,34,,1991,3,3,245,2.7,0,0,0,0,0,0,1,0,0.0,0.0,0.0,0.0,0.0,2.7,0,3,0,0.0,1.1,0.0,0.0,,0,0,2.7,1,0,0,3,4,1,3,1,1,,,0,3,245.0,82.0,90.7,2.7,3,82.0,2,0,,0,0.67,1.0,5.0,-4.0,-1.47,-1.47,245,True
233,Mohammad Al-Dawud,"FW,MF",jo Jordan,34,,1992,1,0,3,0.0,0,0,0,0,0,0,0,0,0.0,0.0,0.0,0.0,0.0,0.0,0,0,0,,0.0,0.0,,,0,0,0.0,0,0,0,0,0,0,0,0,0,,,0,1,3.0,3.0,1.1,0.0,0,,0,1,3.0,2,0.0,0.0,1.0,-1.0,-30.0,-28.65,3,True
234,Kevin De Bruyne,MF,be Belgium,34,,1991,5,5,382,4.2,1,0,1,1,0,0,1,0,0.24,0.0,0.24,0.24,0.24,4.2,1,20,5,25.0,4.71,1.18,0.05,0.2,0,0,4.2,1,0,0,2,4,0,21,0,2,,,0,5,382.0,76.0,67.0,4.2,5,76.0,0,0,,1,1.6,5.0,4.0,1.0,0.24,-2.64,382,True
235,Maxim De Cuyper,DF,be Belgium,25,,2000,6,5,442,4.9,0,0,0,0,0,0,1,0,0.0,0.0,0.0,0.0,0.0,4.9,0,10,6,60.0,2.04,1.22,0.0,0.0,0,0,4.9,1,0,0,7,2,0,12,6,2,,,0,6,442.0,74.0,77.5,4.9,5,81.0,3,1,35.0,0,1.83,11.0,5.0,6.0,1.22,0.52,442,True
236,Luc De Fougerolles,DF,ca Canada,20,,2005,5,4,372,4.1,0,0,0,0,0,0,2,0,0.0,0.0,0.0,0.0,0.0,4.1,0,3,1,33.3,0.73,0.24,0.0,0.0,0,0,4.1,2,0,0,8,8,0,1,2,6,,,0,5,372.0,74.0,82.7,4.1,4,85.0,3,1,32.0,0,1.4,7.0,6.0,1.0,0.24,-2.07,372,True
237,Charles De Ketelaere,"FW,MF",be Belgium,25,,2001,5,5,350,3.9,3,1,4,3,0,0,0,0,0.77,0.26,1.03,0.77,1.03,3.9,3,6,5,83.3,1.54,1.29,0.5,0.6,0,0,3.9,0,0,0,2,3,2,3,5,4,,,0,5,350.0,70.0,61.4,3.9,5,70.0,1,0,,1,2.0,8.0,6.0,2.0,0.51,-1.53,350,True
238,Nicolás De La Cruz,MF,uy Uruguay,29,,1997,3,0,86,1.0,0,0,0,0,0,0,1,0,0.0,0.0,0.0,0.0,0.0,1.0,0,4,2,50.0,4.19,2.09,0.0,0.0,0,0,1.0,1,0,0,2,3,0,5,2,1,,,0,3,86.0,29.0,31.9,1.0,0,,0,3,29.0,0,0.67,1.0,0.0,1.0,1.05,2.02,86,True
239,Rodrigo De Paul,MF,ar Argentina,32,,1994,7,6,491,5.5,0,1,1,0,0,0,1,0,0.0,0.18,0.18,0.0,0.18,5.5,0,2,1,50.0,0.37,0.18,0.0,0.0,0,0,5.5,1,0,0,2,5,1,14,6,4,,,0,7,491.0,70.0,60.6,5.5,6,79.0,1,1,19.0,1,2.57,8.0,3.0,5.0,0.92,-0.78,491,True
240,Amar Dedić,DF,ba Bosnia–Herz,23,,2002,3,3,270,3.0,0,0,0,0,0,0,1,0,0.0,0.0,0.0,0.0,0.0,3.0,0,2,1,50.0,0.67,0.33,0.0,0.0,0,0,3.0,1,0,0,6,3,0,0,1,7,,,0,3,270.0,90.0,75.0,3.0,3,90.0,3,0,,1,0.33,2.0,7.0,-5.0,-1.67,-3.67,270,True
241,Louicius Deedson,MF,ht Haiti,25,,2001,3,1,112,1.2,0,0,0,0,0,0,0,0,0.0,0.0,0.0,0.0,0.0,1.2,0,2,0,0.0,1.61,0.0,0.0,,0,0,1.2,0,0,0,3,1,1,4,1,0,,,0,3,112.0,37.0,41.5,1.2,1,60.0,0,2,26.0,0,0.0,0.0,3.0,-3.0,-2.41,-0.7,112,True
242,Hannes Delcroix,DF,ht Haiti,27,,1999,3,3,270,3.0,0,0,0,0,0,0,0,0,0.0,0.0,0.0,0.0,0.0,3.0,0,0,0,,0.0,0.0,,,0,0,3.0,0,0,0,1,2,0,0,4,3,,,0,3,270.0,90.0,100.0,3.0,3,90.0,3,0,,0,0.0,2.0,8.0,-6.0,-2.0,,270,True
243,Ousmane Dembélé,MF,fr France,29,,1997,8,7,592,6.6,6,2,8,6,0,0,0,0,0.91,0.3,1.22,0.91,1.22,6.6,6,20,10,50.0,3.04,1.52,0.3,0.6,0,0,6.6,0,0,0,0,4,3,34,0,2,,,0,8,592.0,74.0,82.2,6.6,7,78.0,2,1,45.0,0,2.25,17.0,5.0,12.0,1.82,3.23,592,True
244,Merih Demiral,DF,tr Türkiye,28,,1998,2,2,180,2.0,0,0,0,0,0,0,0,0,0.0,0.0,0.0,0.0,0.0,2.0,0,6,2,33.3,3.0,1.0,0.0,0.0,0,0,2.0,0,0,0,2,1,3,1,1,1,,,0,2,180.0,90.0,66.7,2.0,2,90.0,2,0,,1,0.0,0.0,3.0,-3.0,-1.5,-2.5,180,True
245,Ermedin Demirović,FW,ba Bosnia–Herz,28,,1998,4,4,354,3.9,0,0,0,0,0,0,1,0,0.0,0.0,0.0,0.0,0.0,3.9,0,4,4,100.0,1.02,1.02,0.0,0.0,0,0,3.9,1,0,0,11,3,1,0,1,1,,,0,4,354.0,89.0,98.3,3.9,4,89.0,3,0,,0,1.0,4.0,6.0,-2.0,-0.51,14.49,354,True
246,Sergiño Dest,MF,us USA,25,,2000,5,4,297,3.3,0,0,0,0,0,0,0,0,0.0,0.0,0.0,0.0,0.0,3.3,0,3,1,33.3,0.91,0.3,0.0,0.0,0,0,3.3,0,0,0,2,4,0,3,5,1,,,0,5,297.0,59.0,66.0,3.3,4,71.0,0,1,15.0,0,1.8,8.0,3.0,5.0,1.52,2.69,297,True
247,Frans Dhia Putros,DF,iq Iraq,32,,1993,1,1,90,1.0,0,0,0,0,0,0,0,0,0.0,0.0,0.0,0.0,0.0,1.0,0,0,0,,0.0,0.0,,,0,0,1.0,0,0,0,2,0,0,1,2,2,,,0,1,90.0,90.0,33.3,1.0,1,90.0,1,0,,2,0.0,0.0,5.0,-5.0,-5.0,-2.0,90,True
248,Oumar Diakité,FW,ci Côte d'Ivoire,22,,2003,2,0,28,0.3,0,0,0,0,0,0,0,0,0.0,0.0,0.0,0.0,0.0,0.3,0,0,0,,0.0,0.0,,,0,0,0.3,0,0,0,0,0,0,1,0,1,,,0,2,28.0,14.0,7.8,0.3,0,,0,2,14.0,2,1.5,0.0,0.0,0.0,0.0,-0.27,28,True
249,Amad Diallo,"MF,FW",ci Côte d'Ivoire,23,,2002,4,2,185,2.1,2,0,2,2,0,0,0,0,0.97,0.0,0.97,0.97,0.97,2.1,2,8,4,50.0,3.89,1.95,0.25,0.5,0,0,2.1,0,0,0,0,2,1,4,2,4,,,0,4,185.0,46.0,51.4,2.1,2,60.0,0,2,33.0,0,1.5,4.0,2.0,2.0,0.97,1.49,185,True
250,Assane Diao,MF,sn Senegal,20,,2005,1,0,10,0.1,0,0,0,0,0,0,0,0,0.0,0.0,0.0,0.0,0.0,0.1,0,0,0,,0.0,0.0,,,0,0,0.1,0,0,0,0,0,0,0,0,1,,,0,1,10.0,10.0,2.6,0.1,0,,0,1,10.0,3,3.0,1.0,0.0,1.0,9.0,9.0,10,True
251,Habib Diarra,MF,sn Senegal,22,,2004,3,2,143,1.6,2,0,2,2,0,0,0,0,1.26,0.0,1.26,1.26,1.26,1.6,2,4,2,50.0,2.52,1.26,0.5,1.0,0,0,1.6,0,0,0,2,2,0,1,1,2,,,0,3,143.0,48.0,36.7,1.6,2,64.0,0,1,15.0,1,1.0,5.0,2.0,3.0,1.89,2.62,143,True
252,Rúben Dias,DF,pt Portugal,29,,1997,4,4,360,4.0,0,0,0,0,0,0,1,0,0.0,0.0,0.0,0.0,0.0,4.0,0,0,0,,0.0,0.0,,,0,0,4.0,1,0,0,6,3,0,0,5,3,,,0,4,360.0,90.0,80.0,4.0,4,90.0,4,0,,1,1.75,7.0,2.0,5.0,1.25,1.25,360,True
253,Krépin Diatta,DF,sn Senegal,27,,1999,4,4,390,4.3,0,0,0,0,0,0,0,0,0.0,0.0,0.0,0.0,0.0,4.3,0,1,0,0.0,0.23,0.0,0.0,,0,0,4.3,0,0,0,4,6,0,12,3,10,,,0,4,390.0,98.0,100.0,4.3,4,98.0,4,0,,0,0.75,10.0,9.0,1.0,0.23,,390,True
254,Mory Diaw,GK,sn Senegal,32,,1993,3,2,238,2.6,0,0,0,0,0,0,0,0,0.0,0.0,0.0,0.0,0.0,2.6,0,0,0,,0.0,0.0,,,0,0,2.6,0,0,0,0,2,0,0,0,0,,,0,3,238.0,79.0,61.0,2.6,2,105.0,2,1,28.0,1,1.0,8.0,3.0,5.0,1.89,4.26,238,True
255,Brahim Díaz,MF,ma Morocco,26,,1999,6,6,457,5.1,0,4,4,0,0,0,0,0,0.0,0.79,0.79,0.0,0.79,5.1,0,6,1,16.7,1.18,0.2,0.0,0.0,0,0,5.1,0,0,0,3,10,0,8,4,2,,,0,6,457.0,76.0,80.2,5.1,6,76.0,1,0,,0,1.83,7.0,6.0,1.0,0.2,-2.19,457,True
256,Ismael Díaz,"FW,MF",pa Panama,29,,1997,2,0,37,0.4,0,0,0,0,0,0,0,0,0.0,0.0,0.0,0.0,0.0,0.4,0,6,2,33.3,14.59,4.86,0.0,0.0,0,0,0.4,0,0,0,0,0,2,0,0,1,,,0,2,37.0,19.0,13.7,0.4,0,,0,2,19.0,1,0.0,0.0,1.0,-1.0,-2.43,-1.27,37,True
257,Luis Díaz,"FW,MF",co Colombia,29,,1997,5,5,478,5.3,1,1,2,1,0,0,0,0,0.19,0.19,0.38,0.19,0.38,5.3,1,19,6,31.6,3.58,1.13,0.05,0.17,0,0,5.3,0,0,0,7,9,9,4,1,0,,,0,5,478.0,96.0,99.6,5.3,5,96.0,3,0,,0,2.2,4.0,1.0,3.0,0.56,-44.44,478,True
258,Bamba Dieng,FW,sn Senegal,26,,2000,1,0,8,0.1,0,0,0,0,0,0,0,0,0.0,0.0,0.0,0.0,0.0,0.1,0,0,0,,0.0,0.0,,,0,0,0.1,0,0,0,0,0,0,0,0,0,,,0,1,8.0,8.0,2.1,0.1,0,,0,1,8.0,3,0.0,1.0,1.0,0.0,0.0,-0.24,8,True
259,Lucas Digne,DF,fr France,32,,1993,6,5,463,5.1,0,0,0,0,0,0,0,0,0.0,0.0,0.0,0.0,0.0,5.1,0,2,1,50.0,0.39,0.19,0.0,0.0,0,0,5.1,0,0,0,7,2,0,15,2,3,,,0,6,463.0,77.0,64.3,5.1,5,84.0,3,1,45.0,2,2.0,13.0,4.0,9.0,1.75,1.4,463,True
260,Diney,DF,cv Cabo Verde,31,,1995,4,4,390,4.3,0,0,0,0,0,0,1,0,0.0,0.0,0.0,0.0,0.0,4.3,0,4,2,50.0,0.92,0.46,0.0,0.0,0,0,4.3,1,0,0,2,0,0,0,4,7,,,1,4,390.0,98.0,100.0,4.3,4,98.0,4,0,,0,0.75,4.0,5.0,-1.0,-0.23,,390,True
261,Ousmane Diomande,DF,ci Côte d'Ivoire,22,,2003,1,1,90,1.0,0,0,0,0,0,0,0,0,0.0,0.0,0.0,0.0,0.0,1.0,0,0,0,,0.0,0.0,,,0,0,1.0,0,0,0,0,0,0,0,1,0,,,0,1,90.0,90.0,25.0,1.0,1,90.0,1,0,,3,3.0,2.0,0.0,2.0,2.0,2.33,90,True
262,Yan Diomandé,"MF,FW",ci Côte d'Ivoire,19,,2006,4,4,329,3.7,0,1,1,0,0,0,0,0,0.0,0.27,0.27,0.0,0.27,3.7,0,4,0,0.0,1.09,0.0,0.0,,0,0,3.7,0,0,0,2,7,0,14,4,6,,,0,4,329.0,82.0,91.4,3.7,4,82.0,1,0,,0,1.5,5.0,3.0,2.0,0.55,3.45,329,True
263,Issa Diop,DF,ma Morocco,29,,1997,5,5,476,5.3,1,0,1,1,0,0,3,0,0.19,0.0,0.19,0.19,0.19,5.3,1,1,1,100.0,0.19,0.19,1.0,1.0,0,0,5.3,3,0,0,4,1,0,0,7,1,,,0,5,476.0,95.0,83.5,5.3,5,95.0,4,0,,1,1.6,5.0,4.0,1.0,0.19,-2.68,476,True
264,El Hadji Malick Diouf,DF,sn Senegal,21,,2004,3,2,171,1.9,0,0,0,0,0,0,0,0,0.0,0.0,0.0,0.0,0.0,1.9,0,0,0,,0.0,0.0,,,0,0,1.9,0,0,0,2,0,0,8,1,1,,,0,3,171.0,57.0,43.8,1.9,2,72.0,1,1,28.0,1,0.0,2.0,6.0,-4.0,-2.11,-4.16,171,True
265,Ritsu Doan,MF,jp Japan,27,,1998,4,4,278,3.1,0,1,1,0,0,0,0,0,0.0,0.32,0.32,0.0,0.32,3.1,0,1,0,0.0,0.32,0.0,0.0,,0,0,3.1,0,0,0,6,4,0,5,1,1,,,0,4,278.0,70.0,77.2,3.1,4,70.0,0,0,,0,1.25,6.0,4.0,2.0,0.65,-0.45,278,True
266,Jeremy Doku,MF,be Belgium,24,,2002,5,4,309,3.4,0,0,0,0,0,0,0,0,0.0,0.0,0.0,0.0,0.0,3.4,0,3,1,33.3,0.87,0.29,0.0,0.0,0,0,3.4,0,0,0,4,18,0,6,3,1,,,0,5,309.0,62.0,54.2,3.4,4,71.0,1,1,24.0,0,2.0,5.0,5.0,0.0,0.0,-2.41,309,True
267,Merchas Doski,DF,iq Iraq,26,,1999,3,3,270,3.0,0,0,0,0,0,0,1,0,0.0,0.0,0.0,0.0,0.0,3.0,0,1,0,0.0,0.33,0.0,0.0,,0,0,3.0,1,0,0,3,8,0,4,6,9,,,0,3,270.0,90.0,100.0,3.0,3,90.0,3,0,,0,0.0,1.0,12.0,-11.0,-3.67,,270,True
268,David Douděra,MF,cz Czechia,28,,1998,1,1,90,1.0,0,0,0,0,0,0,0,0,0.0,0.0,0.0,0.0,0.0,1.0,0,4,0,0.0,4.0,0.0,0.0,,0,0,1.0,0,0,0,0,1,0,5,1,0,,,0,1,90.0,90.0,33.3,1.0,1,90.0,1,0,,2,0.0,0.0,3.0,-3.0,-3.0,-2.5,90,True
269,Désiré Doué,MF,fr France,21,,2005,8,4,400,4.4,1,1,2,1,0,0,0,0,0.23,0.23,0.45,0.23,0.45,4.4,1,13,8,61.5,2.93,1.8,0.08,0.13,0,0,4.4,0,0,0,4,8,0,3,2,6,,,0,8,400.0,50.0,55.6,4.4,4,74.0,1,4,26.0,0,2.25,9.0,6.0,3.0,0.68,-1.29,400,True
270,Guéla Doué,DF,ci Côte d'Ivoire,23,,2002,4,3,277,3.1,0,0,0,0,0,0,1,0,0.0,0.0,0.0,0.0,0.0,3.1,0,1,0,0.0,0.32,0.0,0.0,,0,0,3.1,1,0,0,6,5,0,12,3,5,,,0,4,277.0,69.0,76.9,3.1,3,89.0,2,1,9.0,0,1.5,3.0,3.0,0.0,0.0,-1.08,277,True
271,Deroy Duarte,MF,cv Cabo Verde,26,,1999,4,2,264,2.9,1,0,1,1,0,0,0,0,0.34,0.0,0.34,0.34,0.34,2.9,1,3,2,66.7,1.02,0.68,0.33,0.5,0,0,2.9,0,0,0,4,1,0,1,6,5,,,0,4,264.0,66.0,67.7,2.9,2,95.0,1,2,38.0,0,0.75,2.0,2.0,0.0,0.0,0.71,264,True
272,Laros Duarte,MF,cv Cabo Verde,29,,1997,4,2,166,1.8,0,0,0,0,0,0,0,0,0.0,0.0,0.0,0.0,0.0,1.8,0,3,3,100.0,1.63,1.63,0.0,0.0,0,0,1.8,0,0,0,0,2,0,2,2,1,,,0,4,166.0,42.0,42.6,1.8,2,63.0,0,2,20.0,0,0.75,1.0,1.0,0.0,0.0,0.4,166,True
273,Denzel Dumfries,"DF,MF",nl Netherlands,30,,1996,4,4,390,4.3,0,2,2,0,0,0,0,0,0.0,0.46,0.46,0.0,0.46,4.3,0,5,2,40.0,1.15,0.46,0.0,0.0,0,0,4.3,0,0,0,6,3,1,16,1,6,,,0,4,390.0,98.0,100.0,4.3,4,98.0,4,0,,0,2.0,11.0,5.0,6.0,1.38,,390,True
274,Jean-Kevin Duverne,DF,ht Haiti,28,,1997,2,2,169,1.9,0,1,1,0,0,0,0,0,0.0,0.53,0.53,0.0,0.53,1.9,0,1,0,0.0,0.53,0.0,0.0,,0,0,1.9,0,0,0,2,1,1,1,4,2,,,0,2,169.0,85.0,62.6,1.9,2,85.0,1,0,,1,0.0,2.0,6.0,-4.0,-2.13,-0.35,169,True
275,Lyndon Dykes,"FW,MF",sct Scotland,30,,1995,2,0,36,0.4,0,0,0,0,0,0,0,0,0.0,0.0,0.0,0.0,0.0,0.4,0,1,0,0.0,2.5,0.0,0.0,,0,0,0.4,0,0,0,2,0,0,1,0,0,,,0,2,36.0,18.0,13.3,0.4,0,,0,2,18.0,1,1.5,0.0,0.0,0.0,0.0,1.15,36,True
276,Edin Džeko,FW,ba Bosnia–Herz,40,,1986,3,3,176,2.0,0,0,0,0,0,0,1,0,0.0,0.0,0.0,0.0,0.0,2.0,0,3,0,0.0,1.53,0.0,0.0,,0,0,2.0,1,0,0,1,2,0,0,1,0,,,0,3,176.0,59.0,48.9,2.0,3,59.0,0,0,,1,1.0,2.0,2.0,0.0,0.0,1.47,176,True
277,Roshon van Eijma,DF,cw Curaçao,28,,1998,1,0,15,0.2,0,0,0,0,0,0,0,0,0.0,0.0,0.0,0.0,0.0,0.2,0,0,0,,0.0,0.0,,,0,0,0.2,0,0,0,0,0,0,0,0,0,,,0,1,15.0,15.0,5.6,0.2,0,,0,1,15.0,2,1.0,0.0,0.0,0.0,0.0,2.82,15,True
278,Anthony Elanga,"MF,FW",se Sweden,24,,2002,4,2,217,2.4,2,0,2,2,0,0,0,0,0.83,0.0,0.83,0.83,0.83,2.4,2,3,3,100.0,1.24,1.24,0.67,0.67,0,0,2.4,0,0,0,0,7,1,12,2,0,,,0,4,217.0,54.0,60.3,2.4,2,90.0,2,2,19.0,0,1.0,3.0,5.0,-2.0,-0.83,-0.2,217,True
279,Meschak Elia,"FW,MF",cd Congo DR,28,,1997,2,0,46,0.5,0,1,1,0,0,0,0,0,0.0,1.96,1.96,0.0,1.96,0.5,0,2,1,50.0,3.91,1.96,0.0,0.0,0,0,0.5,0,0,0,2,0,0,2,1,0,,,0,2,46.0,23.0,12.8,0.5,0,,0,2,23.0,2,1.5,2.0,2.0,0.0,0.0,0.0,46,True
280,Callan Elliot,DF,nz New Zealand,26,,1999,1,0,13,0.1,0,0,0,0,0,0,0,0,0.0,0.0,0.0,0.0,0.0,0.1,0,0,0,,0.0,0.0,,,0,0,0.1,0,0,0,0,0,0,0,0,1,,,0,1,13.0,13.0,4.8,0.1,0,,0,1,13.0,2,1.0,0.0,0.0,0.0,0.0,2.1,13,True
281,Eren Elmalı,DF,tr Türkiye,25,,2000,2,1,111,1.2,0,0,0,0,0,0,1,0,0.0,0.0,0.0,0.0,0.0,1.2,0,0,0,,0.0,0.0,,,0,0,1.2,1,0,0,2,1,0,1,2,1,,,0,2,111.0,56.0,41.1,1.2,1,90.0,1,1,21.0,1,1.5,3.0,2.0,1.0,0.81,2.51,111,True
282,Nico Elvedi,DF,ch Switzerland,29,,1996,6,6,600,6.7,0,0,0,0,0,0,1,0,0.0,0.0,0.0,0.0,0.0,6.7,0,3,0,0.0,0.45,0.0,0.0,,0,0,6.7,1,0,0,5,6,0,0,6,2,,,0,6,600.0,100.0,100.0,6.7,6,100.0,6,0,,0,1.83,10.0,6.0,4.0,0.6,,600,True
283,Breel Embolo,FW,ch Switzerland,29,,1997,6,6,501,5.6,2,2,4,1,1,1,2,1,0.36,0.36,0.72,0.18,0.54,5.6,2,10,5,50.0,1.8,0.9,0.2,0.4,1,1,5.6,2,1,1,9,11,4,1,2,0,,,0,6,501.0,84.0,83.5,5.6,6,84.0,1,0,,0,1.83,8.0,3.0,5.0,0.9,1.81,501,True
284,Julio Enciso,FW,py Paraguay,22,,2004,5,5,386,4.3,1,2,3,1,0,0,0,0,0.23,0.47,0.7,0.23,0.7,4.3,1,8,1,12.5,1.87,0.23,0.13,1.0,0,0,4.3,0,0,0,3,9,0,5,1,5,,,0,5,386.0,77.0,80.4,4.3,5,77.0,2,0,,0,1.0,3.0,5.0,-2.0,-0.47,0.49,386,True
285,Endrick,FW,br Brazil,19,,2006,4,0,114,1.3,0,0,0,0,0,0,0,0,0.0,0.0,0.0,0.0,0.0,1.3,0,3,0,0.0,2.37,0.0,0.0,,0,0,1.3,0,0,0,1,1,1,0,1,1,,,0,4,114.0,29.0,25.3,1.3,0,,0,4,29.0,1,2.25,3.0,2.0,1.0,0.79,-0.55,114,True
286,Sherzod Esanov,MF,uz Uzbekistan,23,,2003,1,0,1,0.0,0,0,0,0,0,0,0,0,0.0,0.0,0.0,0.0,0.0,0.0,0,0,0,,0.0,0.0,,,0,0,0.0,0,0,0,0,0,0,0,1,0,,,0,1,1.0,1.0,0.4,0.0,0,,0,1,1.0,2,0.0,0.0,0.0,0.0,0.0,3.01,1,True
287,Fidel Escobar,DF,pa Panama,31,,1995,1,1,90,1.0,0,0,0,0,0,0,0,0,0.0,0.0,0.0,0.0,0.0,1.0,0,0,0,,0.0,0.0,,,0,0,1.0,0,0,0,1,0,0,1,1,2,,,0,1,90.0,90.0,33.3,1.0,1,90.0,1,0,,2,0.0,0.0,2.0,-2.0,-2.0,-1.0,90,True
288,Pervis Estupiñán,MF,ec Ecuador,28,,1998,2,1,89,1.0,0,0,0,0,0,0,0,0,0.0,0.0,0.0,0.0,0.0,1.0,0,0,0,,0.0,0.0,,,0,0,1.0,0,0,0,3,0,0,2,0,1,,,0,2,89.0,45.0,24.7,1.0,1,69.0,0,1,20.0,2,2.0,1.0,0.0,1.0,1.01,2.01,89,True
289,Derrick Etienne,"FW,MF",ht Haiti,29,,1996,1,0,10,0.1,0,0,0,0,0,0,0,0,0.0,0.0,0.0,0.0,0.0,0.1,0,0,0,,0.0,0.0,,,0,0,0.1,0,0,0,0,0,0,2,0,0,,,0,1,10.0,10.0,3.7,0.1,0,,0,1,10.0,2,0.0,0.0,0.0,0.0,0.0,2.08,10,True
290,Stephen Eustáquio,MF,ca Canada,29,,1996,5,4,392,4.4,1,0,1,1,0,0,0,0,0.23,0.0,0.23,0.23,0.23,4.4,1,4,1,25.0,0.92,0.23,0.25,1.0,0,0,4.4,0,0,0,2,7,0,45,3,5,,,0,5,392.0,78.0,87.1,4.4,4,90.0,3,1,33.0,0,1.4,9.0,4.0,5.0,1.15,4.25,392,True
291,Martin Expérience,"DF,MF",ht Haiti,27,,1999,3,3,270,3.0,0,0,0,0,0,0,0,0,0.0,0.0,0.0,0.0,0.0,3.0,0,1,0,0.0,0.33,0.0,0.0,,0,0,3.0,0,0,0,7,6,0,6,4,6,,,0,3,270.0,90.0,100.0,3.0,3,90.0,3,0,,0,0.0,2.0,8.0,-6.0,-2.0,,270,True
292,Saeid Ezatolahi,MF,ir IR Iran,29,,1996,3,3,264,2.9,0,0,0,0,0,0,2,0,0.0,0.0,0.0,0.0,0.0,2.9,0,6,2,33.3,2.05,0.68,0.0,0.0,0,0,2.9,2,0,0,7,4,0,0,7,5,,,0,3,264.0,88.0,97.8,2.9,3,88.0,2,0,,0,1.0,3.0,3.0,0.0,0.0,0.0,264,True
293,Eberechi Eze,MF,eng England,27,,1998,5,1,211,2.3,0,1,1,0,0,0,0,0,0.0,0.43,0.43,0.0,0.43,2.3,0,5,0,0.0,2.13,0.0,0.0,,0,0,2.3,0,0,0,2,4,1,2,0,0,,,0,5,211.0,42.0,28.1,2.3,1,78.0,0,4,33.0,3,2.6,7.0,3.0,4.0,1.71,1.04,211,True
294,Fabinho,"DF,MF",br Brazil,32,,1993,3,0,71,0.8,0,0,0,0,0,0,1,0,0.0,0.0,0.0,0.0,0.0,0.8,0,1,0,0.0,1.27,0.0,0.0,,0,0,0.8,1,0,0,4,0,0,0,2,1,,,0,3,71.0,24.0,15.8,0.8,0,,0,3,24.0,2,2.33,1.0,0.0,1.0,1.27,0.08,71,True
295,José Fajardo,FW,pa Panama,32,,1993,3,1,155,1.7,0,0,0,0,0,0,1,0,0.0,0.0,0.0,0.0,0.0,1.7,0,1,0,0.0,0.58,0.0,0.0,,0,0,1.7,1,0,0,4,3,1,0,0,2,,,0,3,155.0,52.0,57.4,1.7,1,82.0,0,2,37.0,0,0.0,0.0,4.0,-4.0,-2.32,-2.32,155,True
296,Odeh Al-Fakhouri,"MF,FW",jo Jordan,20,,2005,3,2,148,1.6,0,0,0,0,0,0,0,0,0.0,0.0,0.0,0.0,0.0,1.6,0,2,1,50.0,1.22,0.61,0.0,0.0,0,0,1.6,0,0,0,2,3,1,1,2,1,,,0,3,148.0,49.0,54.8,1.6,2,67.0,0,1,15.0,0,0.0,1.0,5.0,-4.0,-2.43,-1.69,148,True
297,Henrik Falchener,DF,no Norway,23,,2003,1,1,65,0.7,0,0,0,0,0,0,0,0,0.0,0.0,0.0,0.0,0.0,0.7,0,0,0,,0.0,0.0,,,0,0,0.7,0,0,0,0,0,0,0,1,0,,,0,1,65.0,65.0,11.4,0.7,1,65.0,0,0,,5,0.0,1.0,3.0,-2.0,-2.77,-3.48,65,True
298,Marko Farji,MF,iq Iraq,22,,2004,2,0,54,0.6,0,0,0,0,0,0,0,0,0.0,0.0,0.0,0.0,0.0,0.6,0,0,0,,0.0,0.0,,,0,0,0.6,0,0,0,0,2,0,2,1,1,,,0,2,54.0,27.0,20.0,0.6,0,,0,2,27.0,1,0.0,0.0,2.0,-2.0,-3.33,0.42,54,True
299,Christian Fassnacht,"FW,MF",ch Switzerland,32,,1993,1,0,6,0.1,0,0,0,0,0,0,0,0,0.0,0.0,0.0,0.0,0.0,0.1,0,0,0,,0.0,0.0,,,0,0,0.1,0,0,0,0,0,0,0,0,1,,,0,1,6.0,6.0,1.0,0.1,0,,0,1,6.0,5,3.0,0.0,0.0,0.0,0.0,-0.61,6,True
300,Abdul Fatawu Issahaku,"FW,MF",gh Ghana,22,,2004,4,0,132,1.5,0,0,0,0,0,0,1,0,0.0,0.0,0.0,0.0,0.0,1.5,0,3,0,0.0,2.05,0.0,0.0,,0,0,1.5,1,0,0,1,7,0,7,0,0,,,0,4,132.0,33.0,36.7,1.5,0,,0,4,33.0,0,1.0,2.0,1.0,1.0,0.68,1.47,132,True
301,Ahmed Fathy,MF,qa Qatar,33,,1993,3,1,150,1.7,0,0,0,0,0,0,2,0,0.0,0.0,0.0,0.0,0.0,1.7,0,0,0,,0.0,0.0,,,0,0,1.7,2,0,0,2,1,0,0,3,3,,,0,3,150.0,50.0,55.6,1.7,1,78.0,0,2,36.0,0,0.33,2.0,4.0,-2.0,-1.2,3.3,150,True
302,Hamdy Fathy,"DF,MF",eg Egypt,31,,1994,4,3,238,2.6,0,0,0,0,0,0,1,0,0.0,0.0,0.0,0.0,0.0,2.6,0,0,0,,0.0,0.0,,,0,0,2.6,1,0,0,3,2,1,1,2,3,,,0,4,238.0,60.0,49.6,2.6,3,64.0,0,1,45.0,0,1.25,3.0,6.0,-3.0,-1.13,-2.62,238,True
303,Ahmed Fatouh,DF,eg Egypt,28,,1998,3,3,267,3.0,0,0,0,0,0,0,1,0,0.0,0.0,0.0,0.0,0.0,3.0,0,1,1,100.0,0.34,0.34,0.0,0.0,0,0,3.0,1,0,0,2,3,0,8,4,5,,,0,3,267.0,89.0,55.6,3.0,3,89.0,2,0,,0,1.67,5.0,3.0,2.0,0.67,1.1,267,True
304,Abbosbek Fayzullayev,MF,uz Uzbekistan,22,,2003,3,3,220,2.4,1,0,1,1,0,0,0,0,0.41,0.0,0.41,0.41,0.41,2.4,1,3,2,66.7,1.23,0.82,0.33,0.5,0,0,2.4,0,0,0,6,4,0,10,1,6,,,0,3,220.0,73.0,81.5,2.4,3,73.0,0,0,,0,0.0,2.0,7.0,-5.0,-2.05,5.15,220,True
305,João Félix,MF,pt Portugal,26,,1999,3,3,201,2.2,0,0,0,0,0,0,0,0,0.0,0.0,0.0,0.0,0.0,2.2,0,6,1,16.7,2.69,0.45,0.0,0.0,0,0,2.2,0,0,0,3,6,0,4,3,4,,,0,3,201.0,67.0,44.7,2.2,3,67.0,0,0,,2,1.33,4.0,0.0,4.0,1.79,1.43,201,True
306,Lewis Ferguson,MF,sct Scotland,26,,1999,3,3,270,3.0,0,0,0,0,0,0,0,0,0.0,0.0,0.0,0.0,0.0,3.0,0,2,1,50.0,0.67,0.33,0.0,0.0,0,0,3.0,0,0,0,5,10,0,9,4,7,,,0,3,270.0,90.0,100.0,3.0,3,90.0,3,0,,0,1.0,1.0,4.0,-3.0,-1.0,,270,True
307,Bruno Fernandes,MF,pt Portugal,31,,1994,5,5,422,4.7,0,1,1,0,0,0,0,0,0.0,0.21,0.21,0.0,0.21,4.7,0,9,3,33.3,1.92,0.64,0.0,0.0,0,0,4.7,0,0,0,2,8,1,22,0,5,,,0,5,422.0,84.0,93.8,4.7,5,84.0,4,0,,0,1.6,6.0,3.0,3.0,0.64,-5.79,422,True
308,Enzo Fernández,MF,ar Argentina,25,,2001,7,7,659,7.3,2,0,2,2,0,0,2,1,0.27,0.0,0.27,0.27,0.27,7.3,2,12,4,33.3,1.64,0.55,0.17,0.5,0,0,7.3,2,1,1,12,6,1,5,6,7,,,0,7,659.0,94.0,81.4,7.3,7,94.0,5,0,,1,2.57,14.0,6.0,8.0,1.09,-0.7,659,True
309,Matias Fernandez-Pardo,"FW,MF",be Belgium,21,,2005,3,0,44,0.5,0,0,0,0,0,0,0,0,0.0,0.0,0.0,0.0,0.0,0.5,0,3,0,0.0,6.14,0.0,0.0,,0,0,0.5,0,0,0,0,0,0,2,0,1,,,0,3,44.0,15.0,7.7,0.5,0,,0,3,15.0,3,1.67,3.0,1.0,2.0,4.09,3.24,44,True
310,Álvaro Fidalgo,MF,mx Mexico,29,,1997,3,1,96,1.1,1,0,1,1,0,0,0,0,0.94,0.0,0.94,0.94,0.94,1.1,1,3,2,66.7,2.81,1.87,0.33,0.5,0,0,1.1,0,0,0,0,2,0,4,1,0,,,0,3,96.0,32.0,21.3,1.1,1,65.0,0,2,16.0,2,2.0,2.0,0.0,2.0,1.87,0.6,96,True
311,Sherel Floranus,DF,cw Curaçao,27,,1998,3,3,270,3.0,0,0,0,0,0,0,0,0,0.0,0.0,0.0,0.0,0.0,3.0,0,2,0,0.0,0.67,0.0,0.0,,0,0,3.0,0,0,0,2,0,1,0,4,6,,,0,3,270.0,90.0,100.0,3.0,3,90.0,3,0,,0,0.33,1.0,9.0,-8.0,-2.67,,270,True
312,Seko Fofana,MF,ci Côte d'Ivoire,31,,1995,2,1,92,1.0,0,0,0,0,0,0,1,0,0.0,0.0,0.0,0.0,0.0,1.0,0,5,1,20.0,4.89,0.98,0.0,0.0,0,0,1.0,1,0,0,1,0,0,0,2,0,,,0,2,92.0,46.0,25.6,1.0,1,76.0,0,1,16.0,2,1.5,0.0,1.0,-1.0,-0.98,-1.65,92,True
313,Yahia Fofana,GK,ci Côte d'Ivoire,25,,2000,4,4,360,4.0,0,0,0,0,0,0,0,0,0.0,0.0,0.0,0.0,0.0,4.0,0,0,0,,0.0,0.0,,,0,0,4.0,0,0,0,0,3,0,0,0,0,,,0,4,360.0,90.0,100.0,4.0,4,90.0,4,0,,0,1.5,5.0,4.0,1.0,0.25,,360,True
314,Deveron Fonville,DF,cw Curaçao,23,,2003,3,3,241,2.7,0,0,0,0,0,0,0,0,0.0,0.0,0.0,0.0,0.0,2.7,0,0,0,,0.0,0.0,,,0,0,2.7,0,0,0,2,3,0,0,5,3,,,0,3,241.0,80.0,89.3,2.7,3,80.0,1,0,,0,0.33,1.0,9.0,-8.0,-2.99,-2.99,241,True
315,Yassin Fortuné,"FW,MF",ht Haiti,27,,1999,1,0,6,0.1,0,0,0,0,0,0,0,0,0.0,0.0,0.0,0.0,0.0,0.1,0,0,0,,0.0,0.0,,,0,0,0.1,0,0,0,0,1,0,0,0,0,,,0,1,6.0,6.0,2.2,0.1,0,,0,1,6.0,2,0.0,0.0,0.0,0.0,0.0,2.05,6,True
316,Lyle Foster,FW,za South Africa,25,,2000,1,1,55,0.6,0,0,0,0,0,0,0,0,0.0,0.0,0.0,0.0,0.0,0.6,0,1,0,0.0,1.64,0.0,0.0,,0,0,0.6,0,0,0,0,1,0,0,0,0,,,0,1,55.0,55.0,15.3,0.6,1,55.0,0,0,,3,0.0,0.0,1.0,-1.0,-1.64,-1.34,55,True
317,Alan Franco,DF,ec Ecuador,27,,1998,4,4,251,2.8,0,0,0,0,0,0,2,0,0.0,0.0,0.0,0.0,0.0,2.8,0,0,0,,0.0,0.0,,,0,0,2.8,2,0,0,7,0,0,5,4,6,,,0,4,251.0,63.0,69.7,2.8,4,63.0,0,0,,0,1.0,1.0,3.0,-2.0,-0.72,-0.72,251,True
318,Alex Freeman,DF,us USA,21,,2004,5,4,374,4.2,1,1,2,1,0,0,0,0,0.24,0.24,0.48,0.24,0.48,4.2,1,4,1,25.0,0.96,0.24,0.25,1.0,0,0,4.2,0,0,0,1,1,0,4,7,6,,,0,5,374.0,75.0,83.1,4.2,4,90.0,4,1,14.0,0,1.8,9.0,6.0,3.0,0.72,0.72,374,True
319,Matt Freese,GK,us USA,27,,1998,4,4,360,4.0,0,0,0,0,0,0,0,0,0.0,0.0,0.0,0.0,0.0,4.0,0,0,0,,0.0,0.0,,,0,0,4.0,0,0,0,0,2,0,0,0,0,,,0,4,360.0,90.0,80.0,4.0,4,90.0,4,0,,1,2.25,9.0,5.0,4.0,1.0,2.0,360,True
320,Remo Freuler,MF,ch Switzerland,34,,1992,6,6,592,6.6,0,0,0,0,0,0,0,0,0.0,0.0,0.0,0.0,0.0,6.6,0,2,1,50.0,0.3,0.15,0.0,0.0,0,0,6.6,0,0,0,8,3,1,5,8,5,,,0,6,592.0,99.0,98.7,6.6,6,99.0,4,0,,0,1.83,10.0,4.0,6.0,0.91,23.41,592,True
321,Marco Friedl,DF,at Austria,28,,1998,1,0,24,0.3,0,0,0,0,0,0,0,0,0.0,0.0,0.0,0.0,0.0,0.3,0,0,0,,0.0,0.0,,,0,0,0.3,0,0,0,0,0,0,0,0,0,,,0,1,24.0,24.0,6.7,0.3,0,,0,1,24.0,3,0.0,0.0,1.0,-1.0,-3.75,-3.21,24,True
322,Juriën Gaari,DF,cw Curaçao,32,,1993,2,2,166,1.8,0,0,0,0,0,0,1,0,0.0,0.0,0.0,0.0,0.0,1.8,0,2,0,0.0,1.08,0.0,0.0,,0,0,1.8,1,0,0,4,1,0,0,2,2,,,0,2,166.0,83.0,61.5,1.8,2,83.0,1,0,,1,0.5,0.0,2.0,-2.0,-1.08,4.11,166,True
323,Jassem Gaber,MF,qa Qatar,24,,2002,3,3,149,1.7,0,0,0,0,0,0,1,0,0.0,0.0,0.0,0.0,0.0,1.7,0,0,0,,0.0,0.0,,,0,0,1.7,1,0,0,7,0,0,0,0,2,,,0,3,149.0,50.0,55.2,1.7,3,50.0,0,0,,0,0.33,1.0,6.0,-5.0,-3.02,-0.79,149,True
324,Cody Gakpo,FW,nl Netherlands,27,,1999,4,4,368,4.1,3,1,4,3,0,0,0,0,0.73,0.24,0.98,0.73,0.98,4.1,3,10,6,60.0,2.45,1.47,0.3,0.5,0,0,4.1,0,0,0,3,3,3,12,2,1,,,0,4,368.0,92.0,94.4,4.1,4,92.0,0,0,,0,2.0,11.0,4.0,7.0,1.71,5.8,368,True
325,Matías Galarza,MF,py Paraguay,24,,2002,4,4,388,4.3,1,1,2,1,0,0,2,0,0.23,0.23,0.46,0.23,0.46,4.3,1,2,1,50.0,0.46,0.23,0.5,1.0,0,0,4.3,2,0,0,10,9,0,4,7,11,,,0,4,388.0,97.0,80.8,4.3,4,97.0,2,0,,1,1.25,2.0,2.0,0.0,0.0,2.93,388,True
326,Hernán Galíndez,GK,ec Ecuador,39,,1987,4,4,360,4.0,0,0,0,0,0,0,0,0,0.0,0.0,0.0,0.0,0.0,4.0,0,0,0,,0.0,0.0,,,0,0,4.0,0,0,0,0,0,0,0,0,0,,,0,4,360.0,90.0,100.0,4.0,4,90.0,4,0,,0,1.0,2.0,4.0,-2.0,-0.5,,360,True
327,Jesús Gallardo,DF,mx Mexico,31,,1994,5,4,373,4.1,0,0,0,0,0,0,0,0,0.0,0.0,0.0,0.0,0.0,4.1,0,4,0,0.0,0.97,0.0,0.0,,0,0,4.1,0,0,0,7,3,0,16,7,1,,,0,5,373.0,75.0,82.9,4.1,4,90.0,4,1,13.0,0,2.4,8.0,3.0,5.0,1.21,-1.13,373,True
328,Ahmed Al-Ganehi,FW,qa Qatar,25,,2000,1,0,36,0.4,0,0,0,0,0,0,0,0,0.0,0.0,0.0,0.0,0.0,0.4,0,1,0,0.0,2.5,0.0,0.0,,0,0,0.4,0,0,0,1,0,0,1,0,1,,,0,1,36.0,36.0,13.3,0.4,0,,0,1,36.0,2,0.0,0.0,1.0,-1.0,-2.5,0.19,36,True
329,Ben Gannon-Doak,MF,sct Scotland,20,,2005,3,2,186,2.1,0,0,0,0,0,0,0,0,0.0,0.0,0.0,0.0,0.0,2.1,0,4,0,0.0,1.94,0.0,0.0,,0,0,2.1,0,0,0,3,1,0,6,0,1,,,0,3,186.0,62.0,68.9,2.1,2,78.0,0,1,31.0,0,1.0,1.0,3.0,-2.0,-0.97,0.1,186,True
330,Eric García,"DF,MF",es Spain,25,,2001,1,0,22,0.2,0,0,0,0,0,0,0,0,0.0,0.0,0.0,0.0,0.0,0.2,0,0,0,,0.0,0.0,,,0,0,0.2,0,0,0,1,0,0,0,1,0,,,0,1,22.0,22.0,2.9,0.2,0,,0,1,22.0,7,3.0,1.0,0.0,1.0,4.09,2.61,22,True
331,Gavi,FW,es Spain,21,,2004,2,1,76,0.8,0,0,0,0,0,0,0,0,0.0,0.0,0.0,0.0,0.0,0.8,0,1,0,0.0,1.18,0.0,0.0,,0,0,0.8,0,0,0,2,1,0,2,1,2,,,0,2,76.0,38.0,10.1,0.8,1,70.0,0,1,6.0,6,2.0,1.0,0.0,1.0,1.18,-0.42,76,True
332,Jason Geria,DF,au Australia,33,,1993,2,0,62,0.7,0,0,0,0,0,0,0,0,0.0,0.0,0.0,0.0,0.0,0.7,0,0,0,,0.0,0.0,,,0,0,0.7,0,0,0,2,0,0,1,2,1,,,0,2,62.0,31.0,15.9,0.7,0,,0,2,31.0,2,1.5,1.0,0.0,1.0,1.45,1.73,62,True
333,Khalid Al Ghannam,MF,sa Saudi Arabia,25,,2000,1,0,1,0.0,0,0,0,0,0,0,0,0,0.0,0.0,0.0,0.0,0.0,0.0,0,0,0,,0.0,0.0,,,0,0,0.0,0,0,0,0,0,0,0,0,0,,,0,1,1.0,1.0,0.4,0.0,0,,0,1,1.0,2,0.0,0.0,0.0,0.0,0.0,1.34,1,True
334,Ismaël Gharbi,MF,tn Tunisia,22,,2004,3,1,127,1.4,0,0,0,0,0,0,0,0,0.0,0.0,0.0,0.0,0.0,1.4,0,3,0,0.0,2.13,0.0,0.0,,0,0,1.4,0,0,0,0,2,0,1,1,1,,,0,3,127.0,42.0,47.0,1.4,1,74.0,0,2,27.0,0,0.0,1.0,7.0,-6.0,-4.25,-1.73,127,True
335,Mehdi Ghayedi,FW,ir IR Iran,27,,1998,1,0,45,0.5,0,0,0,0,0,0,0,0,0.0,0.0,0.0,0.0,0.0,0.5,0,1,0,0.0,2.0,0.0,0.0,,0,0,0.5,0,0,0,2,1,0,3,0,0,,,0,1,45.0,45.0,16.7,0.5,0,,0,1,45.0,2,1.0,1.0,1.0,0.0,0.0,0.0,45,True
336,Farés Ghedjemis,"FW,MF",dz Algeria,23,,2002,1,0,1,0.0,0,0,0,0,0,0,0,0,0.0,0.0,0.0,0.0,0.0,0.0,0,0,0,,0.0,0.0,,,0,0,0.0,0,0,0,0,0,0,0,0,0,,,0,1,1.0,1.0,0.3,0.0,0,,0,1,1.0,3,1.0,0.0,1.0,-1.0,-90.0,-89.25,1,True
337,Saman Ghoddos,MF,ir IR Iran,32,,1993,3,3,208,2.3,0,0,0,0,0,0,0,0,0.0,0.0,0.0,0.0,0.0,2.3,0,4,0,0.0,1.73,0.0,0.0,,0,0,2.3,0,0,0,3,0,1,1,5,4,,,0,3,208.0,69.0,77.0,2.3,3,69.0,0,0,,0,1.0,3.0,3.0,0.0,0.0,0.0,208,True
338,Mohammad Ghorbani,MF,ir IR Iran,25,,2001,1,1,90,1.0,0,0,0,0,0,0,0,0,0.0,0.0,0.0,0.0,0.0,1.0,0,2,1,50.0,2.0,1.0,0.0,0.0,0,0,1.0,0,0,0,2,1,0,0,2,2,,,0,1,90.0,90.0,33.3,1.0,1,90.0,1,0,,2,1.0,1.0,1.0,0.0,0.0,0.0,90,True
339,Lee Gi-hyuk,DF,kr Korea Republic,25,,2000,3,3,270,3.0,0,0,0,0,0,0,1,0,0.0,0.0,0.0,0.0,0.0,3.0,0,0,0,,0.0,0.0,,,0,0,3.0,1,0,0,2,1,0,2,5,4,,,0,3,270.0,90.0,100.0,3.0,3,90.0,3,0,,0,1.0,2.0,3.0,-1.0,-0.33,,270,True
340,Armin Gigovic,MF,ba Bosnia–Herz,24,,2002,2,1,79,0.9,0,0,0,0,0,0,0,0,0.0,0.0,0.0,0.0,0.0,0.9,0,0,0,,0.0,0.0,,,0,0,0.9,0,0,0,0,2,0,0,2,1,,,0,2,79.0,40.0,21.9,0.9,1,50.0,0,1,29.0,2,0.5,0.0,2.0,-2.0,-2.28,-1.96,79,True
341,Orlando Gill,GK,py Paraguay,26,,2000,5,5,480,5.3,0,0,0,0,0,0,0,0,0.0,0.0,0.0,0.0,0.0,5.3,0,0,0,,0.0,0.0,,,0,0,5.3,0,0,0,0,3,0,0,0,0,,,0,5,480.0,96.0,100.0,5.3,5,96.0,5,0,,0,1.0,3.0,6.0,-3.0,-0.56,,480,True
342,Santiago Giménez,FW,mx Mexico,25,,2001,4,0,86,1.0,0,0,0,0,0,0,0,0,0.0,0.0,0.0,0.0,0.0,1.0,0,2,1,50.0,2.09,1.05,0.0,0.0,0,0,1.0,0,0,0,1,3,0,0,0,0,,,0,4,86.0,22.0,19.1,1.0,0,,0,4,22.0,1,2.25,2.0,0.0,2.0,2.09,0.86,86,True
343,Aníbal Godoy,MF,pa Panama,36,,1990,1,0,1,0.0,0,0,0,0,0,0,0,0,0.0,0.0,0.0,0.0,0.0,0.0,0,0,0,,0.0,0.0,,,0,0,0.0,0,0,0,0,1,0,1,0,0,,,0,1,1.0,1.0,0.4,0.0,0,,0,1,1.0,2,0.0,0.0,1.0,-1.0,-90.0,-89.0,1,True
344,Andrés Gómez,MF,co Colombia,23,,2002,1,0,1,0.0,0,0,0,0,0,0,0,0,0.0,0.0,0.0,0.0,0.0,0.0,0,0,0,,0.0,0.0,,,0,0,0.0,0,0,0,0,0,0,0,1,0,,,0,1,1.0,1.0,0.2,0.0,0,,0,1,1.0,4,3.0,1.0,0.0,1.0,90.0,89.44,1,True
345,Diego Gómez,MF,py Paraguay,23,,2003,4,4,304,3.4,0,0,0,0,0,0,2,0,0.0,0.0,0.0,0.0,0.0,3.4,0,6,0,0.0,1.78,0.0,0.0,,0,0,3.4,2,0,0,5,1,0,1,9,6,,,0,4,304.0,76.0,63.3,3.4,4,76.0,0,0,,0,1.0,2.0,4.0,-2.0,-0.59,-0.08,304,True
346,Gustavo Gómez,DF,py Paraguay,33,,1993,5,5,480,5.3,0,0,0,0,0,0,0,0,0.0,0.0,0.0,0.0,0.0,5.3,0,2,0,0.0,0.37,0.0,0.0,,0,0,5.3,0,0,0,3,2,1,0,2,3,,,0,5,480.0,96.0,100.0,5.3,5,96.0,5,0,,0,1.0,3.0,6.0,-3.0,-0.56,,480,True
347,Armando González,FW,mx Mexico,23,,2003,1,0,15,0.2,0,0,0,0,0,0,0,0,0.0,0.0,0.0,0.0,0.0,0.2,0,0,0,,0.0,0.0,,,0,0,0.2,0,0,0,1,0,0,0,0,0,,,0,1,15.0,15.0,3.3,0.2,0,,0,1,15.0,4,3.0,0.0,0.0,0.0,0.0,-1.45,15,True
348,Nicolás González,MF,ar Argentina,28,,1998,7,1,259,2.9,0,1,1,0,0,0,0,0,0.0,0.35,0.35,0.0,0.35,2.9,0,7,1,14.3,2.43,0.35,0.0,0.0,0,0,2.9,0,0,0,4,3,2,6,1,3,,,0,7,259.0,37.0,32.0,2.9,1,45.0,0,6,36.0,1,2.57,12.0,2.0,10.0,3.47,3.31,259,True
349,Anthony Gordon,MF,eng England,25,,2001,6,5,396,4.4,1,3,4,1,0,0,0,0,0.23,0.68,0.91,0.23,0.91,4.4,1,6,4,66.7,1.36,0.91,0.17,0.25,0,0,4.4,0,0,0,4,10,0,8,3,3,,,0,6,396.0,66.0,52.8,4.4,5,73.0,1,1,30.0,2,2.17,10.0,5.0,5.0,1.14,0.37,396,True
350,Leon Goretzka,MF,de Germany,31,,1995,3,0,99,1.1,0,0,0,0,0,0,0,0,0.0,0.0,0.0,0.0,0.0,1.1,0,2,0,0.0,1.82,0.0,0.0,,0,0,1.1,0,0,0,0,0,0,1,1,1,,,0,3,99.0,33.0,25.4,1.1,0,,0,3,33.0,1,2.33,4.0,0.0,4.0,3.64,3.02,99,True
351,Kenji Gorré,"FW,MF",cw Curaçao,31,,1994,1,0,16,0.2,0,0,0,0,0,0,0,0,0.0,0.0,0.0,0.0,0.0,0.2,0,0,0,,0.0,0.0,,,0,0,0.2,0,0,0,0,0,0,0,0,0,,,0,1,16.0,16.0,5.9,0.2,0,,0,1,16.0,2,1.0,0.0,0.0,0.0,0.0,2.83,16,True
352,Keisuke Gotō,FW,jp Japan,21,,2005,1,0,7,0.1,0,0,0,0,0,0,0,0,0.0,0.0,0.0,0.0,0.0,0.1,0,0,0,,0.0,0.0,,,0,0,0.1,0,0,0,0,1,0,0,0,1,,,0,1,7.0,7.0,1.9,0.1,0,,0,1,7.0,3,3.0,0.0,0.0,0.0,0.0,-0.76,7,True
353,Amine Gouiri,FW,dz Algeria,26,,2000,4,3,251,2.8,1,0,1,1,0,0,0,0,0.36,0.0,0.36,0.36,0.36,2.8,1,3,2,66.7,1.08,0.72,0.33,0.5,0,0,2.8,0,0,0,1,1,0,1,0,1,,,0,4,251.0,63.0,69.7,2.8,3,73.0,0,1,33.0,0,1.0,4.0,5.0,-1.0,-0.36,2.12,251,True
354,Ryan Gravenberch,MF,nl Netherlands,24,,2002,4,4,345,3.8,0,2,2,0,0,0,0,0,0.0,0.52,0.52,0.0,0.52,3.8,0,5,0,0.0,1.3,0.0,0.0,,0,0,3.8,0,0,0,5,3,0,4,6,1,,,0,4,345.0,86.0,88.5,3.8,4,86.0,2,0,,0,2.0,11.0,3.0,8.0,2.09,6.09,345,True
355,Michael Gregoritsch,FW,at Austria,32,,1994,3,2,188,2.1,0,1,1,0,0,0,0,0,0.0,0.48,0.48,0.0,0.48,2.1,0,1,0,0.0,0.48,0.0,0.0,,0,0,2.1,0,0,0,1,1,2,0,0,0,,,0,3,188.0,63.0,52.2,2.1,2,72.0,0,1,45.0,1,0.33,2.0,4.0,-2.0,-0.96,-0.43,188,True
356,Florian Grillitsch,"DF,MF",at Austria,30,,1995,2,0,90,1.0,0,0,0,0,0,0,0,0,0.0,0.0,0.0,0.0,0.0,1.0,0,0,0,,0.0,0.0,,,0,0,1.0,0,0,0,3,1,0,1,0,1,,,0,2,90.0,45.0,25.0,1.0,0,,0,2,45.0,2,0.5,2.0,4.0,-2.0,-2.0,-1.67,90,True
357,Pascal Groß,"DF,MF",de Germany,34,,1991,1,0,18,0.2,0,0,0,0,0,0,0,0,0.0,0.0,0.0,0.0,0.0,0.2,0,1,0,0.0,5.0,0.0,0.0,,0,0,0.2,0,0,0,1,0,0,1,0,2,,,0,1,18.0,18.0,4.6,0.2,0,,0,1,18.0,3,0.0,0.0,1.0,-1.0,-5.0,-6.69,18,True
358,Gabriel Gudmundsson,"MF,DF",se Sweden,27,,1999,4,4,330,3.7,0,0,0,0,0,0,1,0,0.0,0.0,0.0,0.0,0.0,3.7,0,0,0,,0.0,0.0,,,0,0,3.7,1,0,0,5,7,0,4,5,3,,,0,4,330.0,83.0,91.7,3.7,4,83.0,1,0,,0,1.0,5.0,10.0,-5.0,-1.36,-7.36,330,True
359,Cho Gue-sung,FW,kr Korea Republic,28,,1998,2,0,31,0.3,0,0,0,0,0,0,1,0,0.0,0.0,0.0,0.0,0.0,0.3,0,2,1,50.0,5.81,2.9,0.0,0.0,0,0,0.3,1,0,0,1,0,0,0,0,0,,,0,2,31.0,16.0,11.5,0.3,0,,0,2,16.0,1,0.0,0.0,0.0,0.0,0.0,0.38,31,True
360,Marc Guéhi,DF,eng England,25,,2000,8,7,663,7.4,0,0,0,0,0,0,1,0,0.0,0.0,0.0,0.0,0.0,7.4,0,1,0,0.0,0.14,0.0,0.0,,0,0,7.4,1,0,0,4,13,0,0,6,1,,,0,8,663.0,83.0,88.4,7.4,7,94.0,6,1,4.0,0,2.38,15.0,9.0,6.0,0.81,-1.25,663,True
361,Evann Guessand,"FW,MF",ci Côte d'Ivoire,24,,2001,2,0,17,0.2,0,0,0,0,0,0,0,0,0.0,0.0,0.0,0.0,0.0,0.2,0,1,0,0.0,5.29,0.0,0.0,,0,0,0.2,0,0,0,1,0,0,0,0,0,,,0,2,17.0,9.0,4.7,0.2,0,,0,2,9.0,2,0.0,0.0,1.0,-1.0,-5.29,-5.82,17,True
362,Idrissa Gueye,MF,sn Senegal,36,,1989,4,4,361,4.0,0,0,0,0,0,0,0,0,0.0,0.0,0.0,0.0,0.0,4.0,0,5,1,20.0,1.25,0.25,0.0,0.0,0,0,4.0,0,0,0,2,2,0,1,2,4,,,0,4,361.0,90.0,92.6,4.0,4,90.0,2,0,,0,0.75,9.0,7.0,2.0,0.5,3.6,361,True
363,Pape Gueye,MF,sn Senegal,27,,1999,4,3,234,2.6,2,1,3,2,0,0,1,0,0.77,0.38,1.15,0.77,1.15,2.6,2,8,3,37.5,3.08,1.15,0.25,0.67,0,0,2.6,1,0,0,4,2,0,3,4,1,,,0,4,234.0,59.0,60.0,2.6,3,67.0,0,1,34.0,0,0.75,6.0,4.0,2.0,0.77,1.35,234,True
364,Bruno Guimarães,MF,br Brazil,28,,1997,5,5,416,4.6,0,4,4,0,0,1,0,0,0.0,0.87,0.87,0.0,0.87,4.6,0,8,2,25.0,1.73,0.43,0.0,0.0,0,1,4.6,0,0,0,4,7,0,16,2,6,,,0,5,416.0,83.0,92.4,4.6,5,83.0,1,0,,0,2.0,8.0,3.0,5.0,1.08,-1.57,416,True
365,Deniz Gül,FW,tr Türkiye,21,,2004,2,0,37,0.4,0,0,0,0,0,0,0,0,0.0,0.0,0.0,0.0,0.0,0.4,0,2,1,50.0,4.86,2.43,0.0,0.0,0,0,0.4,0,0,0,2,0,0,0,0,0,,,0,2,37.0,19.0,13.7,0.4,0,,0,2,19.0,1,0.0,0.0,0.0,0.0,0.0,0.77,37,True
366,Arda Güler,MF,tr Türkiye,21,,2005,3,3,270,3.0,1,0,1,1,0,0,0,0,0.33,0.0,0.33,0.33,0.33,3.0,1,12,4,33.3,4.0,1.33,0.08,0.25,0,0,3.0,0,0,0,3,10,2,14,2,3,,,0,3,270.0,90.0,100.0,3.0,3,90.0,3,0,,0,1.0,3.0,5.0,-2.0,-0.67,,270,True
367,Angus Gunn,GK,sct Scotland,30,,1996,3,3,270,3.0,0,0,0,0,0,0,0,0,0.0,0.0,0.0,0.0,0.0,3.0,0,0,0,,0.0,0.0,,,0,0,3.0,0,0,0,0,0,0,0,0,1,,,0,3,270.0,90.0,100.0,3.0,3,90.0,3,0,,0,1.0,1.0,4.0,-3.0,-1.0,,270,True
368,Malo Gusto,DF,fr France,23,,2003,5,1,121,1.3,0,0,0,0,0,0,0,0,0.0,0.0,0.0,0.0,0.0,1.3,0,0,0,,0.0,0.0,,,0,0,1.3,0,0,0,4,2,0,2,2,3,,,0,5,121.0,24.0,16.8,1.3,1,89.0,0,4,8.0,3,2.4,4.0,5.0,-1.0,-0.74,-2.4,121,True
369,Brian Gutiérrez,MF,mx Mexico,22,,2003,4,2,198,2.2,0,0,0,0,0,0,1,0,0.0,0.0,0.0,0.0,0.0,2.2,0,6,0,0.0,2.73,0.0,0.0,,0,0,2.2,1,0,0,5,3,0,5,2,1,,,0,4,198.0,50.0,44.0,2.2,2,68.0,0,2,32.0,1,2.25,3.0,0.0,3.0,1.36,-0.06,198,True
370,Jorge Gutiérrez,DF,pa Panama,27,,1998,1,1,87,1.0,0,0,0,0,0,0,0,0,0.0,0.0,0.0,0.0,0.0,1.0,0,0,0,,0.0,0.0,,,0,0,1.0,0,0,0,1,2,0,0,1,1,,,0,1,87.0,87.0,32.2,1.0,1,87.0,0,0,,2,0.0,0.0,2.0,-2.0,-2.07,-1.09,87,True
371,Joško Gvardiol,DF,hr Croatia,24,,2002,4,2,139,1.5,0,0,0,0,0,0,0,0,0.0,0.0,0.0,0.0,0.0,1.5,0,1,0,0.0,0.65,0.0,0.0,,0,0,1.5,0,0,0,2,3,0,0,2,2,,,0,4,139.0,35.0,38.6,1.5,2,68.0,1,2,2.0,0,1.5,2.0,5.0,-3.0,-1.94,-2.76,139,True
372,Viktor Gyökeres,FW,se Sweden,28,,1998,4,4,360,4.0,1,2,3,1,0,0,1,0,0.25,0.5,0.75,0.25,0.75,4.0,1,12,6,50.0,3.0,1.5,0.08,0.17,0,0,4.0,1,0,0,4,7,1,1,0,1,,,0,4,360.0,90.0,100.0,4.0,4,90.0,4,0,,0,1.0,7.0,10.0,-3.0,-0.75,,360,True
373,Aziz Gʻaniyev,MF,uz Uzbekistan,28,,1998,2,1,122,1.4,0,0,0,0,0,0,0,0,0.0,0.0,0.0,0.0,0.0,1.4,0,1,0,0.0,0.74,0.0,0.0,,0,0,1.4,0,0,0,2,1,0,6,0,6,,,0,2,122.0,61.0,45.2,1.4,1,90.0,1,1,32.0,1,0.0,0.0,8.0,-8.0,-5.9,-5.29,122,True
374,Erling Haaland,FW,no Norway,25,,2000,5,5,465,5.2,7,0,7,7,0,0,0,0,1.35,0.0,1.35,1.35,1.35,5.2,7,20,13,65.0,3.87,2.52,0.35,0.54,0,0,5.2,0,0,0,5,3,0,1,1,0,,,0,5,465.0,93.0,81.6,5.2,5,93.0,4,0,,1,2.4,12.0,7.0,5.0,0.97,3.54,465,True
375,Ihsan Haddad,DF,jo Jordan,32,,1994,3,3,260,2.9,0,1,1,0,0,0,0,0,0.0,0.35,0.35,0.0,0.35,2.9,0,1,0,0.0,0.35,0.0,0.0,,0,0,2.9,0,0,0,3,1,0,8,2,1,,,0,3,260.0,87.0,96.3,2.9,3,87.0,2,0,,0,0.0,3.0,7.0,-4.0,-1.38,7.62,260,True
376,Anis Hadj Moussa,MF,dz Algeria,24,,2002,3,1,98,1.1,0,0,0,0,0,0,0,0,0.0,0.0,0.0,0.0,0.0,1.1,0,2,0,0.0,1.84,0.0,0.0,,0,0,1.1,0,0,0,0,2,0,5,1,0,,,0,3,98.0,33.0,27.2,1.1,1,63.0,0,2,18.0,1,1.0,1.0,2.0,-1.0,-0.92,0.11,98,True
377,Jaouen Hadjam,DF,dz Algeria,23,,2003,3,1,109,1.2,0,0,0,0,0,0,0,0,0.0,0.0,0.0,0.0,0.0,1.2,0,1,0,0.0,0.83,0.0,0.0,,0,0,1.2,0,0,0,0,0,0,1,1,1,,,0,3,109.0,36.0,30.3,1.2,1,70.0,0,2,20.0,1,1.33,2.0,2.0,0.0,0.0,1.43,109,True
378,Amir Hadžiahmetović,MF,ba Bosnia–Herz,29,,1997,1,0,6,0.1,0,0,0,0,0,0,0,0,0.0,0.0,0.0,0.0,0.0,0.1,0,0,0,,0.0,0.0,,,0,0,0.1,0,0,0,0,0,0,1,0,0,,,0,1,6.0,6.0,1.7,0.1,0,,0,1,6.0,3,0.0,1.0,2.0,-1.0,-15.0,-14.49,6,True
379,Dennis Hadžikadunić,DF,ba Bosnia–Herz,27,,1998,1,0,27,0.3,0,1,1,0,0,0,0,0,0.0,3.33,3.33,0.0,3.33,0.3,0,0,0,,0.0,0.0,,,0,0,0.3,0,0,0,1,0,0,0,0,2,,,0,1,27.0,27.0,7.5,0.3,0,,0,1,27.0,3,3.0,1.0,0.0,1.0,3.33,4.41,27,True
380,Karim Hafez,DF,eg Egypt,30,,1996,3,2,172,1.9,0,1,1,0,0,0,0,0,0.0,0.52,0.52,0.0,0.52,1.9,0,1,0,0.0,0.52,0.0,0.0,,0,0,1.9,0,0,0,1,2,0,3,3,1,,,0,3,172.0,57.0,35.8,1.9,2,85.0,1,1,3.0,2,0.67,3.0,4.0,-1.0,-0.52,-1.11,172,True
381,Ehsan Hajsafi,DF,ir IR Iran,36,,1990,2,1,91,1.0,0,0,0,0,0,0,1,0,0.0,0.0,0.0,0.0,0.0,1.0,0,1,0,0.0,0.99,0.0,0.0,,0,0,1.0,1,0,0,2,1,0,2,1,0,,,0,2,91.0,46.0,33.7,1.0,1,65.0,0,1,26.0,1,1.0,0.0,0.0,0.0,0.0,0.0,91,True
382,Achraf Hakimi,DF,ma Morocco,27,,1998,6,6,570,6.3,1,2,3,1,0,0,1,0,0.16,0.32,0.47,0.16,0.47,6.3,1,14,4,28.6,2.21,0.63,0.07,0.25,0,0,6.3,1,0,0,7,16,0,35,5,10,,,0,6,570.0,95.0,100.0,6.3,6,95.0,6,0,,0,1.83,10.0,6.0,4.0,0.63,,570,True
383,Redouane Halhal,DF,ma Morocco,23,,2003,2,2,180,2.0,0,0,0,0,0,0,1,0,0.0,0.0,0.0,0.0,0.0,2.0,0,0,0,,0.0,0.0,,,0,0,2.0,1,0,0,3,5,1,0,1,1,,,0,2,180.0,90.0,31.6,2.0,2,90.0,2,0,,4,3.0,7.0,2.0,5.0,2.5,2.73,180,True
384,Ali Al Hamadi,FW,iq Iraq,24,,2002,3,2,180,2.0,0,0,0,0,0,0,0,0,0.0,0.0,0.0,0.0,0.0,2.0,0,6,0,0.0,3.0,0.0,0.0,,0,0,2.0,0,0,0,1,5,0,0,2,2,,,0,3,180.0,60.0,66.7,2.0,2,58.0,0,1,65.0,0,0.0,1.0,6.0,-5.0,-2.5,3.5,180,True
385,Abdullah Al-Hamdan,FW,sa Saudi Arabia,26,,1999,3,0,71,0.8,0,0,0,0,0,0,0,0,0.0,0.0,0.0,0.0,0.0,0.8,0,2,2,100.0,2.54,2.54,0.0,0.0,0,0,0.8,0,0,0,2,0,0,1,0,0,,,0,3,71.0,24.0,26.3,0.8,0,,0,3,24.0,0,0.67,0.0,1.0,-1.0,-1.27,0.09,71,True
386,Mohamed Amine Ben Hamida,DF,tn Tunisia,30,,1995,3,2,202,2.2,0,0,0,0,0,0,0,0,0.0,0.0,0.0,0.0,0.0,2.2,0,0,0,,0.0,0.0,,,0,0,2.2,0,0,0,3,1,0,1,1,9,,,0,3,202.0,67.0,74.8,2.2,2,79.0,1,1,45.0,0,0.0,2.0,10.0,-8.0,-3.56,-0.92,202,True
387,Odiljon Hamrobekov,MF,uz Uzbekistan,30,,1996,2,1,77,0.9,0,0,0,0,0,0,1,0,0.0,0.0,0.0,0.0,0.0,0.9,0,1,0,0.0,1.17,0.0,0.0,,0,0,0.9,1,0,0,1,1,0,0,0,0,,,0,2,77.0,39.0,28.5,0.9,1,45.0,0,1,32.0,1,0.0,0.0,6.0,-6.0,-7.01,-5.61,77,True
388,Lee Han-beom,DF,kr Korea Republic,23,,2002,3,3,270,3.0,0,0,0,0,0,0,0,0,0.0,0.0,0.0,0.0,0.0,3.0,0,2,0,0.0,0.67,0.0,0.0,,0,0,3.0,0,0,0,7,2,0,2,3,2,,,0,3,270.0,90.0,100.0,3.0,3,90.0,3,0,,0,1.0,2.0,3.0,-1.0,-0.33,,270,True
389,Grant Hanley,DF,sct Scotland,34,,1991,2,2,180,2.0,0,0,0,0,0,0,0,0,0.0,0.0,0.0,0.0,0.0,2.0,0,0,0,,0.0,0.0,,,0,0,2.0,0,0,0,1,0,1,0,1,2,,,0,2,180.0,90.0,66.7,2.0,2,90.0,2,0,,1,1.5,1.0,1.0,0.0,0.0,3.0,180,True
390,Sontje Hansen,FW,cw Curaçao,24,,2002,1,1,45,0.5,0,0,0,0,0,0,0,0,0.0,0.0,0.0,0.0,0.0,0.5,0,1,1,100.0,2.0,2.0,0.0,0.0,0,0,0.5,0,0,0,0,0,0,0,0,0,,,0,1,45.0,45.0,16.7,0.5,1,45.0,0,0,,2,0.0,1.0,3.0,-2.0,-4.0,-1.6,45,True
391,Mohamed Hany,DF,eg Egypt,30,,1996,5,5,480,5.3,0,1,1,0,0,0,0,0,0.0,0.19,0.19,0.0,0.19,5.3,0,4,0,0.0,0.75,0.0,0.0,,0,0,5.3,0,0,0,2,1,0,15,6,9,,,2,5,480.0,96.0,100.0,5.3,5,96.0,5,0,,0,1.2,8.0,7.0,1.0,0.19,,480,True
392,Moteb Al-Harbi,DF,sa Saudi Arabia,26,,2000,3,2,188,2.1,0,0,0,0,0,0,0,0,0.0,0.0,0.0,0.0,0.0,2.1,0,0,0,,0.0,0.0,,,0,0,2.1,0,0,0,0,4,0,1,4,1,,,0,3,188.0,63.0,69.6,2.1,2,90.0,1,1,9.0,0,0.67,1.0,5.0,-4.0,-1.91,-1.91,188,True
393,Saleh Hardani,DF,ir IR Iran,27,,1998,2,1,90,1.0,0,0,0,0,0,0,0,0,0.0,0.0,0.0,0.0,0.0,1.0,0,0,0,,0.0,0.0,,,0,0,1.0,0,0,0,0,2,0,1,2,2,,,0,2,90.0,45.0,33.3,1.0,1,45.0,0,1,45.0,1,1.0,0.0,0.0,0.0,0.0,0.0,90,True
394,Carlos Harvey,MF,pa Panama,26,,2000,3,3,267,3.0,0,0,0,0,0,0,1,0,0.0,0.0,0.0,0.0,0.0,3.0,0,5,0,0.0,1.69,0.0,0.0,,0,0,3.0,1,0,0,8,3,0,0,0,3,,,0,3,267.0,89.0,98.9,3.0,3,89.0,2,0,,0,0.0,0.0,4.0,-4.0,-1.35,-1.35,267,True
395,Akam Hashim,DF,iq Iraq,27,,1998,3,3,270,3.0,0,0,0,0,0,0,0,0,0.0,0.0,0.0,0.0,0.0,3.0,0,1,0,0.0,0.33,0.0,0.0,,0,0,3.0,0,0,0,0,3,0,0,2,1,,,0,3,270.0,90.0,100.0,3.0,3,90.0,3,0,,0,0.0,1.0,12.0,-11.0,-3.67,,270,True
396,Haissem Hassan,MF,eg Egypt,24,,2002,2,1,126,1.4,0,1,1,0,0,0,2,0,0.0,0.71,0.71,0.0,0.71,1.4,0,1,0,0.0,0.71,0.0,0.0,,0,0,1.4,2,0,0,2,2,0,9,0,1,,,0,2,126.0,63.0,26.3,1.4,1,72.0,0,1,54.0,3,0.5,2.0,0.0,2.0,1.43,1.68,126,True
397,Jalal Hassan,GK,iq Iraq,35,,1991,2,1,135,1.5,0,0,0,0,0,0,0,0,0.0,0.0,0.0,0.0,0.0,1.5,0,0,0,,0.0,0.0,,,0,0,1.5,0,0,0,0,1,0,0,0,0,,,0,2,135.0,68.0,50.0,1.5,1,90.0,1,1,45.0,1,0.0,1.0,8.0,-7.0,-4.67,-2.0,135,True
398,Abdulaziz Hatem,MF,qa Qatar,36,,1990,1,0,45,0.5,0,0,0,0,0,0,0,0,0.0,0.0,0.0,0.0,0.0,0.5,0,0,0,,0.0,0.0,,,0,0,0.5,0,0,0,1,0,0,0,0,0,,,0,1,45.0,45.0,16.7,0.5,0,,0,1,45.0,2,0.0,0.0,1.0,-1.0,-2.0,0.8,45,True
399,Jorrel Hato,DF,nl Netherlands,20,,2006,1,0,35,0.4,0,0,0,0,0,0,0,0,0.0,0.0,0.0,0.0,0.0,0.4,0,0,0,,0.0,0.0,,,0,0,0.4,0,0,0,0,0,0,1,0,0,,,0,1,35.0,35.0,9.0,0.4,0,,0,1,35.0,3,1.0,0.0,1.0,-1.0,-2.57,-4.35,35,True
400,Kai Havertz,FW,de Germany,27,,1999,4,4,353,3.9,3,0,3,2,1,1,1,0,0.76,0.0,0.76,0.51,0.51,3.9,3,12,7,58.3,3.06,1.78,0.25,0.43,1,1,3.9,1,0,0,3,4,1,1,1,2,,,0,4,353.0,88.0,90.5,3.9,4,88.0,2,0,,0,1.75,10.0,4.0,6.0,1.53,1.53,353,True
401,Hassan Al-Haydos,MF,qa Qatar,35,,1990,2,1,57,0.6,1,0,1,1,0,0,0,0,1.58,0.0,1.58,1.58,1.58,0.6,1,1,1,100.0,1.58,1.58,1.0,1.0,0,0,0.6,0,0,0,1,1,0,0,0,0,,,0,2,57.0,29.0,21.1,0.6,1,54.0,0,1,3.0,1,0.5,2.0,2.0,0.0,0.0,3.38,57,True
402,Jan Paul van Hecke,DF,nl Netherlands,26,,2000,4,4,390,4.3,1,0,1,1,0,0,0,0,0.23,0.0,0.23,0.23,0.23,4.3,1,3,2,66.7,0.69,0.46,0.33,0.5,0,0,4.3,0,0,0,4,2,0,1,4,3,,,0,4,390.0,98.0,100.0,4.3,4,98.0,4,0,,0,2.0,11.0,5.0,6.0,1.38,,390,True
403,Hwang Hee-chan,FW,kr Korea Republic,30,,1996,3,1,108,1.2,0,0,0,0,0,0,0,0,0.0,0.0,0.0,0.0,0.0,1.2,0,1,0,0.0,0.83,0.0,0.0,,0,0,1.2,0,0,0,1,2,0,0,0,1,,,0,3,108.0,36.0,40.0,1.2,1,45.0,0,2,32.0,0,1.0,2.0,0.0,2.0,1.67,3.33,108,True
404,Torbjørn Heggem,DF,no Norway,27,,1999,5,5,443,4.9,0,0,0,0,0,0,0,0,0.0,0.0,0.0,0.0,0.0,4.9,0,1,1,100.0,0.2,0.2,0.0,0.0,0,0,4.9,0,0,0,2,0,0,0,2,7,,,0,5,443.0,89.0,77.7,4.9,5,89.0,3,0,,1,2.4,12.0,5.0,7.0,1.42,4.97,443,True
405,Alaa Al Hejji,MF,sa Saudi Arabia,30,,1995,2,0,32,0.4,0,0,0,0,0,0,0,0,0.0,0.0,0.0,0.0,0.0,0.4,0,0,0,,0.0,0.0,,,0,0,0.4,0,0,0,0,0,0,0,1,0,,,0,2,32.0,16.0,11.9,0.4,0,,0,2,16.0,1,0.5,0.0,0.0,0.0,0.0,1.51,32,True
406,Dean Henderson,GK,eng England,29,,1997,1,1,90,1.0,0,0,0,0,0,0,0,0,0.0,0.0,0.0,0.0,0.0,1.0,0,0,0,,0.0,0.0,,,0,0,1.0,0,0,0,0,0,0,0,1,0,,,0,1,90.0,90.0,12.0,1.0,1,90.0,1,0,,7,3.0,6.0,4.0,2.0,2.0,1.18,90,True
407,Jordan Henderson,MF,eng England,35,,1990,1,0,7,0.1,0,0,0,0,0,0,1,0,0.0,0.0,0.0,0.0,0.0,0.1,0,0,0,,0.0,0.0,,,0,0,0.1,1,0,0,0,1,0,2,0,1,,,0,1,7.0,7.0,0.9,0.1,0,,0,1,7.0,6,3.0,3.0,2.0,1.0,12.86,12.01,7,True
408,Jack Hendry,DF,sct Scotland,31,,1995,3,3,270,3.0,0,0,0,0,0,0,0,0,0.0,0.0,0.0,0.0,0.0,3.0,0,0,0,,0.0,0.0,,,0,0,3.0,0,0,0,1,3,0,0,0,2,,,0,3,270.0,90.0,100.0,3.0,3,90.0,3,0,,0,1.0,1.0,4.0,-3.0,-1.0,,270,True
409,Luiz Henrique,"FW,MF",br Brazil,25,,2001,1,0,29,0.3,0,0,0,0,0,0,0,0,0.0,0.0,0.0,0.0,0.0,0.3,0,0,0,,0.0,0.0,,,0,0,0.3,0,0,0,0,1,0,0,0,0,,,0,1,29.0,29.0,6.4,0.3,0,,0,1,29.0,4,1.0,0.0,0.0,0.0,0.0,-1.28,29,True
410,Theo Hernández,DF,fr France,28,,1997,5,3,257,2.9,0,0,0,0,0,0,0,0,0.0,0.0,0.0,0.0,0.0,2.9,0,3,0,0.0,1.05,0.0,0.0,,0,0,2.9,0,0,0,2,4,0,6,3,1,,,0,5,257.0,51.0,35.7,2.9,3,75.0,2,2,16.0,3,1.8,7.0,6.0,1.0,0.35,-1.4,257,True
411,Lucas Herrington,DF,au Australia,18,,2007,2,2,210,2.3,0,0,0,0,0,0,0,0,0.0,0.0,0.0,0.0,0.0,2.3,0,0,0,,0.0,0.0,,,0,0,2.3,0,0,0,2,0,0,0,2,1,,,0,2,210.0,105.0,53.8,2.3,2,105.0,2,0,,2,1.0,1.0,1.0,0.0,0.0,0.0,210,True
412,Son Heung-min,FW,kr Korea Republic,33,,1992,3,2,169,1.9,0,0,0,0,0,0,0,0,0.0,0.0,0.0,0.0,0.0,1.9,0,7,1,14.3,3.73,0.53,0.0,0.0,0,0,1.9,0,0,0,0,4,2,3,0,1,,,0,3,169.0,56.0,62.6,1.9,2,62.0,0,1,45.0,0,1.0,1.0,3.0,-2.0,-1.07,-1.96,169,True
413,Aaron Hickey,DF,sct Scotland,24,,2002,1,1,74,0.8,0,0,0,0,0,0,1,0,0.0,0.0,0.0,0.0,0.0,0.8,0,0,0,,0.0,0.0,,,0,0,0.8,1,0,0,2,4,0,1,1,0,,,0,1,74.0,74.0,27.4,0.8,1,74.0,0,0,,2,3.0,1.0,0.0,1.0,1.22,3.05,74,True
414,Isak Hien,DF,se Sweden,27,,1999,3,3,216,2.4,0,0,0,0,0,0,1,0,0.0,0.0,0.0,0.0,0.0,2.4,0,0,0,,0.0,0.0,,,0,0,2.4,1,0,0,3,3,0,0,1,3,,,0,3,216.0,72.0,60.0,2.4,3,72.0,2,0,,0,1.33,6.0,6.0,0.0,0.0,1.87,216,True
415,Piero Hincapié,DF,ec Ecuador,24,,2002,4,4,339,3.8,0,0,0,0,0,0,1,1,0.0,0.0,0.0,0.0,0.0,3.8,0,3,0,0.0,0.8,0.0,0.0,,0,0,3.8,1,1,0,5,4,0,14,4,5,,,0,4,339.0,85.0,94.2,3.8,4,85.0,2,0,,0,1.0,1.0,4.0,-3.0,-0.8,-5.08,339,True
416,Adam Hložek,FW,cz Czechia,23,,2002,3,2,156,1.7,0,0,0,0,0,0,0,0,0.0,0.0,0.0,0.0,0.0,1.7,0,3,1,33.3,1.73,0.58,0.0,0.0,0,0,1.7,0,0,0,4,4,0,0,1,1,,,0,3,156.0,52.0,57.8,1.7,2,65.0,0,1,27.0,0,0.33,1.0,4.0,-3.0,-1.73,-0.94,156,True
417,Tomáš Holeš,DF,cz Czechia,33,,1993,2,2,153,1.7,0,0,0,0,0,0,0,0,0.0,0.0,0.0,0.0,0.0,1.7,0,0,0,,0.0,0.0,,,0,0,1.7,0,0,0,2,2,0,0,4,3,,,0,2,153.0,77.0,56.7,1.7,2,77.0,1,0,,1,0.5,1.0,3.0,-2.0,-1.18,0.36,153,True
418,Amirhossein Hosseinzadeh,FW,ir IR Iran,25,,2000,2,0,17,0.2,0,0,0,0,0,0,0,0,0.0,0.0,0.0,0.0,0.0,0.2,0,1,0,0.0,5.29,0.0,0.0,,0,0,0.2,0,0,0,0,0,0,0,0,2,,,0,2,17.0,9.0,6.3,0.2,0,,0,2,9.0,1,1.0,0.0,0.0,0.0,0.0,0.0,17,True
419,Robin Hranáč,DF,cz Czechia,26,,2000,3,3,270,3.0,0,0,0,0,0,0,0,0,0.0,0.0,0.0,0.0,0.0,3.0,0,0,0,,0.0,0.0,,,0,0,3.0,0,0,0,6,0,0,1,1,0,,,0,3,270.0,90.0,100.0,3.0,3,90.0,3,0,,0,0.33,2.0,6.0,-4.0,-1.33,,270,True
420,Ajdin Hrustic,MF,au Australia,29,,1996,2,0,80,0.9,0,0,0,0,0,0,0,0,0.0,0.0,0.0,0.0,0.0,0.9,0,3,0,0.0,3.38,0.0,0.0,,0,0,0.9,0,0,0,1,0,0,5,0,0,,,0,2,80.0,40.0,20.5,0.9,0,,0,2,40.0,2,1.0,0.0,0.0,0.0,0.0,0.0,80,True
421,César Huerta,"FW,MF",mx Mexico,25,,2000,1,0,7,0.1,0,0,0,0,0,0,0,0,0.0,0.0,0.0,0.0,0.0,0.1,0,0,0,,0.0,0.0,,,0,0,0.1,0,0,0,0,0,0,0,0,0,,,0,1,7.0,7.0,1.6,0.1,0,,0,1,7.0,4,3.0,0.0,0.0,0.0,0.0,-1.42,7,True
422,Al-Hashmi Al-Hussain,MF,qa Qatar,22,,2003,1,0,32,0.4,0,0,0,0,0,0,0,0,0.0,0.0,0.0,0.0,0.0,0.4,0,0,0,,0.0,0.0,,,0,0,0.4,0,0,0,2,2,0,0,1,2,,,0,1,32.0,32.0,11.9,0.4,0,,0,1,32.0,2,0.0,0.0,3.0,-3.0,-8.44,-6.55,32,True
423,Ayman Hussein,FW,iq Iraq,30,,1996,2,2,115,1.3,1,0,1,1,0,0,0,0,0.78,0.0,0.78,0.78,0.78,1.3,1,3,1,33.3,2.35,0.78,0.33,1.0,0,0,1.3,0,0,0,2,1,0,0,0,0,,,1,2,115.0,58.0,42.6,1.3,2,58.0,1,0,,1,0.0,1.0,5.0,-4.0,-3.13,0.93,115,True
424,Oh Hyeon-gyu,FW,kr Korea Republic,25,,2001,3,1,129,1.4,1,0,1,1,0,0,0,0,0.7,0.0,0.7,0.7,0.7,1.4,1,4,2,50.0,2.79,1.4,0.25,0.5,0,0,1.4,0,0,0,0,1,0,1,0,0,,,0,3,129.0,43.0,47.8,1.4,1,73.0,0,2,28.0,0,1.0,1.0,1.0,0.0,0.0,0.64,129,True
425,Yang Hyun-jun,"FW,MF",kr Korea Republic,24,,2002,1,0,20,0.2,0,0,0,0,0,0,0,0,0.0,0.0,0.0,0.0,0.0,0.2,0,1,1,100.0,4.5,4.5,0.0,0.0,0,0,0.2,0,0,0,1,0,1,0,1,1,,,0,1,20.0,20.0,7.4,0.2,0,,0,1,20.0,2,0.0,0.0,0.0,0.0,0.0,0.36,20,True
426,Roger Ibanez,DF,br Brazil,27,,1998,1,1,45,0.5,0,0,0,0,0,0,1,0,0.0,0.0,0.0,0.0,0.0,0.5,0,0,0,,0.0,0.0,,,0,0,0.5,1,0,0,2,1,0,0,1,2,,,0,1,45.0,45.0,10.0,0.5,1,45.0,0,0,,4,1.0,1.0,1.0,0.0,0.0,-1.33,45,True
427,Yasser Ibrahim,DF,eg Egypt,33,,1993,5,4,467,5.2,1,0,1,1,0,0,2,0,0.19,0.0,0.19,0.19,0.19,5.2,1,1,1,100.0,0.19,0.19,1.0,1.0,0,0,5.2,2,0,0,6,3,0,0,3,6,,,0,5,467.0,93.0,97.3,5.2,4,98.0,4,1,77.0,0,1.2,7.0,6.0,1.0,0.19,0.19,467,True
428,Borja Iglesias,FW,es Spain,33,,1993,1,0,1,0.0,0,0,0,0,0,0,0,0,0.0,0.0,0.0,0.0,0.0,0.0,0,0,0,,0.0,0.0,,,0,0,0.0,0,0,0,0,0,0,0,0,0,,,0,1,1.0,1.0,0.1,0.0,0,,0,1,1.0,7,3.0,0.0,0.0,0.0,0.0,-1.56,1,True
429,Hwang In-beom,MF,kr Korea Republic,29,,1996,3,3,263,2.9,1,1,2,1,0,0,0,0,0.34,0.34,0.68,0.34,0.68,2.9,1,4,2,50.0,1.37,0.68,0.25,0.5,0,0,2.9,0,0,0,1,1,0,2,4,2,,,0,3,263.0,88.0,97.4,2.9,3,88.0,2,0,,0,1.0,2.0,3.0,-1.0,-0.34,-0.34,263,True
430,Christ Inao Oulaï,MF,ci Côte d'Ivoire,20,,2006,4,2,208,2.3,0,0,0,0,0,0,0,0,0.0,0.0,0.0,0.0,0.0,2.3,0,2,0,0.0,0.87,0.0,0.0,,0,0,2.3,0,0,0,3,5,0,0,6,4,,,0,4,208.0,52.0,57.8,2.3,2,75.0,1,2,30.0,0,1.5,3.0,3.0,0.0,0.0,-0.59,208,True
431,Zidane Iqbal,MF,iq Iraq,23,,2003,3,2,188,2.1,0,0,0,0,0,0,0,0,0.0,0.0,0.0,0.0,0.0,2.1,0,0,0,,0.0,0.0,,,0,0,2.1,0,0,0,1,2,0,2,1,2,,,0,3,188.0,63.0,69.6,2.1,2,78.0,1,1,32.0,0,0.0,0.0,8.0,-8.0,-3.83,-0.54,188,True
432,Nestory Irankunda,"FW,MF",au Australia,20,,2006,4,3,261,2.9,1,0,1,1,0,0,0,0,0.34,0.0,0.34,0.34,0.34,2.9,1,6,2,33.3,2.07,0.69,0.17,0.5,0,0,2.9,0,0,0,4,5,0,1,1,0,,,0,4,261.0,65.0,66.9,2.9,3,72.0,0,1,45.0,0,1.25,2.0,1.0,1.0,0.34,1.04,261,True
433,Jackson Irvine,MF,au Australia,33,,1993,4,2,223,2.5,0,0,0,0,0,0,1,0,0.0,0.0,0.0,0.0,0.0,2.5,0,3,1,33.3,1.21,0.4,0.0,0.0,0,0,2.5,1,0,0,3,3,0,2,1,1,,,0,4,223.0,56.0,57.2,2.5,2,102.0,1,2,10.0,0,1.25,1.0,1.0,0.0,0.0,0.0,223,True
434,Alexander Isak,FW,se Sweden,26,,1999,4,4,357,4.0,1,3,4,1,0,0,0,0,0.25,0.76,1.01,0.25,1.01,4.0,1,8,6,75.0,2.02,1.51,0.13,0.17,0,0,4.0,0,0,0,4,1,5,3,0,2,,,0,4,357.0,89.0,99.2,4.0,4,89.0,2,0,,0,1.0,6.0,10.0,-4.0,-1.01,-31.01,357,True
435,Wilson Isidor,FW,ht Haiti,25,,2000,3,2,186,2.1,1,0,1,1,0,0,0,0,0.48,0.0,0.48,0.48,0.48,2.1,1,5,2,40.0,2.42,0.97,0.2,0.5,0,0,2.1,0,0,0,3,2,1,0,1,1,,,0,3,186.0,62.0,68.9,2.1,2,71.0,0,1,45.0,0,0.0,2.0,3.0,-1.0,-0.48,4.87,186,True
436,Jamshid Iskanderov,"FW,MF",uz Uzbekistan,32,,1993,1,0,9,0.1,0,0,0,0,0,0,0,0,0.0,0.0,0.0,0.0,0.0,0.1,0,0,0,,0.0,0.0,,,0,0,0.1,0,0,0,0,0,0,1,0,0,,,0,1,9.0,9.0,3.3,0.1,0,,0,1,9.0,2,0.0,0.0,1.0,-1.0,-10.0,-7.24,9,True
437,Zaid Ismail,MF,iq Iraq,24,,2002,2,2,117,1.3,0,0,0,0,0,0,0,0,0.0,0.0,0.0,0.0,0.0,1.3,0,0,0,,0.0,0.0,,,0,0,1.3,0,0,0,2,0,0,0,1,4,,,0,2,117.0,59.0,43.3,1.3,2,59.0,0,0,,1,0.0,1.0,4.0,-3.0,-2.31,2.4,117,True
438,Ko Itakura,DF,jp Japan,29,,1997,2,2,128,1.4,0,1,1,0,0,0,0,0,0.0,0.7,0.7,0.0,0.7,1.4,0,0,0,,0.0,0.0,,,0,0,1.4,0,0,0,1,0,0,0,1,0,,,0,2,128.0,64.0,35.6,1.4,2,64.0,1,0,,2,2.0,4.0,0.0,4.0,2.81,3.2,128,True
439,Jacob Italiano,DF,au Australia,24,,2001,2,2,163,1.8,0,0,0,0,0,0,1,0,0.0,0.0,0.0,0.0,0.0,1.8,0,1,0,0.0,0.55,0.0,0.0,,0,0,1.8,1,0,0,0,0,0,8,1,2,,,0,2,163.0,82.0,41.8,1.8,2,82.0,1,0,,0,1.5,1.0,2.0,-1.0,-0.55,-0.95,163,True
440,Hiroki Ito,DF,jp Japan,27,,1999,4,4,360,4.0,0,0,0,0,0,0,0,0,0.0,0.0,0.0,0.0,0.0,4.0,0,1,0,0.0,0.25,0.0,0.0,,0,0,4.0,0,0,0,7,0,0,9,0,2,,,0,4,360.0,90.0,100.0,4.0,4,90.0,4,0,,0,1.25,8.0,5.0,3.0,0.75,,360,True
441,Junya Itō,MF,jp Japan,33,,1993,4,2,216,2.4,1,0,1,1,0,0,0,0,0.42,0.0,0.42,0.42,0.42,2.4,1,3,1,33.3,1.25,0.42,0.33,1.0,0,0,2.4,0,0,0,2,5,0,17,1,2,,,0,4,216.0,54.0,60.0,2.4,2,84.0,1,2,25.0,0,1.25,6.0,1.0,5.0,2.08,3.33,216,True
442,Cedric Itten,"FW,MF",ch Switzerland,29,,1996,3,0,42,0.5,0,0,0,0,0,0,0,0,0.0,0.0,0.0,0.0,0.0,0.5,0,0,0,,0.0,0.0,,,0,0,0.5,0,0,0,4,2,0,1,0,0,,,0,3,42.0,14.0,7.0,0.5,0,,0,3,14.0,3,2.33,2.0,1.0,1.0,2.14,1.66,42,True
443,Nicolas Jackson,FW,sn Senegal,24,,2001,4,2,234,2.6,0,1,1,0,0,0,0,0,0.0,0.38,0.38,0.0,0.38,2.6,0,7,3,42.9,2.69,1.15,0.0,0.0,0,0,2.6,0,0,0,2,0,5,1,1,2,,,0,4,234.0,59.0,60.0,2.6,2,86.0,1,2,31.0,0,0.75,5.0,6.0,-1.0,-0.38,-1.54,234,True
444,Lee Jae-sung,FW,kr Korea Republic,33,,1992,2,2,117,1.3,0,0,0,0,0,0,0,0,0.0,0.0,0.0,0.0,0.0,1.3,0,2,1,50.0,1.54,0.77,0.0,0.0,0,0,1.3,0,0,0,1,4,1,0,2,3,,,0,2,117.0,59.0,43.3,1.3,2,59.0,0,0,,1,1.5,0.0,2.0,-2.0,-1.54,-2.13,117,True
445,Alireza Jahanbakhsh,"FW,MF",ir IR Iran,32,,1993,2,0,46,0.5,0,0,0,0,0,0,0,0,0.0,0.0,0.0,0.0,0.0,0.5,0,1,0,0.0,1.96,0.0,0.0,,0,0,0.5,0,0,0,2,0,0,1,0,1,,,0,2,46.0,23.0,17.0,0.5,0,,0,2,23.0,1,1.0,0.0,0.0,0.0,0.0,0.0,46,True
446,Ismail Jakobs,DF,sn Senegal,26,,1999,3,2,219,2.4,0,0,0,0,0,0,0,0,0.0,0.0,0.0,0.0,0.0,2.4,0,1,0,0.0,0.41,0.0,0.0,,0,0,2.4,0,0,0,2,0,0,18,2,2,,,0,3,219.0,73.0,56.2,2.4,2,91.0,1,1,37.0,1,1.0,8.0,3.0,5.0,2.05,4.16,219,True
447,Reece James,DF,eng England,26,,1999,5,3,319,3.5,0,0,0,0,0,0,0,0,0.0,0.0,0.0,0.0,0.0,3.5,0,1,0,0.0,0.28,0.0,0.0,,0,0,3.5,0,0,0,3,1,0,9,3,3,,,0,5,319.0,64.0,42.5,3.5,3,87.0,2,2,29.0,2,2.0,8.0,3.0,5.0,1.41,0.78,319,True
448,Amer Jamous,MF,jo Jordan,23,,2002,1,0,15,0.2,0,0,0,0,0,0,0,0,0.0,0.0,0.0,0.0,0.0,0.2,0,0,0,,0.0,0.0,,,0,0,0.2,0,0,0,1,0,0,0,0,0,,,0,1,15.0,15.0,5.6,0.2,0,,0,1,15.0,2,0.0,0.0,1.0,-1.0,-6.0,-4.59,15,True
449,Luca Jaquez,DF,ch Switzerland,23,,2003,2,1,78,0.9,0,0,0,0,0,0,0,0,0.0,0.0,0.0,0.0,0.0,0.9,0,0,0,,0.0,0.0,,,0,0,0.9,0,0,0,3,1,0,2,1,0,,,0,2,78.0,39.0,13.0,0.9,1,73.0,0,1,5.0,2,3.0,4.0,1.0,3.0,3.46,3.29,78,True
450,Ardon Jashari,MF,ch Switzerland,23,,2002,3,1,72,0.8,0,0,0,0,0,0,0,0,0.0,0.0,0.0,0.0,0.0,0.8,0,2,0,0.0,2.5,0.0,0.0,,0,0,0.8,0,0,0,2,1,0,1,0,0,,,0,3,72.0,24.0,12.0,0.8,1,45.0,0,2,14.0,3,0.67,0.0,3.0,-3.0,-3.75,-4.94,72,True
451,Ali Jasim,MF,iq Iraq,22,,2004,2,2,129,1.4,0,0,0,0,0,0,0,0,0.0,0.0,0.0,0.0,0.0,1.4,0,4,1,25.0,2.79,0.7,0.0,0.0,0,0,1.4,0,0,0,1,0,0,4,0,1,,,0,2,129.0,65.0,47.8,1.4,2,65.0,0,0,,1,0.0,1.0,4.0,-3.0,-2.09,3.01,129,True
452,Danley Jean-Jacques,MF,ht Haiti,26,,2000,3,3,259,2.9,0,0,0,0,0,0,1,0,0.0,0.0,0.0,0.0,0.0,2.9,0,0,0,,0.0,0.0,,,0,0,2.9,1,0,0,5,3,0,1,3,6,,,0,3,259.0,86.0,95.9,2.9,3,86.0,2,0,,0,0.0,2.0,7.0,-5.0,-1.74,6.44,259,True
453,Eom Ji-sung,MF,kr Korea Republic,24,,2002,2,0,42,0.5,0,0,0,0,0,0,0,0,0.0,0.0,0.0,0.0,0.0,0.5,0,0,0,,0.0,0.0,,,0,0,0.5,0,0,0,0,1,0,3,0,2,,,0,2,42.0,21.0,15.6,0.5,0,,0,2,21.0,1,1.5,1.0,0.0,1.0,2.14,2.93,42,True
454,Raúl Jiménez,FW,mx Mexico,35,,1991,4,4,317,3.5,3,0,3,2,1,1,0,0,0.85,0.0,0.85,0.57,0.57,3.5,3,18,7,38.9,5.11,1.99,0.17,0.43,1,1,3.5,0,0,0,7,2,2,0,0,1,,,0,4,317.0,79.0,70.4,3.5,4,79.0,1,0,,1,2.25,7.0,3.0,4.0,1.14,-0.89,317,True
455,Kim Jin-gyu,MF,kr Korea Republic,29,,1997,2,0,52,0.6,0,0,0,0,0,0,0,0,0.0,0.0,0.0,0.0,0.0,0.6,0,1,0,0.0,1.73,0.0,0.0,,0,0,0.6,0,0,0,0,1,0,1,0,1,,,0,2,52.0,26.0,19.3,0.6,0,,0,2,26.0,1,1.5,0.0,1.0,-1.0,-1.73,-1.73,52,True
456,Park Jinseob,"DF,MF",kr Korea Republic,30,,1995,2,0,32,0.4,0,0,0,0,0,0,0,0,0.0,0.0,0.0,0.0,0.0,0.4,0,1,1,100.0,2.81,2.81,0.0,0.0,0,0,0.4,0,0,0,0,1,0,0,0,0,,,0,2,32.0,16.0,11.9,0.4,0,,0,2,16.0,1,1.5,0.0,0.0,0.0,0.0,0.38,32,True
457,Ruslanbek Jiyanov,FW,uz Uzbekistan,25,,2001,1,0,1,0.0,0,0,0,0,0,0,0,0,0.0,0.0,0.0,0.0,0.0,0.0,0,0,0,,0.0,0.0,,,0,0,0.0,0,0,0,0,0,0,0,0,1,,,0,1,1.0,1.0,0.4,0.0,0,,0,1,1.0,2,0.0,0.0,0.0,0.0,0.0,3.01,1,True
458,Alistair Johnston,DF,ca Canada,27,,1998,5,5,450,5.0,0,0,0,0,0,0,1,0,0.0,0.0,0.0,0.0,0.0,5.0,0,5,2,40.0,1.0,0.4,0.0,0.0,0,0,5.0,1,0,0,5,4,0,19,6,2,,,0,5,450.0,90.0,100.0,5.0,5,90.0,5,0,,0,1.4,9.0,6.0,3.0,0.6,,450,True
459,Frenkie de Jong,MF,nl Netherlands,29,,1997,4,4,328,3.6,0,0,0,0,0,0,0,0,0.0,0.0,0.0,0.0,0.0,3.6,0,1,0,0.0,0.27,0.0,0.0,,0,0,3.6,0,0,0,6,6,0,1,8,7,,,0,4,328.0,82.0,84.1,3.6,4,82.0,1,0,,0,2.0,10.0,5.0,5.0,1.37,-0.08,328,True
460,Lenny Joseph,FW,ht Haiti,25,,2000,3,1,117,1.3,0,0,0,0,0,0,0,0,0.0,0.0,0.0,0.0,0.0,1.3,0,2,0,0.0,1.54,0.0,0.0,,0,0,1.3,0,0,0,6,1,0,0,0,0,,,0,3,117.0,39.0,43.3,1.3,1,82.0,0,2,18.0,0,0.0,2.0,3.0,-1.0,-0.77,2.17,117,True
461,Edmilson Junior,"MF,FW",qa Qatar,31,,1994,3,3,210,2.3,0,1,1,0,0,0,0,0,0.0,0.43,0.43,0.0,0.43,2.3,0,3,2,66.7,1.29,0.86,0.0,0.0,0,0,2.3,0,0,0,4,2,1,4,0,1,,,0,3,210.0,70.0,77.8,2.3,3,70.0,0,0,,0,0.33,1.0,6.0,-5.0,-2.14,2.36,210,True
462,Vinicius Júnior,FW,br Brazil,25,,2000,5,5,440,4.9,4,1,5,4,0,0,0,0,0.82,0.2,1.02,0.82,1.02,4.9,4,17,11,64.7,3.48,2.25,0.24,0.36,0,0,4.9,0,0,0,4,10,3,12,1,1,,,0,5,440.0,88.0,97.8,4.9,5,88.0,4,0,,0,2.0,10.0,4.0,6.0,1.23,1.23,440,True
463,Elijah Just,MF,nz New Zealand,26,,2000,3,3,264,2.9,3,0,3,3,0,0,1,0,1.02,0.0,1.02,1.02,1.02,2.9,3,7,5,71.4,2.39,1.7,0.43,0.6,0,0,2.9,1,0,0,3,2,0,2,2,3,,,0,3,264.0,88.0,97.8,2.9,3,88.0,2,0,,0,0.33,4.0,10.0,-6.0,-2.05,-2.05,264,True
464,Musab Al Juwayr,"MF,FW",sa Saudi Arabia,22,,2003,3,2,152,1.7,0,0,0,0,0,0,0,0,0.0,0.0,0.0,0.0,0.0,1.7,0,0,0,,0.0,0.0,,,0,0,1.7,0,0,0,1,1,2,7,1,3,,,0,3,152.0,51.0,56.3,1.7,2,54.0,0,1,45.0,0,0.67,1.0,3.0,-2.0,-1.18,0.34,152,True
465,Ayoub El Kaabi,FW,ma Morocco,32,,1993,1,1,69,0.8,0,0,0,0,0,0,0,0,0.0,0.0,0.0,0.0,0.0,0.8,0,3,2,66.7,3.91,2.61,0.0,0.0,0,0,0.8,0,0,0,1,1,3,0,0,2,,,0,1,69.0,69.0,12.1,0.8,1,69.0,0,0,,5,3.0,2.0,2.0,0.0,0.0,-0.72,69,True
466,Ozan Kabak,DF,tr Türkiye,26,,2000,1,1,90,1.0,0,0,0,0,0,0,0,0,0.0,0.0,0.0,0.0,0.0,1.0,0,0,0,,0.0,0.0,,,0,0,1.0,0,0,0,3,0,0,1,0,2,,,0,1,90.0,90.0,33.3,1.0,1,90.0,1,0,,2,3.0,3.0,2.0,1.0,1.0,2.5,90,True
467,Ferdi Kadioglu,DF,tr Türkiye,26,,1999,2,2,159,1.8,0,0,0,0,0,0,0,0,0.0,0.0,0.0,0.0,0.0,1.8,0,1,0,0.0,0.57,0.0,0.0,,0,0,1.8,0,0,0,0,3,0,4,1,2,,,0,2,159.0,80.0,58.9,1.8,2,80.0,1,0,,1,0.0,0.0,3.0,-3.0,-1.7,-2.51,159,True
468,Kaku,MF,py Paraguay,31,,1995,1,0,11,0.1,0,0,0,0,0,0,0,0,0.0,0.0,0.0,0.0,0.0,0.1,0,0,0,,0.0,0.0,,,0,0,0.1,0,0,0,1,1,0,0,0,0,,,0,1,11.0,11.0,2.3,0.1,0,,0,1,11.0,4,0.0,0.0,1.0,-1.0,-8.18,-7.8,11,True
469,Saša Kalajdžić,FW,at Austria,28,,1997,3,1,77,0.9,1,0,1,1,0,0,0,0,1.17,0.0,1.17,1.17,1.17,0.9,1,4,1,25.0,4.68,1.17,0.25,1.0,0,0,0.9,0,0,0,2,2,0,1,0,0,,,0,3,77.0,26.0,21.4,0.9,1,45.0,0,2,16.0,1,1.33,2.0,2.0,0.0,0.0,0.95,77,True
470,Gédéon Kalulu,DF,cd Congo DR,28,,1997,1,0,6,0.1,0,0,0,0,0,0,0,0,0.0,0.0,0.0,0.0,0.0,0.1,0,0,0,,0.0,0.0,,,0,0,0.1,0,0,0,0,0,0,0,0,0,,,0,1,6.0,6.0,1.7,0.1,0,,0,1,6.0,3,1.0,0.0,0.0,0.0,0.0,0.0,6,True
471,Daichi Kamada,MF,jp Japan,29,,1996,4,4,329,3.7,2,0,2,2,0,0,1,0,0.55,0.0,0.55,0.55,0.55,3.7,2,3,2,66.7,0.82,0.55,0.67,1.0,0,0,3.7,1,0,0,2,4,1,4,1,3,,,0,4,329.0,82.0,91.4,3.7,4,82.0,2,0,,0,1.25,7.0,4.0,3.0,0.82,0.82,329,True
472,Hossein Kanaanizadegan,DF,ir IR Iran,32,,1994,2,2,135,1.5,0,0,0,0,0,0,1,0,0.0,0.0,0.0,0.0,0.0,1.5,0,1,1,100.0,0.67,0.67,0.0,0.0,0,0,1.5,1,0,0,1,0,0,0,2,0,,,0,2,135.0,68.0,50.0,1.5,2,68.0,1,0,,1,1.0,1.0,1.0,0.0,0.0,0.0,135,True
473,Harry Kane,FW,eng England,32,,1993,7,7,652,7.2,6,1,7,4,2,2,0,0,0.83,0.14,0.97,0.55,0.69,7.2,6,23,12,52.2,3.17,1.66,0.26,0.5,2,2,7.2,0,0,0,8,9,2,1,1,3,,,0,7,652.0,93.0,86.9,7.2,7,93.0,5,0,,1,2.29,14.0,8.0,6.0,0.83,-1.01,652,True
474,Lee Kang-in,FW,kr Korea Republic,25,,2001,3,3,270,3.0,0,1,1,0,0,0,1,0,0.0,0.33,0.33,0.0,0.33,3.0,0,4,1,25.0,1.33,0.33,0.0,0.0,0,0,3.0,1,0,0,1,7,0,19,0,0,,,0,3,270.0,90.0,100.0,3.0,3,90.0,3,0,,0,1.0,2.0,3.0,-1.0,-0.33,,270,True
475,Mohamed Kanno,MF,sa Saudi Arabia,31,,1994,3,2,225,2.5,0,0,0,0,0,0,1,0,0.0,0.0,0.0,0.0,0.0,2.5,0,3,2,66.7,1.2,0.8,0.0,0.0,0,0,2.5,1,0,0,5,0,0,0,2,4,,,0,3,225.0,75.0,83.3,2.5,2,90.0,2,1,45.0,0,0.67,1.0,2.0,-1.0,-0.4,5.6,225,True
476,Steve Kapuadi,DF,cd Congo DR,28,,1998,2,2,180,2.0,0,0,0,0,0,0,0,0,0.0,0.0,0.0,0.0,0.0,2.0,0,1,0,0.0,0.5,0.0,0.0,,0,0,2.0,0,0,0,2,0,0,0,1,1,,,0,2,180.0,90.0,50.0,2.0,2,90.0,2,0,,2,0.5,1.0,2.0,-1.0,-0.5,-1.0,180,True
477,Bekhruz Karimov,DF,uz Uzbekistan,18,,2007,2,2,179,2.0,0,0,0,0,0,0,0,0,0.0,0.0,0.0,0.0,0.0,2.0,0,2,0,0.0,1.01,0.0,0.0,,0,0,2.0,0,0,0,8,4,0,2,3,5,,,0,2,179.0,90.0,66.3,2.0,2,90.0,1,0,,1,0.0,1.0,8.0,-7.0,-3.52,-1.54,179,True
478,Jesper Karlström,MF,se Sweden,30,,1995,2,2,138,1.5,0,0,0,0,0,0,0,0,0.0,0.0,0.0,0.0,0.0,1.5,0,1,0,0.0,0.65,0.0,0.0,,0,0,1.5,0,0,0,3,0,0,0,1,3,,,0,2,138.0,69.0,38.3,1.5,2,69.0,0,0,,2,1.5,4.0,5.0,-1.0,-0.65,0.16,138,True
479,Gervane Kastaneer,"FW,MF",cw Curaçao,30,,1996,3,0,30,0.3,0,0,0,0,0,0,2,0,0.0,0.0,0.0,0.0,0.0,0.3,0,1,0,0.0,3.0,0.0,0.0,,0,0,0.3,2,0,0,2,0,0,0,0,0,,,0,3,30.0,10.0,11.1,0.3,0,,0,3,10.0,0,0.33,0.0,1.0,-1.0,-3.0,-0.38,30,True
480,Nikola Katić,DF,ba Bosnia–Herz,29,,1996,4,4,317,3.5,0,0,0,0,0,0,1,0,0.0,0.0,0.0,0.0,0.0,3.5,0,2,0,0.0,0.57,0.0,0.0,,0,0,3.5,1,0,0,4,0,0,0,5,6,,,0,4,317.0,79.0,88.1,3.5,4,79.0,2,0,,0,1.0,4.0,7.0,-3.0,-0.85,-0.85,317,True
481,Edo Kayembe,MF,cd Congo DR,28,,1998,3,2,160,1.8,0,0,0,0,0,0,0,0,0.0,0.0,0.0,0.0,0.0,1.8,0,2,1,50.0,1.13,0.56,0.0,0.0,0,0,1.8,0,0,0,5,3,0,2,0,1,,,0,3,160.0,53.0,44.4,1.8,2,73.0,0,1,15.0,1,0.33,1.0,2.0,-1.0,-0.56,-1.01,160,True
482,Joris Kayembe,"DF,FW",cd Congo DR,31,,1994,4,0,45,0.5,0,0,0,0,0,0,0,0,0.0,0.0,0.0,0.0,0.0,0.5,0,1,0,0.0,2.0,0.0,0.0,,0,0,0.5,0,0,0,0,1,0,3,4,4,,,0,4,45.0,11.0,12.5,0.5,0,,0,4,11.0,0,1.0,1.0,1.0,0.0,0.0,0.0,45,True
483,Franck Kessié,MF,ci Côte d'Ivoire,29,,1996,4,4,346,3.8,1,0,1,1,0,0,1,0,0.26,0.0,0.26,0.26,0.26,3.8,1,4,2,50.0,1.04,0.52,0.25,0.5,0,0,3.8,1,0,0,7,2,1,2,0,4,,,0,4,346.0,87.0,96.1,3.8,4,87.0,3,0,,0,1.5,5.0,4.0,1.0,0.26,0.26,346,True
484,Abdullah Al-Khaibari,MF,sa Saudi Arabia,29,,1996,3,3,180,2.0,0,0,0,0,0,0,0,0,0.0,0.0,0.0,0.0,0.0,2.0,0,1,0,0.0,0.5,0.0,0.0,,0,0,2.0,0,0,0,0,2,0,0,1,1,,,0,3,180.0,60.0,66.7,2.0,3,60.0,1,0,,0,0.67,1.0,4.0,-3.0,-1.5,-0.5,180,True
485,Shoja' Khalilzadeh,DF,ir IR Iran,37,,1989,3,3,270,3.0,0,0,0,0,0,0,1,0,0.0,0.0,0.0,0.0,0.0,3.0,0,2,0,0.0,0.67,0.0,0.0,,0,0,3.0,1,0,0,4,0,1,0,3,3,,,0,3,270.0,90.0,100.0,3.0,3,90.0,3,0,,0,1.0,3.0,3.0,0.0,0.0,,270,True
486,Dostonbek Khamdamov,MF,uz Uzbekistan,29,,1996,2,1,103,1.1,0,0,0,0,0,0,0,0,0.0,0.0,0.0,0.0,0.0,1.1,0,2,0,0.0,1.75,0.0,0.0,,0,0,1.1,0,0,0,1,0,1,5,2,4,,,0,2,103.0,52.0,38.1,1.1,1,58.0,0,1,45.0,1,0.0,2.0,2.0,0.0,0.0,4.85,103,True
487,Bilal El Khannouss,"MF,FW",ma Morocco,22,,2004,6,6,461,5.1,0,0,0,0,0,0,1,0,0.0,0.0,0.0,0.0,0.0,5.1,0,6,4,66.7,1.17,0.78,0.0,0.0,0,0,5.1,1,0,0,5,6,0,10,1,7,,,0,6,461.0,77.0,80.9,5.1,6,77.0,1,0,,0,1.83,7.0,5.0,2.0,0.39,-1.26,461,True
488,Rani Khedira,MF,tn Tunisia,32,,1994,3,2,149,1.7,0,0,0,0,0,0,1,0,0.0,0.0,0.0,0.0,0.0,1.7,0,1,0,0.0,0.6,0.0,0.0,,0,0,1.7,1,0,0,3,0,0,0,2,1,,,0,3,149.0,50.0,55.2,1.7,2,74.0,0,1,1.0,0,0.0,2.0,6.0,-4.0,-2.42,2.05,149,True
489,Boualem Khoukhi,DF,qa Qatar,35,,1990,3,3,270,3.0,1,0,1,1,0,0,0,0,0.33,0.0,0.33,0.33,0.33,3.0,1,3,1,33.3,1.0,0.33,0.33,1.0,0,0,3.0,0,0,0,2,1,0,2,3,3,,,0,3,270.0,90.0,100.0,3.0,3,90.0,3,0,,0,0.33,2.0,10.0,-8.0,-2.67,,270,True
490,Abdukodir Khusanov,DF,uz Uzbekistan,22,,2004,3,3,270,3.0,0,0,0,0,0,0,2,0,0.0,0.0,0.0,0.0,0.0,3.0,0,0,0,,0.0,0.0,,,0,0,3.0,2,0,0,6,0,0,0,5,3,,,0,3,270.0,90.0,100.0,3.0,3,90.0,3,0,,0,0.0,2.0,11.0,-9.0,-3.0,,270,True
491,Joshua Kimmich,DF,de Germany,31,,1995,4,4,351,3.9,0,2,2,0,0,0,0,0,0.0,0.51,0.51,0.0,0.51,3.9,0,5,1,20.0,1.28,0.26,0.0,0.0,0,0,3.9,0,0,0,0,7,0,31,4,4,,,0,4,351.0,88.0,90.0,3.9,4,88.0,2,0,,0,1.75,10.0,4.0,6.0,1.54,1.54,351,True
492,Justin Kluivert,"FW,MF",nl Netherlands,27,,1999,2,0,27,0.3,0,0,0,0,0,0,0,0,0.0,0.0,0.0,0.0,0.0,0.3,0,0,0,,0.0,0.0,,,0,0,0.3,0,0,0,0,2,0,1,0,0,,,0,2,27.0,14.0,6.9,0.3,0,,0,2,14.0,2,2.0,0.0,0.0,0.0,0.0,-1.49,27,True
493,Gregor Kobel,GK,ch Switzerland,28,,1997,6,6,600,6.7,0,0,0,0,0,0,0,0,0.0,0.0,0.0,0.0,0.0,6.7,0,0,0,,0.0,0.0,,,0,0,6.7,0,0,0,0,3,0,0,0,0,,,0,6,600.0,100.0,100.0,6.7,6,100.0,6,0,,0,1.83,10.0,6.0,4.0,0.6,,600,True
494,Orkun Kökçü,MF,tr Türkiye,25,,2000,3,2,153,1.7,0,1,1,0,0,0,0,0,0.0,0.59,0.59,0.0,0.59,1.7,0,3,0,0.0,1.76,0.0,0.0,,0,0,1.7,0,0,0,2,4,0,6,0,1,,,0,3,153.0,51.0,56.7,1.7,2,74.0,0,1,5.0,0,1.0,2.0,3.0,-1.0,-0.59,0.18,153,True
495,Sead Kolašinac,DF,ba Bosnia–Herz,32,,1993,4,4,337,3.7,0,1,1,0,0,0,0,0,0.0,0.27,0.27,0.0,0.27,3.7,0,0,0,,0.0,0.0,,,0,0,3.7,0,0,0,6,4,0,9,2,6,,,0,4,337.0,84.0,93.6,3.7,4,84.0,2,0,,0,1.0,5.0,7.0,-2.0,-0.53,3.38,337,True
496,Ghislain Konan,DF,ci Côte d'Ivoire,30,,1995,3,3,269,3.0,0,0,0,0,0,0,0,0,0.0,0.0,0.0,0.0,0.0,3.0,0,4,0,0.0,1.34,0.0,0.0,,0,0,3.0,0,0,0,0,1,0,8,0,3,,,0,3,269.0,90.0,74.7,3.0,3,90.0,2,0,,1,1.0,3.0,4.0,-1.0,-0.33,-2.31,269,True
497,Ibrahima Konaté,DF,fr France,27,,1999,2,1,60,0.7,0,0,0,0,0,0,0,0,0.0,0.0,0.0,0.0,0.0,0.7,0,0,0,,0.0,0.0,,,0,0,0.7,0,0,0,2,1,0,0,3,0,,,0,2,60.0,30.0,8.3,0.7,1,45.0,0,1,15.0,6,1.5,1.0,4.0,-3.0,-4.5,-6.27,60,True
498,Ismaël Koné,MF,ca Canada,23,,2002,2,2,146,1.6,0,0,0,0,0,0,0,0,0.0,0.0,0.0,0.0,0.0,1.6,0,2,0,0.0,1.23,0.0,0.0,,0,0,1.6,0,0,0,1,3,0,3,3,2,,,0,2,146.0,73.0,32.4,1.6,2,73.0,1,0,,0,2.0,4.0,1.0,3.0,1.85,1.85,146,True
499,Manu Koné,MF,fr France,25,,2001,5,4,385,4.3,0,0,0,0,0,0,1,0,0.0,0.0,0.0,0.0,0.0,4.3,0,6,2,33.3,1.4,0.47,0.0,0.0,0,0,4.3,1,0,0,6,7,0,1,3,5,,,0,5,385.0,77.0,53.5,4.3,4,85.0,3,1,45.0,3,2.4,10.0,2.0,8.0,1.87,1.33,385,True
500,Ezri Konsa,DF,eng England,28,,1997,8,7,647,7.2,1,0,1,1,0,0,0,0,0.14,0.0,0.14,0.14,0.14,7.2,1,3,2,66.7,0.42,0.28,0.33,0.5,0,0,7.2,0,0,0,8,11,0,3,8,5,,,0,8,647.0,81.0,86.3,7.2,7,90.0,6,1,19.0,0,2.38,18.0,12.0,6.0,0.83,-0.91,647,True
501,Teun Koopmeiners,"DF,MF",nl Netherlands,28,,1998,4,0,122,1.4,0,0,0,0,0,0,0,0,0.0,0.0,0.0,0.0,0.0,1.4,0,2,0,0.0,1.48,0.0,0.0,,0,0,1.4,0,0,0,3,0,0,5,1,1,,,0,4,122.0,31.0,31.3,1.4,0,,0,4,31.0,0,2.0,2.0,2.0,0.0,0.0,-2.01,122,True
502,Odilon Kossounou,DF,ci Côte d'Ivoire,25,,2001,4,3,272,3.0,0,0,0,0,0,0,0,0,0.0,0.0,0.0,0.0,0.0,3.0,0,0,0,,0.0,0.0,,,0,0,3.0,0,0,0,0,1,0,0,3,3,,,0,4,272.0,68.0,75.6,3.0,3,90.0,3,1,2.0,0,1.5,5.0,4.0,1.0,0.33,0.33,272,True
503,Kalidou Koulibaly,DF,sn Senegal,34,,1991,2,2,161,1.8,0,0,0,0,0,0,0,0,0.0,0.0,0.0,0.0,0.0,1.8,0,0,0,,0.0,0.0,,,0,0,1.8,0,0,0,0,0,0,0,2,1,,,0,2,161.0,81.0,41.3,1.8,2,81.0,1,0,,2,0.0,2.0,6.0,-4.0,-2.24,-4.2,161,True
504,Jules Koundé,DF,fr France,27,,1998,8,7,599,6.7,0,0,0,0,0,0,0,0,0.0,0.0,0.0,0.0,0.0,6.7,0,2,0,0.0,0.3,0.0,0.0,,0,0,6.7,0,0,0,6,5,1,12,3,8,,,0,8,599.0,75.0,83.2,6.7,7,85.0,3,1,1.0,0,2.25,16.0,5.0,11.0,1.65,2.4,599,True
505,Mateo Kovačić,MF,hr Croatia,32,,1994,4,3,270,3.0,0,1,1,0,0,0,0,0,0.0,0.33,0.33,0.0,0.33,3.0,0,5,4,80.0,1.67,1.33,0.0,0.0,0,0,3.0,0,0,0,3,3,0,0,2,3,,,0,4,270.0,68.0,75.0,3.0,3,79.0,0,1,33.0,0,1.5,3.0,3.0,0.0,0.0,1.0,270,True
506,Matej Kovar,GK,cz Czechia,26,,2000,3,3,270,3.0,0,0,0,0,0,0,0,0,0.0,0.0,0.0,0.0,0.0,3.0,0,0,0,,0.0,0.0,,,0,0,3.0,0,0,0,0,0,0,0,0,0,,,0,3,270.0,90.0,100.0,3.0,3,90.0,3,0,,0,0.33,2.0,6.0,-4.0,-1.33,,270,True
507,Andrej Kramarić,"FW,MF",hr Croatia,34,,1991,3,0,59,0.7,0,0,0,0,0,0,0,0,0.0,0.0,0.0,0.0,0.0,0.7,0,1,0,0.0,1.53,0.0,0.0,,0,0,0.7,0,0,0,0,0,1,2,0,1,,,0,3,59.0,20.0,16.4,0.7,0,,0,3,20.0,1,1.0,1.0,1.0,0.0,0.0,0.3,59,True
508,Ladislav Krejčí,DF,cz Czechia,27,,1999,3,3,270,3.0,1,0,1,1,0,0,1,0,0.33,0.0,0.33,0.33,0.33,3.0,1,5,1,20.0,1.67,0.33,0.2,1.0,0,0,3.0,1,0,0,6,2,0,2,1,3,,,0,3,270.0,90.0,100.0,3.0,3,90.0,3,0,,0,0.33,2.0,6.0,-4.0,-1.33,,270,True
509,Takefusa Kubo,MF,jp Japan,25,,2001,1,1,74,0.8,0,1,1,0,0,0,0,0,0.0,1.22,1.22,0.0,1.22,0.8,0,1,0,0.0,1.22,0.0,0.0,,0,0,0.8,0,0,0,1,1,0,0,1,0,,,0,1,74.0,74.0,20.6,0.8,1,74.0,0,0,,1,1.0,1.0,2.0,-1.0,-1.22,-2.47,74,True
510,Brandley Kuwas,"FW,MF",cw Curaçao,33,,1992,1,0,1,0.0,0,0,0,0,0,0,0,0,0.0,0.0,0.0,0.0,0.0,0.0,0,0,0,,0.0,0.0,,,0,0,0.0,0,0,0,0,0,0,1,0,0,,,0,1,1.0,1.0,0.4,0.0,0,,0,1,1.0,2,0.0,0.0,0.0,0.0,0.0,2.68,1,True
511,Prince Kwabena Adu,FW,gh Ghana,22,,2003,3,0,39,0.4,0,0,0,0,0,0,0,0,0.0,0.0,0.0,0.0,0.0,0.4,0,1,1,100.0,2.31,2.31,0.0,0.0,0,0,0.4,0,0,0,4,0,0,0,0,0,,,0,3,39.0,13.0,10.8,0.4,0,,0,3,13.0,1,1.33,1.0,0.0,1.0,2.31,2.87,39,True
512,Maxence Lacroix,DF,fr France,26,,2000,3,2,241,2.7,0,0,0,0,0,0,0,0,0.0,0.0,0.0,0.0,0.0,2.7,0,0,0,,0.0,0.0,,,0,0,2.7,0,0,0,5,0,1,0,3,2,,,0,3,241.0,80.0,33.5,2.7,2,90.0,2,1,61.0,5,1.0,8.0,8.0,0.0,0.0,-1.88,241,True
513,Gustaf Lagerbielke,DF,se Sweden,26,,2000,4,4,360,4.0,0,0,0,0,0,0,0,0,0.0,0.0,0.0,0.0,0.0,4.0,0,3,1,33.3,0.75,0.25,0.0,0.0,0,0,4.0,0,0,0,1,3,1,1,5,5,,,0,4,360.0,90.0,100.0,4.0,4,90.0,4,0,,0,1.0,7.0,10.0,-3.0,-0.75,,360,True
514,Konrad Laimer,"MF,DF",at Austria,29,,1997,4,4,360,4.0,0,1,1,0,0,0,1,0,0.0,0.25,0.25,0.0,0.25,4.0,0,1,0,0.0,0.25,0.0,0.0,,0,0,4.0,1,0,0,6,3,3,4,2,6,,,0,4,360.0,90.0,100.0,4.0,4,90.0,4,0,,0,1.0,6.0,9.0,-3.0,-0.75,,360,True
515,Ali Lajami,DF,sa Saudi Arabia,30,,1996,3,1,149,1.7,0,0,0,0,0,0,0,0,0.0,0.0,0.0,0.0,0.0,1.7,0,0,0,,0.0,0.0,,,0,0,1.7,0,0,0,0,2,0,0,3,2,,,0,3,149.0,50.0,55.2,1.7,1,90.0,1,2,30.0,0,0.67,0.0,4.0,-4.0,-2.42,-2.42,149,True
516,Senne Lammens,GK,be Belgium,23,,2002,1,0,20,0.2,0,0,0,0,0,0,0,0,0.0,0.0,0.0,0.0,0.0,0.2,0,0,0,,0.0,0.0,,,0,0,0.2,0,0,0,0,0,0,0,0,0,,,0,1,20.0,20.0,3.5,0.2,0,,0,1,20.0,5,0.0,0.0,1.0,-1.0,-4.5,-5.81,20,True
517,Noa Lang,"FW,MF",nl Netherlands,26,,1999,2,0,8,0.1,0,0,0,0,0,0,0,0,0.0,0.0,0.0,0.0,0.0,0.1,0,0,0,,0.0,0.0,,,0,0,0.1,0,0,0,0,1,0,0,0,0,,,0,2,8.0,4.0,2.1,0.1,0,,0,2,4.0,2,3.0,0.0,0.0,0.0,0.0,-1.41,8,True
518,Sondre Langås,DF,no Norway,25,,2001,1,0,25,0.3,0,0,0,0,0,0,0,0,0.0,0.0,0.0,0.0,0.0,0.3,0,0,0,,0.0,0.0,,,0,0,0.3,0,0,0,0,0,0,0,0,0,,,0,1,25.0,25.0,4.4,0.3,0,,0,1,25.0,5,0.0,0.0,1.0,-1.0,-3.6,-4.1,25,True
519,Aymeric Laporte,DF,es Spain,32,,1994,8,8,727,8.1,0,1,1,0,0,0,1,0,0.0,0.12,0.12,0.0,0.12,8.1,0,5,2,40.0,0.62,0.25,0.0,0.0,0,0,8.1,1,0,0,5,4,0,1,14,3,,,0,8,727.0,91.0,96.9,8.1,8,91.0,6,0,,0,2.75,13.0,1.0,12.0,1.49,-2.43,727,True
520,Cyle Larin,FW,ca Canada,31,,1995,4,2,190,2.1,2,0,2,2,0,0,2,0,0.95,0.0,0.95,0.95,0.95,2.1,2,9,4,44.4,4.26,1.89,0.22,0.5,0,0,2.1,2,0,0,5,1,3,0,0,0,,,0,4,190.0,48.0,42.2,2.1,2,74.0,1,2,22.0,1,1.0,7.0,4.0,3.0,1.42,1.42,190,True
521,Richie Laryea,DF,ca Canada,31,,1995,5,5,429,4.8,0,0,0,0,0,0,1,0,0.0,0.0,0.0,0.0,0.0,4.8,0,2,1,50.0,0.42,0.21,0.0,0.0,0,0,4.8,1,0,0,8,14,1,2,2,9,,,0,5,429.0,86.0,95.3,4.8,5,86.0,3,0,,0,1.4,9.0,4.0,5.0,1.05,9.62,429,True
522,Mohanad Lasheen,MF,eg Egypt,30,,1996,4,4,359,4.0,0,0,0,0,0,0,2,0,0.0,0.0,0.0,0.0,0.0,4.0,0,2,0,0.0,0.5,0.0,0.0,,0,0,4.0,2,0,0,5,3,0,1,8,11,,,0,4,359.0,90.0,74.8,4.0,4,90.0,3,0,,0,1.25,7.0,5.0,2.0,0.5,1.25,359,True
523,Issa Laye,"MF,DF",qa Qatar,28,,1997,3,3,270,3.0,0,0,0,0,0,0,0,0,0.0,0.0,0.0,0.0,0.0,3.0,0,1,0,0.0,0.33,0.0,0.0,,0,0,3.0,0,0,0,0,3,0,0,1,1,,,0,3,270.0,90.0,100.0,3.0,3,90.0,3,0,,0,0.33,2.0,10.0,-8.0,-2.67,,270,True
524,Rafael Leão,MF,pt Portugal,27,,1999,5,1,158,1.8,1,1,2,1,0,0,0,0,0.57,0.57,1.14,0.57,1.14,1.8,1,4,1,25.0,2.28,0.57,0.25,1.0,0,0,1.8,0,0,0,1,2,0,7,2,0,,,0,5,158.0,32.0,35.1,1.8,1,90.0,1,4,17.0,0,1.6,3.0,2.0,1.0,0.57,-0.66,158,True
525,Mathew Leckie,MF,au Australia,35,,1991,1,1,60,0.7,0,0,0,0,0,0,0,0,0.0,0.0,0.0,0.0,0.0,0.7,0,1,0,0.0,1.5,0.0,0.0,,0,0,0.7,0,0,0,1,1,0,1,0,0,,,0,1,60.0,60.0,15.4,0.7,1,60.0,0,0,,1,0.0,0.0,2.0,-2.0,-3.0,-3.55,60,True
526,Jefferson Lerma,MF,co Colombia,31,,1994,5,5,410,4.6,0,0,0,0,0,0,1,0,0.0,0.0,0.0,0.0,0.0,4.6,0,5,1,20.0,1.1,0.22,0.0,0.0,0,0,4.6,1,0,0,6,5,0,1,5,1,,,0,5,410.0,82.0,85.4,4.6,5,82.0,3,0,,0,2.2,5.0,1.0,4.0,0.88,0.88,410,True
527,Jamie Leweling,"FW,MF",de Germany,25,,2001,1,0,31,0.3,0,0,0,0,0,0,0,0,0.0,0.0,0.0,0.0,0.0,0.3,0,1,0,0.0,2.9,0.0,0.0,,0,0,0.3,0,0,0,0,0,0,2,0,0,,,0,1,31.0,31.0,7.9,0.3,0,,0,1,31.0,3,3.0,2.0,0.0,2.0,5.81,4.8,31,True
528,Philipp Lienhart,DF,at Austria,29,,1996,2,2,180,2.0,0,0,0,0,0,0,0,0,0.0,0.0,0.0,0.0,0.0,2.0,0,1,0,0.0,0.5,0.0,0.0,,0,0,2.0,0,0,0,0,0,0,0,1,1,,,0,2,180.0,90.0,50.0,2.0,2,90.0,2,0,,2,2.0,6.0,4.0,2.0,1.0,3.5,180,True
529,Victor Lindelöf,"DF,MF",se Sweden,31,,1994,4,4,356,4.0,0,0,0,0,0,0,0,0,0.0,0.0,0.0,0.0,0.0,4.0,0,2,0,0.0,0.51,0.0,0.0,,0,0,4.0,0,0,0,3,0,0,0,4,1,,,0,4,356.0,89.0,98.9,4.0,4,89.0,3,0,,0,1.0,7.0,10.0,-3.0,-0.76,-0.76,356,True
530,Erik Lira,MF,mx Mexico,26,,2000,4,4,345,3.8,0,1,1,0,0,0,0,0,0.0,0.26,0.26,0.0,0.26,3.8,0,0,0,,0.0,0.0,,,0,0,3.8,0,0,0,3,4,0,2,2,3,,,0,4,345.0,86.0,76.7,3.8,4,86.0,3,0,,1,2.25,7.0,3.0,4.0,1.04,-1.53,345,True
531,Dominik Livaković,GK,hr Croatia,31,,1995,4,4,360,4.0,0,0,0,0,0,0,0,0,0.0,0.0,0.0,0.0,0.0,4.0,0,0,0,,0.0,0.0,,,0,0,4.0,0,0,0,0,1,0,0,0,0,,,0,4,360.0,90.0,100.0,4.0,4,90.0,4,0,,0,1.5,6.0,7.0,-1.0,-0.25,,360,True
532,Dailon Livramento,FW,cv Cabo Verde,25,,2001,3,2,174,1.9,0,0,0,0,0,0,0,0,0.0,0.0,0.0,0.0,0.0,1.9,0,1,0,0.0,0.52,0.0,0.0,,0,0,1.9,0,0,0,1,1,2,2,0,0,,,0,3,174.0,58.0,44.6,1.9,2,60.0,0,1,54.0,1,0.67,1.0,2.0,-1.0,-0.52,-0.52,174,True
533,Marcos Llorente,DF,es Spain,31,,1995,3,2,187,2.1,0,1,1,0,0,0,0,0,0.0,0.48,0.48,0.0,0.48,2.1,0,0,0,,0.0,0.0,,,0,0,2.1,0,0,0,2,1,0,4,1,6,,,0,3,187.0,62.0,24.9,2.1,2,90.0,2,1,7.0,5,2.33,1.0,0.0,1.0,0.48,-1.44,187,True
534,Giovani Lo Celso,MF,ar Argentina,30,,1996,1,1,59,0.7,1,0,1,1,0,0,0,0,1.53,0.0,1.53,1.53,1.53,0.7,1,1,1,100.0,1.53,1.53,1.0,1.0,0,0,0.7,0,0,0,1,1,1,1,1,0,,,0,1,59.0,59.0,7.3,0.7,1,59.0,0,0,,7,3.0,2.0,1.0,1.0,1.53,0.33,59,True
535,Jürgen Locadia,FW,cw Curaçao,32,,1993,3,3,235,2.6,0,0,0,0,0,0,0,0,0.0,0.0,0.0,0.0,0.0,2.6,0,1,0,0.0,0.38,0.0,0.0,,0,0,2.6,0,0,0,3,4,2,0,1,0,,,0,3,235.0,78.0,87.0,2.6,3,78.0,0,0,,0,0.33,1.0,6.0,-5.0,-1.91,5.8,235,True
536,Azarías Londoño,MF,pa Panama,24,,2001,3,0,56,0.6,0,0,0,0,0,0,0,0,0.0,0.0,0.0,0.0,0.0,0.6,0,1,0,0.0,1.61,0.0,0.0,,0,0,0.6,0,0,0,1,0,0,1,1,0,,,0,3,56.0,19.0,20.7,0.6,0,,0,3,19.0,0,0.0,0.0,1.0,-1.0,-1.61,-0.35,56,True
537,Sidny Lopes Cabral,DF,cv Cabo Verde,23,,2002,3,3,285,3.2,1,0,1,1,0,0,2,0,0.32,0.0,0.32,0.32,0.32,3.2,1,4,2,50.0,1.26,0.63,0.25,0.5,0,0,3.2,2,0,0,2,9,0,12,4,2,,,0,3,285.0,95.0,73.1,3.2,3,95.0,2,0,,0,0.67,4.0,5.0,-1.0,-0.32,-0.32,285,True
538,Flaco López,FW,ar Argentina,25,,2000,2,0,20,0.2,0,1,1,0,0,0,1,0,0.0,4.5,4.5,0.0,4.5,0.2,0,1,0,0.0,4.5,0.0,0.0,,0,0,0.2,1,0,0,1,0,0,0,0,1,,,0,2,20.0,10.0,2.5,0.2,0,,0,2,10.0,6,3.0,2.0,0.0,2.0,9.0,7.97,20,True
539,Derrick Luckassen,DF,gh Ghana,30,,1995,2,2,180,2.0,1,0,1,1,0,0,0,0,0.5,0.0,0.5,0.5,0.5,2.0,1,1,1,100.0,0.5,0.5,1.0,1.0,0,0,2.0,0,0,0,1,2,0,0,0,1,,,0,2,180.0,90.0,50.0,2.0,2,90.0,2,0,,2,0.0,1.0,3.0,-2.0,-1.0,-1.5,180,True
540,Jhon Lucumí,DF,co Colombia,27,,1998,5,5,478,5.3,0,0,0,0,0,0,1,0,0.0,0.0,0.0,0.0,0.0,5.3,0,2,0,0.0,0.38,0.0,0.0,,0,0,5.3,1,0,0,5,0,0,0,5,2,,,0,5,478.0,96.0,99.6,5.3,5,96.0,4,0,,0,2.2,5.0,1.0,4.0,0.75,0.75,478,True
541,José Luis Rodríguez,"MF,FW",pa Panama,27,,1998,3,3,233,2.6,0,0,0,0,0,0,0,0,0.0,0.0,0.0,0.0,0.0,2.6,0,3,1,33.3,1.16,0.39,0.0,0.0,0,0,2.6,0,0,0,4,2,0,17,0,3,,,0,3,233.0,78.0,86.3,2.6,3,78.0,1,0,,0,0.0,0.0,3.0,-3.0,-1.16,1.27,233,True
542,Romelu Lukaku,FW,be Belgium,33,,1993,6,1,233,2.6,3,1,4,3,0,0,1,0,1.16,0.39,1.55,1.16,1.55,2.6,3,6,3,50.0,2.32,1.16,0.5,1.0,0,0,2.6,1,0,0,2,0,1,0,0,0,,,0,6,233.0,39.0,40.9,2.6,1,72.0,0,5,32.0,0,1.83,6.0,2.0,4.0,1.55,0.74,233,True
543,Dodi Lukebakio,MF,be Belgium,28,,1997,3,1,164,1.8,0,0,0,0,0,0,0,0,0.0,0.0,0.0,0.0,0.0,1.8,0,7,1,14.3,3.84,0.55,0.0,0.0,0,0,1.8,0,0,0,1,2,0,6,0,1,,,0,3,164.0,55.0,28.8,1.8,1,66.0,0,2,49.0,3,2.33,6.0,1.0,5.0,2.74,2.3,164,True
544,Jovo Lukić,FW,ba Bosnia–Herz,27,,1998,2,1,67,0.7,1,0,1,1,0,0,1,0,1.34,0.0,1.34,1.34,1.34,0.7,1,3,2,66.7,4.03,2.69,0.33,0.5,0,0,0.7,1,0,0,1,0,0,0,0,1,,,0,2,67.0,34.0,18.6,0.7,1,61.0,0,1,6.0,2,0.5,2.0,2.0,0.0,0.0,0.92,67,True
545,Awer Mabil,"FW,MF",au Australia,30,,1995,1,0,30,0.3,0,0,0,0,0,0,0,0,0.0,0.0,0.0,0.0,0.0,0.3,0,1,0,0.0,3.0,0.0,0.0,,0,0,0.3,0,0,0,0,1,0,1,0,0,,,0,1,30.0,30.0,7.7,0.3,0,,0,1,30.0,3,1.0,0.0,0.0,0.0,0.0,0.0,30,True
546,Alexis Mac Allister,MF,ar Argentina,27,,1998,8,7,750,8.3,1,1,2,1,0,0,1,0,0.12,0.12,0.24,0.12,0.24,8.3,1,13,4,30.8,1.56,0.48,0.08,0.25,0,0,8.3,1,0,0,9,12,0,2,9,12,,,0,8,750.0,94.0,92.6,8.3,7,103.0,7,1,30.0,0,2.63,17.0,7.0,10.0,1.2,-0.3,750,True
547,Deiver Machado,DF,co Colombia,32,,1993,1,1,90,1.0,0,0,0,0,0,0,0,0,0.0,0.0,0.0,0.0,0.0,1.0,0,0,0,,0.0,0.0,,,0,0,1.0,0,0,0,1,2,0,1,2,0,,,0,1,90.0,90.0,18.8,1.0,1,90.0,1,0,,4,1.0,0.0,0.0,0.0,0.0,-0.92,90,True
548,Shuto Machino,FW,jp Japan,26,,1999,1,0,13,0.1,0,0,0,0,0,0,0,0,0.0,0.0,0.0,0.0,0.0,0.1,0,0,0,,0.0,0.0,,,0,0,0.1,0,0,0,1,0,0,1,0,0,,,0,1,13.0,13.0,3.6,0.1,0,,0,1,13.0,2,0.0,0.0,1.0,-1.0,-6.92,-7.96,13,True
549,Assim Madibo,MF,qa Qatar,29,,1996,2,2,131,1.5,0,0,0,0,0,0,0,1,0.0,0.0,0.0,0.0,0.0,1.5,0,0,0,,0.0,0.0,,,0,0,1.5,0,1,0,2,1,0,0,4,1,,,0,2,131.0,66.0,48.5,1.5,2,66.0,0,0,,0,0.5,0.0,4.0,-4.0,-2.75,-0.16,131,True
550,Noni Madueke,MF,eng England,24,,2002,5,4,286,3.2,0,0,0,0,0,0,0,0,0.0,0.0,0.0,0.0,0.0,3.2,0,6,1,16.7,1.89,0.31,0.0,0.0,0,0,3.2,0,0,0,2,3,1,21,2,4,,,0,5,286.0,57.0,38.1,3.2,4,65.0,0,1,28.0,3,2.6,5.0,4.0,1.0,0.31,-1.04,286,True
551,Daizen Maeda,MF,jp Japan,28,,1997,3,3,244,2.7,1,0,1,1,0,0,0,0,0.37,0.0,0.37,0.37,0.37,2.7,1,2,1,50.0,0.74,0.37,0.5,1.0,0,0,2.7,0,0,0,2,1,1,3,2,3,,,0,3,244.0,81.0,67.8,2.7,3,81.0,1,0,,1,0.67,3.0,4.0,-1.0,-0.37,-3.47,244,True
552,Gabriel Magalhães,DF,br Brazil,28,,1997,5,5,450,5.0,0,1,1,0,0,0,0,0,0.0,0.2,0.2,0.0,0.2,5.0,0,1,0,0.0,0.2,0.0,0.0,,0,0,5.0,0,0,0,1,3,0,3,4,2,,,0,5,450.0,90.0,100.0,5.0,5,90.0,5,0,,0,2.0,10.0,4.0,6.0,1.2,,450,True
553,Ermin Mahmić,MF,ba Bosnia–Herz,21,,2005,3,0,68,0.8,2,0,2,2,0,0,1,0,2.65,0.0,2.65,2.65,2.65,0.8,2,4,2,50.0,5.29,2.65,0.5,1.0,0,0,0.8,1,0,0,1,1,0,1,0,1,,,0,3,68.0,23.0,18.9,0.8,0,,0,3,23.0,1,1.0,2.0,2.0,0.0,0.0,0.92,68,True
554,Hadj Mahmoud,MF,tn Tunisia,26,,2000,2,0,43,0.5,0,0,0,0,0,0,0,0,0.0,0.0,0.0,0.0,0.0,0.5,0,0,0,,0.0,0.0,,,0,0,0.5,0,0,0,2,0,0,0,0,2,,,0,2,43.0,22.0,15.9,0.5,0,,0,2,22.0,1,0.0,0.0,2.0,-2.0,-4.19,-1.01,43,True
555,Riyad Mahrez,MF,dz Algeria,35,,1991,4,3,262,2.9,2,1,3,2,0,0,0,0,0.69,0.34,1.03,0.69,1.03,2.9,2,6,3,50.0,2.06,1.03,0.33,0.67,0,0,2.9,0,0,0,1,7,1,10,1,2,,,0,4,262.0,66.0,72.8,2.9,3,78.0,1,1,27.0,0,1.0,4.0,7.0,-3.0,-1.03,-0.11,262,True
556,Alexandro Maidana,DF,py Paraguay,20,,2005,2,1,55,0.6,0,0,0,0,0,0,0,0,0.0,0.0,0.0,0.0,0.0,0.6,0,0,0,,0.0,0.0,,,0,0,0.6,0,0,0,0,0,0,1,1,0,,,0,2,55.0,28.0,11.5,0.6,1,45.0,0,1,10.0,3,2.0,0.0,0.0,0.0,0.0,0.64,55,True
557,Mike Maignan,GK,fr France,30,,1995,8,8,720,8.0,0,0,0,0,0,0,0,0,0.0,0.0,0.0,0.0,0.0,8.0,0,0,0,,0.0,0.0,,,0,0,8.0,0,0,0,0,2,0,0,0,0,,,0,8,720.0,90.0,100.0,8.0,8,90.0,8,0,,0,2.25,20.0,10.0,10.0,1.25,,720,True
558,Evidence Makgopa,FW,za South Africa,26,,2000,4,2,215,2.4,0,0,0,0,0,0,0,0,0.0,0.0,0.0,0.0,0.0,2.4,0,4,3,75.0,1.67,1.26,0.0,0.0,0,0,2.4,0,0,0,1,1,2,0,1,1,,,0,4,215.0,54.0,59.7,2.4,2,88.0,1,2,20.0,0,1.0,2.0,0.0,2.0,0.84,3.32,215,True
559,Ahmed Maknzi,DF,iq Iraq,24,,2001,1,0,33,0.4,0,0,0,0,0,0,0,0,0.0,0.0,0.0,0.0,0.0,0.4,0,0,0,,0.0,0.0,,,0,0,0.4,0,0,0,0,0,0,0,0,2,,,0,1,33.0,33.0,12.2,0.4,0,,0,1,33.0,2,0.0,0.0,3.0,-3.0,-8.18,-5.14,33,True
560,Donyell Malen,FW,nl Netherlands,27,,1999,3,3,185,2.1,0,0,0,0,0,0,0,0,0.0,0.0,0.0,0.0,0.0,2.1,0,4,2,50.0,1.95,0.97,0.0,0.0,0,0,2.1,0,0,0,0,2,0,5,0,0,,,0,3,185.0,62.0,47.4,2.1,3,62.0,0,0,,1,2.33,7.0,2.0,5.0,2.43,1.99,185,True
561,Arjan Malic,DF,ba Bosnia–Herz,20,,2005,1,1,45,0.5,0,0,0,0,0,0,0,0,0.0,0.0,0.0,0.0,0.0,0.5,0,0,0,,0.0,0.0,,,0,0,0.5,0,0,0,1,1,0,2,0,0,,,0,1,45.0,45.0,12.5,0.5,1,45.0,0,0,,3,3.0,2.0,1.0,1.0,2.0,3.14,45,True
562,Mohamed Manai,DF,qa Qatar,23,,2002,3,0,69,0.8,0,0,0,0,0,0,0,0,0.0,0.0,0.0,0.0,0.0,0.8,0,0,0,,0.0,0.0,,,0,0,0.8,0,0,0,3,0,0,0,2,0,,,1,3,69.0,23.0,25.6,0.8,0,,0,3,23.0,0,0.33,1.0,4.0,-3.0,-3.91,-1.67,69,True
563,Aïssa Mandi,DF,dz Algeria,34,,1991,4,4,360,4.0,0,0,0,0,0,0,0,0,0.0,0.0,0.0,0.0,0.0,4.0,0,0,0,,0.0,0.0,,,0,0,4.0,0,0,0,0,5,0,0,4,3,,,0,4,360.0,90.0,100.0,4.0,4,90.0,4,0,,0,1.0,5.0,9.0,-4.0,-1.0,,360,True
564,Sadio Mané,"MF,FW",sn Senegal,34,,1992,4,4,362,4.0,0,1,1,0,0,0,0,0,0.0,0.25,0.25,0.0,0.25,4.0,0,6,3,50.0,1.49,0.75,0.0,0.0,0,0,4.0,0,0,0,4,10,3,13,3,2,,,0,4,362.0,91.0,92.8,4.0,4,91.0,3,0,,0,0.75,10.0,8.0,2.0,0.5,3.71,362,True
565,Juan Manuel Sanabria,DF,uy Uruguay,26,,2000,3,2,204,2.3,0,0,0,0,0,0,1,0,0.0,0.0,0.0,0.0,0.0,2.3,0,3,0,0.0,1.32,0.0,0.0,,0,0,2.3,1,0,0,1,0,1,15,1,4,,,0,3,204.0,68.0,75.6,2.3,2,80.0,1,1,45.0,0,0.67,3.0,3.0,0.0,0.0,1.36,204,True
566,Johan Manzambi,"MF,FW",ch Switzerland,20,,2005,4,2,199,2.2,3,2,5,3,0,0,0,0,1.36,0.9,2.26,1.36,2.26,2.2,3,6,3,50.0,2.71,1.36,0.5,1.0,0,0,2.2,0,0,0,3,3,1,3,0,0,,,0,4,199.0,50.0,33.2,2.2,2,77.0,0,2,23.0,0,2.5,8.0,3.0,5.0,2.26,2.49,199,True
567,Mahmoud Al-Mardi,MF,jo Jordan,32,,1993,3,1,130,1.4,0,0,0,0,0,0,0,0,0.0,0.0,0.0,0.0,0.0,1.4,0,1,1,100.0,0.69,0.69,0.0,0.0,0,0,1.4,0,0,0,4,2,0,7,0,1,,,0,3,130.0,43.0,48.1,1.4,1,75.0,0,2,28.0,0,0.0,2.0,3.0,-1.0,-0.69,1.88,130,True
568,Jearl Margaritha,"FW,MF",cw Curaçao,26,,2000,2,0,41,0.5,0,0,0,0,0,0,0,0,0.0,0.0,0.0,0.0,0.0,0.5,0,1,0,0.0,2.2,0.0,0.0,,0,0,0.5,0,0,0,0,0,0,0,0,0,,,0,2,41.0,21.0,15.2,0.5,0,,0,2,21.0,1,0.5,0.0,3.0,-3.0,-6.59,-4.62,41,True
569,Omar Marmoush,"FW,MF",eg Egypt,27,,1999,5,3,326,3.6,0,0,0,0,0,0,0,0,0.0,0.0,0.0,0.0,0.0,3.6,0,11,1,9.1,3.04,0.28,0.0,0.0,0,0,3.6,0,0,0,3,8,0,5,2,3,,,0,5,326.0,65.0,67.9,3.6,3,90.0,1,2,28.0,0,1.2,4.0,5.0,-1.0,-0.28,-1.44,326,True
570,Marquinhos,DF,br Brazil,32,,1994,5,5,450,5.0,0,0,0,0,0,0,0,0,0.0,0.0,0.0,0.0,0.0,5.0,0,2,0,0.0,0.4,0.0,0.0,,0,0,5.0,0,0,0,0,2,1,1,3,2,,,0,5,450.0,90.0,100.0,5.0,5,90.0,5,0,,0,2.0,10.0,4.0,6.0,1.2,,450,True
571,Gabriel Martinelli,MF,br Brazil,24,,2001,4,1,143,1.6,1,0,1,1,0,0,0,0,0.63,0.0,0.63,0.63,0.63,1.6,1,2,1,50.0,1.26,0.63,0.5,1.0,0,0,1.6,0,0,0,4,3,0,2,2,0,,,0,4,143.0,36.0,31.8,1.6,1,66.0,0,3,26.0,1,2.25,1.0,0.0,1.0,0.63,-0.84,143,True
572,Guillermo Martínez Ayala,FW,mx Mexico,31,,1995,2,1,72,0.8,0,0,0,0,0,0,0,0,0.0,0.0,0.0,0.0,0.0,0.8,0,0,0,,0.0,0.0,,,0,0,0.8,0,0,0,3,1,0,0,0,0,,,0,2,72.0,36.0,16.0,0.8,1,62.0,0,1,10.0,3,1.5,2.0,0.0,2.0,2.5,1.31,72,True
573,Cristian Martínez,"MF,FW",pa Panama,29,,1997,3,3,242,2.7,0,0,0,0,0,0,0,0,0.0,0.0,0.0,0.0,0.0,2.7,0,1,0,0.0,0.37,0.0,0.0,,0,0,2.7,0,0,0,5,5,1,12,1,4,,,0,3,242.0,81.0,89.6,2.7,3,81.0,2,0,,0,0.0,0.0,3.0,-3.0,-1.12,2.1,242,True
574,Emiliano Martínez,GK,ar Argentina,33,,1992,8,8,810,9.0,0,0,0,0,0,0,0,0,0.0,0.0,0.0,0.0,0.0,9.0,0,0,0,,0.0,0.0,,,0,0,9.0,0,0,0,0,1,0,0,0,0,,,0,8,810.0,101.0,100.0,9.0,8,101.0,8,0,,0,2.63,19.0,8.0,11.0,1.22,,810,True
575,Lautaro Martínez,FW,ar Argentina,28,,1997,7,4,310,3.4,3,1,4,2,1,1,1,0,0.87,0.29,1.16,0.58,0.87,3.4,3,10,4,40.0,2.9,1.16,0.3,0.75,1,1,3.4,1,0,0,8,5,2,1,1,1,,,0,7,310.0,44.0,38.3,3.4,4,60.0,0,3,24.0,1,3.0,12.0,3.0,9.0,2.61,2.25,310,True
576,Lisandro Martínez,DF,ar Argentina,28,,1998,7,7,624,6.9,1,1,2,1,0,0,2,0,0.14,0.14,0.29,0.14,0.29,6.9,1,4,2,50.0,0.58,0.29,0.25,0.5,0,0,6.9,2,0,0,7,4,0,2,6,7,,,0,7,624.0,89.0,77.0,6.9,7,89.0,5,0,,1,2.57,14.0,6.0,8.0,1.15,-0.3,624,True
577,Thapelo Maseko,"MF,FW",za South Africa,22,,2003,3,3,242,2.7,1,0,1,1,0,0,0,0,0.37,0.0,0.37,0.37,0.37,2.7,1,8,1,12.5,2.98,0.37,0.13,1.0,0,0,2.7,0,0,0,4,10,0,2,2,1,,,0,3,242.0,81.0,67.2,2.7,3,81.0,0,0,,1,1.33,2.0,1.0,1.0,0.37,2.66,242,True
578,Hazem Mastouri,FW,tn Tunisia,28,,1997,1,1,89,1.0,1,0,1,1,0,0,0,0,1.01,0.0,1.01,1.01,1.01,1.0,1,3,2,66.7,3.03,2.02,0.33,0.5,0,0,1.0,0,0,0,2,2,0,1,1,0,,,0,1,89.0,89.0,33.0,1.0,1,89.0,0,0,,2,0.0,1.0,3.0,-2.0,-2.02,1.96,89,True
579,Arthur Masuaku,DF,cd Congo DR,32,,1993,4,4,315,3.5,0,1,1,0,0,0,0,0,0.0,0.29,0.29,0.0,0.29,3.5,0,0,0,,0.0,0.0,,,0,0,3.5,0,0,0,0,4,0,12,0,5,,,0,4,315.0,79.0,87.5,3.5,4,79.0,0,0,,0,1.0,4.0,4.0,0.0,0.0,0.0,315,True
580,Igor Matanović,FW,hr Croatia,23,,2003,3,0,95,1.1,0,0,0,0,0,0,0,0,0.0,0.0,0.0,0.0,0.0,1.1,0,4,2,50.0,3.79,1.89,0.0,0.0,0,0,1.1,0,0,0,4,3,1,0,0,0,,,0,3,95.0,32.0,26.4,1.1,0,,0,3,32.0,1,1.0,2.0,4.0,-2.0,-1.89,-2.23,95,True
581,Pape Matar Sarr,MF,sn Senegal,23,,2002,2,0,67,0.7,0,0,0,0,0,0,0,0,0.0,0.0,0.0,0.0,0.0,0.7,0,4,0,0.0,5.37,0.0,0.0,,0,0,0.7,0,0,0,1,0,0,0,1,0,,,0,2,67.0,34.0,17.2,0.7,0,,0,2,34.0,2,0.0,1.0,3.0,-2.0,-2.69,-3.52,67,True
582,Jean-Philippe Mateta,FW,fr France,28,,1997,3,0,24,0.3,0,0,0,0,0,0,0,0,0.0,0.0,0.0,0.0,0.0,0.3,0,3,1,33.3,11.25,3.75,0.0,0.0,0,0,0.3,0,0,0,1,0,0,0,0,0,,,0,3,24.0,8.0,3.3,0.3,0,,0,3,8.0,5,3.0,1.0,0.0,1.0,3.75,2.59,24,True
583,Mauricio,MF,py Paraguay,25,,2001,4,0,173,1.9,1,0,1,1,0,0,0,0,0.52,0.0,0.52,0.52,0.52,1.9,1,4,3,75.0,2.08,1.56,0.25,0.33,0,0,1.9,0,0,0,3,3,0,11,1,6,,,0,4,173.0,43.0,36.0,1.9,0,,0,4,43.0,1,0.5,1.0,1.0,0.0,0.0,0.88,173,True
584,Fiston Mayele,FW,cd Congo DR,31,,1994,2,0,42,0.5,1,0,1,1,0,0,0,0,2.14,0.0,2.14,2.14,2.14,0.5,1,5,1,20.0,10.71,2.14,0.2,1.0,0,0,0.5,0,0,0,1,1,1,0,0,0,,,0,2,42.0,21.0,11.7,0.5,0,,0,2,21.0,2,1.5,3.0,0.0,3.0,6.43,7.28,42,True
585,Ibrahim Maza,"MF,FW",dz Algeria,20,,2005,4,4,351,3.9,0,0,0,0,0,0,0,0,0.0,0.0,0.0,0.0,0.0,3.9,0,11,3,27.3,2.82,0.77,0.0,0.0,0,0,3.9,0,0,0,1,5,0,1,0,2,,,0,4,351.0,88.0,97.5,3.9,4,88.0,3,0,,0,1.0,5.0,9.0,-4.0,-1.03,-1.03,351,True
586,Noussair Mazraoui,DF,ma Morocco,28,,1997,6,5,477,5.3,0,0,0,0,0,0,0,0,0.0,0.0,0.0,0.0,0.0,5.3,0,0,0,,0.0,0.0,,,0,0,5.3,0,0,0,4,6,0,3,2,8,,,0,6,477.0,80.0,83.7,5.3,5,94.0,4,1,8.0,0,1.83,7.0,4.0,3.0,0.57,-0.4,477,True
587,Kylian Mbappé,FW,fr France,27,,1998,8,8,695,7.7,10,4,14,9,1,2,1,0,1.29,0.52,1.81,1.17,1.68,7.7,10,41,23,56.1,5.31,2.98,0.24,0.43,1,2,7.7,1,0,0,6,8,7,4,0,1,,,0,8,695.0,87.0,96.5,7.7,8,87.0,4,0,,0,2.25,19.0,10.0,9.0,1.17,-2.43,695,True
588,Thalente Mbatha,MF,za South Africa,26,,2000,4,2,260,2.9,0,0,0,0,0,0,1,0,0.0,0.0,0.0,0.0,0.0,2.9,0,4,1,25.0,1.38,0.35,0.0,0.0,0,0,2.9,1,0,0,4,0,0,4,5,2,,,0,4,260.0,65.0,72.2,2.9,2,90.0,2,2,40.0,0,1.0,2.0,3.0,-1.0,-0.35,0.55,260,True
589,Ibrahim Mbaye,MF,sn Senegal,18,,2008,4,1,157,1.7,1,0,1,1,0,0,0,0,0.57,0.0,0.57,0.57,0.57,1.7,1,4,1,25.0,2.29,0.57,0.25,1.0,0,0,1.7,0,0,0,0,2,0,9,1,0,,,0,4,157.0,39.0,40.3,1.7,1,56.0,0,3,34.0,0,0.75,4.0,6.0,-2.0,-1.15,-2.31,157,True
590,Chancel Mbemba,DF,cd Congo DR,31,,1994,4,4,360,4.0,0,1,1,0,0,0,1,0,0.0,0.25,0.25,0.0,0.25,4.0,0,1,0,0.0,0.25,0.0,0.0,,0,0,4.0,1,0,0,1,3,0,4,1,3,,,0,4,360.0,90.0,100.0,4.0,4,90.0,4,0,,0,1.0,5.0,5.0,0.0,0.0,,360,True
591,Mbekezeli Mbokazi,DF,za South Africa,20,,2005,4,4,360,4.0,0,0,0,0,0,0,0,0,0.0,0.0,0.0,0.0,0.0,4.0,0,4,1,25.0,1.0,0.25,0.0,0.0,0,0,4.0,0,0,0,3,5,1,3,4,5,,,0,4,360.0,90.0,100.0,4.0,4,90.0,4,0,,0,1.0,2.0,4.0,-2.0,-0.5,,360,True
592,Nathanaël Mbuku,"MF,FW",cd Congo DR,24,,2002,3,2,143,1.6,0,0,0,0,0,0,1,0,0.0,0.0,0.0,0.0,0.0,1.6,0,3,2,66.7,1.89,1.26,0.0,0.0,0,0,1.6,1,0,0,4,8,0,14,0,3,,,0,3,143.0,48.0,39.7,1.6,2,67.0,0,1,9.0,1,1.0,2.0,1.0,1.0,0.63,1.04,143,True
593,Callum McCowatt,MF,nz New Zealand,27,,1999,3,2,159,1.8,0,0,0,0,0,0,1,0,0.0,0.0,0.0,0.0,0.0,1.8,0,4,3,75.0,2.26,1.7,0.0,0.0,0,0,1.8,1,0,0,4,1,0,3,1,1,,,0,3,159.0,53.0,58.9,1.8,2,66.0,0,1,27.0,0,0.33,4.0,6.0,-2.0,-1.13,2.11,159,True
594,John McGinn,MF,sct Scotland,31,,1994,3,3,259,2.9,1,0,1,1,0,0,0,0,0.35,0.0,0.35,0.35,0.35,2.9,1,3,1,33.3,1.04,0.35,0.33,1.0,0,0,2.9,0,0,0,2,11,0,10,0,0,,,0,3,259.0,86.0,95.9,2.9,3,86.0,0,0,,0,1.0,1.0,4.0,-3.0,-1.04,-1.04,259,True
595,Scott McKenna,DF,sct Scotland,29,,1996,1,1,90,1.0,0,0,0,0,0,0,0,0,0.0,0.0,0.0,0.0,0.0,1.0,0,0,0,,0.0,0.0,,,0,0,1.0,0,0,0,0,0,0,0,0,0,,,0,1,90.0,90.0,33.3,1.0,1,90.0,1,0,,2,0.0,0.0,3.0,-3.0,-3.0,-3.0,90,True
596,Weston McKennie,MF,us USA,27,,1998,5,5,443,4.9,0,0,0,0,0,0,1,0,0.0,0.0,0.0,0.0,0.0,4.9,0,5,1,20.0,1.02,0.2,0.0,0.0,0,0,4.9,1,0,0,8,2,0,11,7,7,,,0,5,443.0,89.0,98.4,4.9,5,89.0,2,0,,0,1.8,11.0,7.0,4.0,0.81,13.67,443,True
597,Mark McKenzie,DF,us USA,27,,1999,1,1,90,1.0,0,0,0,0,0,0,0,0,0.0,0.0,0.0,0.0,0.0,1.0,0,0,0,,0.0,0.0,,,0,0,1.0,0,0,0,1,1,0,0,1,1,,,0,1,90.0,90.0,20.0,1.0,1,90.0,1,0,,3,0.0,2.0,3.0,-1.0,-1.0,-2.0,90,True
598,Kenny McLean,MF,sct Scotland,34,,1992,3,1,118,1.3,0,0,0,0,0,0,1,0,0.0,0.0,0.0,0.0,0.0,1.3,0,1,0,0.0,0.76,0.0,0.0,,0,0,1.3,1,0,0,1,1,0,2,2,1,,,0,3,118.0,39.0,43.7,1.3,1,90.0,1,2,14.0,0,1.0,0.0,3.0,-3.0,-2.29,-2.29,118,True
599,Scott McTominay,MF,sct Scotland,29,,1996,3,3,270,3.0,0,0,0,0,0,0,0,0,0.0,0.0,0.0,0.0,0.0,3.0,0,8,3,37.5,2.67,1.0,0.0,0.0,0,0,3.0,0,0,0,3,0,0,0,0,2,,,0,3,270.0,90.0,100.0,3.0,3,90.0,3,0,,0,1.0,1.0,4.0,-3.0,-1.0,,270,True
600,Brandon Mechele,DF,be Belgium,33,,1993,6,6,570,6.3,0,0,0,0,0,0,1,0,0.0,0.0,0.0,0.0,0.0,6.3,0,5,1,20.0,0.79,0.16,0.0,0.0,0,0,6.3,1,0,0,9,2,0,0,4,4,,,0,6,570.0,95.0,100.0,6.3,6,95.0,6,0,,0,1.83,14.0,7.0,7.0,1.11,,570,True
601,Facundo Medina,DF,ar Argentina,27,,1999,5,3,308,3.4,0,1,1,0,0,0,1,0,0.0,0.29,0.29,0.0,0.29,3.4,0,0,0,,0.0,0.0,,,0,0,3.4,1,0,0,3,2,1,1,2,7,,,0,5,308.0,62.0,38.0,3.4,3,85.0,1,2,26.0,3,2.4,5.0,2.0,3.0,0.88,-0.56,308,True
602,Yaimar Medina,"DF,MF",ec Ecuador,21,,2004,1,0,45,0.5,0,0,0,0,0,0,0,0,0.0,0.0,0.0,0.0,0.0,0.5,0,1,0,0.0,2.0,0.0,0.0,,0,0,0.5,0,0,0,1,0,0,4,1,0,,,0,1,45.0,45.0,12.5,0.5,0,,0,1,45.0,3,0.0,0.0,0.0,0.0,0.0,0.57,45,True
603,Hannibal Mejbri,MF,tn Tunisia,23,,2003,3,3,270,3.0,0,2,2,0,0,0,0,0,0.0,0.67,0.67,0.0,0.67,3.0,0,3,1,33.3,1.0,0.33,0.0,0.0,0,0,3.0,0,0,0,4,15,0,10,1,4,,,0,3,270.0,90.0,100.0,3.0,3,90.0,3,0,,0,0.0,2.0,12.0,-10.0,-3.33,,270,True
604,Amar Memić,MF,ba Bosnia–Herz,25,,2001,4,2,224,2.5,0,0,0,0,0,0,0,0,0.0,0.0,0.0,0.0,0.0,2.5,0,3,1,33.3,1.21,0.4,0.0,0.0,0,0,2.5,0,0,0,4,3,0,5,2,2,,,0,4,224.0,56.0,62.2,2.5,2,82.0,1,2,31.0,0,1.0,3.0,5.0,-2.0,-0.8,-0.14,224,True
605,Memphis,"FW,MF",nl Netherlands,32,,1994,3,0,54,0.6,0,1,1,0,0,0,1,0,0.0,1.67,1.67,0.0,1.67,0.6,0,0,0,,0.0,0.0,,,0,0,0.6,1,0,0,1,1,0,1,0,0,,,0,3,54.0,18.0,13.8,0.6,0,,0,3,18.0,1,2.33,1.0,1.0,0.0,0.0,-1.61,54,True
606,Sultan Mendash,MF,sa Saudi Arabia,31,,1994,1,1,65,0.7,0,0,0,0,0,0,0,0,0.0,0.0,0.0,0.0,0.0,0.7,0,0,0,,0.0,0.0,,,0,0,0.7,0,0,0,1,2,0,0,0,3,,,0,1,65.0,65.0,24.1,0.7,1,65.0,0,0,,2,1.0,0.0,0.0,0.0,0.0,1.76,65,True
607,Lucas Mendes,DF,qa Qatar,35,,1990,1,0,4,0.0,0,0,0,0,0,0,0,0,0.0,0.0,0.0,0.0,0.0,0.0,0,0,0,,0.0,0.0,,,0,0,0.0,0,0,0,0,0,1,0,0,0,,,0,1,4.0,4.0,1.5,0.0,0,,0,1,4.0,2,0.0,0.0,1.0,-1.0,-22.5,-20.13,4,True
608,Nuno Mendes,DF,pt Portugal,23,,2002,5,5,395,4.4,1,0,1,1,0,0,0,0,0.23,0.0,0.23,0.23,0.23,4.4,1,3,1,33.3,0.68,0.23,0.33,1.0,0,0,4.4,0,0,0,3,12,1,19,0,6,,,0,5,395.0,79.0,87.8,4.4,5,79.0,2,0,,0,1.6,8.0,2.0,6.0,1.37,3.0,395,True
609,Ryan Mendes,"FW,MF",cv Cabo Verde,36,,1990,4,4,330,3.7,0,1,1,0,0,0,0,0,0.0,0.27,0.27,0.0,0.27,3.7,0,6,0,0.0,1.64,0.0,0.0,,0,0,3.7,0,0,0,1,2,2,3,5,2,,,0,4,330.0,83.0,84.6,3.7,4,83.0,2,0,,0,0.75,3.0,3.0,0.0,0.0,1.5,330,True
610,Édouard Mendy,GK,sn Senegal,34,,1992,2,2,152,1.7,0,0,0,0,0,0,0,0,0.0,0.0,0.0,0.0,0.0,1.7,0,0,0,,0.0,0.0,,,0,0,1.7,0,0,0,0,0,0,0,0,0,,,0,2,152.0,76.0,39.0,1.7,2,76.0,1,0,,0,0.0,2.0,6.0,-4.0,-2.37,-4.26,152,True
611,Gideon Mensah,DF,gh Ghana,27,,1998,4,4,360,4.0,0,0,0,0,0,0,0,0,0.0,0.0,0.0,0.0,0.0,4.0,0,0,0,,0.0,0.0,,,0,0,4.0,0,0,0,2,3,0,3,8,5,,,0,4,360.0,90.0,100.0,4.0,4,90.0,4,0,,0,1.0,2.0,3.0,-1.0,-0.25,,360,True
612,Mikel Merino,MF,es Spain,29,,1996,8,1,199,2.2,2,0,2,2,0,0,0,0,0.9,0.0,0.9,0.9,0.9,2.2,2,5,3,60.0,2.26,1.36,0.4,0.67,0,0,2.2,0,0,0,6,8,0,1,3,2,,,0,8,199.0,25.0,26.5,2.2,1,59.0,0,7,20.0,0,2.75,5.0,0.0,5.0,2.26,0.95,199,True
613,Lionel Messi,FW,ar Argentina,38,,1987,8,7,740,8.2,8,4,12,8,0,2,0,0,0.97,0.49,1.46,0.97,1.46,8.2,8,35,18,51.4,4.26,2.19,0.23,0.44,0,2,8.2,0,0,0,3,20,5,54,0,10,,,0,8,740.0,93.0,91.4,8.2,7,101.0,6,1,31.0,0,2.63,17.0,7.0,10.0,1.22,-0.07,740,True
614,Connor Metcalfe,MF,au Australia,26,,1999,4,3,315,3.5,1,0,1,1,0,0,0,0,0.29,0.0,0.29,0.29,0.29,3.5,1,5,2,40.0,1.43,0.57,0.2,0.5,0,0,3.5,0,0,0,1,0,0,8,2,5,,,0,4,315.0,79.0,80.8,3.5,3,90.0,2,1,45.0,0,1.25,3.0,1.0,2.0,0.57,2.97,315,True
615,Thomas Meunier,DF,be Belgium,34,,1991,3,2,190,2.1,0,1,1,0,0,0,0,0,0.0,0.47,0.47,0.0,0.47,2.1,0,2,1,50.0,0.95,0.47,0.0,0.0,0,0,2.1,0,0,0,9,0,0,7,2,2,,,0,3,190.0,63.0,33.3,2.1,2,74.0,1,1,43.0,3,1.67,4.0,1.0,3.0,1.42,0.47,190,True
616,Liam Millar,MF,ca Canada,26,,1999,3,2,162,1.8,0,0,0,0,0,0,1,0,0.0,0.0,0.0,0.0,0.0,1.8,0,1,0,0.0,0.56,0.0,0.0,,0,0,1.8,1,0,0,3,1,0,10,0,4,,,0,3,162.0,54.0,36.0,1.8,2,65.0,0,1,33.0,2,1.33,1.0,1.0,0.0,0.0,-0.94,162,True
617,Kim Min-jae,DF,kr Korea Republic,29,,1996,3,3,245,2.7,0,0,0,0,0,0,0,0,0.0,0.0,0.0,0.0,0.0,2.7,0,1,1,100.0,0.37,0.37,0.0,0.0,0,0,2.7,0,0,0,2,1,0,0,2,2,,,0,3,245.0,82.0,90.7,2.7,3,82.0,2,0,,0,1.0,2.0,3.0,-1.0,-0.37,-0.37,245,True
618,Yerry Mina,DF,co Colombia,31,,1994,1,0,2,0.0,0,0,0,0,0,0,0,0,0.0,0.0,0.0,0.0,0.0,0.0,0,0,0,,0.0,0.0,,,0,0,0.0,0,0,0,0,1,0,0,0,0,,,0,1,2.0,2.0,0.4,0.0,0,,0,1,2.0,4,1.0,0.0,0.0,0.0,0.0,-0.75,2,True
619,Alan Minda,MF,ec Ecuador,23,,2003,1,1,55,0.6,0,0,0,0,0,0,0,0,0.0,0.0,0.0,0.0,0.0,0.6,0,2,0,0.0,3.27,0.0,0.0,,0,0,0.6,0,0,0,0,1,0,2,1,0,,,0,1,55.0,55.0,15.3,0.6,1,55.0,0,0,,3,0.0,0.0,0.0,0.0,0.0,0.59,55,True
620,Aubrey Modiba,DF,za South Africa,30,,1995,4,4,346,3.8,0,0,0,0,0,0,1,0,0.0,0.0,0.0,0.0,0.0,3.8,0,5,1,20.0,1.3,0.26,0.0,0.0,0,0,3.8,1,0,0,4,6,2,11,4,5,,,0,4,346.0,87.0,96.1,3.8,4,87.0,3,0,,0,1.0,2.0,4.0,-2.0,-0.52,-0.52,346,True
621,Luka Modrić,MF,hr Croatia,40,,1985,4,4,317,3.5,0,1,1,0,0,0,1,0,0.0,0.28,0.28,0.0,0.28,3.5,0,1,0,0.0,0.28,0.0,0.0,,0,0,3.5,1,0,0,4,3,0,11,0,3,,,0,4,317.0,79.0,88.1,3.5,4,79.0,2,0,,0,1.5,6.0,6.0,0.0,0.0,2.09,317,True
622,Relebohile Mofokeng,MF,za South Africa,21,,2004,3,2,169,1.9,0,0,0,0,0,0,0,0,0.0,0.0,0.0,0.0,0.0,1.9,0,3,1,33.3,1.6,0.53,0.0,0.0,0,0,1.9,0,0,0,3,2,0,2,0,2,,,0,3,169.0,56.0,46.9,1.9,2,62.0,0,1,45.0,1,1.33,2.0,0.0,2.0,1.07,2.95,169,True
623,Shahriar Moghanlou,FW,ir IR Iran,31,,1994,3,1,88,1.0,0,0,0,0,0,0,0,0,0.0,0.0,0.0,0.0,0.0,1.0,0,3,0,0.0,3.07,0.0,0.0,,0,0,1.0,0,0,0,1,1,1,2,0,2,,,0,3,88.0,29.0,32.6,1.0,1,52.0,0,2,18.0,0,1.0,1.0,1.0,0.0,0.0,0.0,88,True
624,Milad Mohammadi,DF,ir IR Iran,32,,1993,3,2,205,2.3,0,0,0,0,0,0,0,0,0.0,0.0,0.0,0.0,0.0,2.3,0,1,1,100.0,0.44,0.44,0.0,0.0,0,0,2.3,0,0,0,1,1,2,3,2,4,,,0,3,205.0,68.0,75.9,2.3,2,90.0,2,1,25.0,0,1.0,3.0,3.0,0.0,0.0,0.0,205,True
625,Mohammad Mohebi,MF,ir IR Iran,27,,1998,3,3,244,2.7,1,0,1,1,0,0,0,0,0.37,0.0,0.37,0.37,0.37,2.7,1,2,1,50.0,0.74,0.37,0.5,1.0,0,0,2.7,0,0,0,1,1,0,1,1,1,,,0,3,244.0,81.0,90.4,2.7,3,81.0,1,0,,0,1.0,3.0,3.0,0.0,0.0,0.0,244,True
626,Johan Mojica,DF,co Colombia,33,,1992,4,4,390,4.3,0,0,0,0,0,0,1,0,0.0,0.0,0.0,0.0,0.0,4.3,0,3,2,66.7,0.69,0.46,0.0,0.0,0,0,4.3,1,0,0,1,7,1,11,3,3,,,0,4,390.0,98.0,81.3,4.3,4,98.0,4,0,,1,2.5,5.0,1.0,4.0,0.92,0.92,390,True
627,Teboho Mokoena,MF,za South Africa,29,,1997,3,3,270,3.0,1,0,1,0,1,1,2,0,0.33,0.0,0.33,0.0,0.0,3.0,1,4,2,50.0,1.33,0.67,0.25,0.5,1,1,3.0,2,0,0,3,6,0,5,5,3,,,0,3,270.0,90.0,75.0,3.0,3,90.0,3,0,,0,0.33,1.0,4.0,-3.0,-1.0,-2.0,270,True
628,Nahuel Molina,DF,ar Argentina,28,,1998,7,5,528,5.9,0,0,0,0,0,0,0,0,0.0,0.0,0.0,0.0,0.0,5.9,0,1,0,0.0,0.17,0.0,0.0,,0,0,5.9,0,0,0,3,0,1,5,8,3,,,0,7,528.0,75.0,65.2,5.9,5,84.0,1,2,54.0,1,2.57,7.0,7.0,0.0,0.0,-3.51,528,True
629,Jamiro Monteiro,MF,cv Cabo Verde,32,,1993,4,3,281,3.1,0,0,0,0,0,0,0,0,0.0,0.0,0.0,0.0,0.0,3.1,0,5,1,20.0,1.6,0.32,0.0,0.0,0,0,3.1,0,0,0,4,2,0,7,4,4,,,0,4,281.0,70.0,72.1,3.1,3,76.0,0,1,54.0,0,0.75,3.0,4.0,-1.0,-0.32,-0.32,281,True
630,César Montes,DF,mx Mexico,29,,1997,4,4,314,3.5,0,0,0,0,0,0,0,1,0.0,0.0,0.0,0.0,0.0,3.5,0,1,1,100.0,0.29,0.29,0.0,0.0,0,0,3.5,0,1,0,4,3,0,2,2,1,,,0,4,314.0,79.0,69.8,3.5,4,79.0,2,0,,0,2.25,8.0,2.0,6.0,1.72,1.06,314,True
631,Gonzalo Montiel,DF,ar Argentina,29,,1997,6,2,192,2.1,0,1,1,0,0,0,1,0,0.0,0.47,0.47,0.0,0.47,2.1,0,1,0,0.0,0.47,0.0,0.0,,0,0,2.1,1,0,0,4,2,0,4,3,3,,,0,6,192.0,32.0,23.7,2.1,2,51.0,0,4,23.0,2,2.5,9.0,0.0,9.0,4.22,3.93,192,True
632,Kim Moon-hwan,MF,kr Korea Republic,30,,1995,1,1,70,0.8,0,0,0,0,0,0,0,0,0.0,0.0,0.0,0.0,0.0,0.8,0,0,0,,0.0,0.0,,,0,0,0.8,0,0,0,0,0,0,0,1,1,,,0,1,70.0,70.0,25.9,0.8,1,70.0,0,0,,2,0.0,0.0,1.0,-1.0,-1.29,-1.29,70,True
633,Gilberto Mora,MF,mx Mexico,17,,2008,4,3,213,2.4,0,0,0,0,0,0,0,0,0.0,0.0,0.0,0.0,0.0,2.4,0,5,0,0.0,2.11,0.0,0.0,,0,0,2.4,0,0,0,3,3,0,4,2,2,,,0,4,213.0,53.0,47.3,2.4,3,63.0,0,1,25.0,1,2.25,6.0,3.0,3.0,1.27,-0.25,213,True
634,Diego Moreira,MF,be Belgium,21,,2004,1,0,58,0.6,0,0,0,0,0,0,0,0,0.0,0.0,0.0,0.0,0.0,0.6,0,0,0,,0.0,0.0,,,0,0,0.6,0,0,0,2,1,1,5,1,1,,,0,1,58.0,58.0,10.2,0.6,0,,0,1,58.0,5,3.0,3.0,0.0,3.0,4.66,3.95,58,True
635,Steven Moreira,DF,cv Cabo Verde,31,,1994,4,3,301,3.3,0,0,0,0,0,0,0,0,0.0,0.0,0.0,0.0,0.0,3.3,0,2,0,0.0,0.6,0.0,0.0,,0,0,3.3,0,0,0,0,2,0,4,2,3,,,0,4,301.0,75.0,77.2,3.3,3,100.0,3,1,1.0,0,0.75,4.0,5.0,-1.0,-0.3,-0.3,301,True
636,Tshepang Moremi,MF,za South Africa,25,,2000,2,0,34,0.4,0,1,1,0,0,0,0,0,0.0,2.65,2.65,0.0,2.65,0.4,0,0,0,,0.0,0.0,,,0,0,0.4,0,0,0,1,1,0,0,0,1,,,0,2,34.0,17.0,9.4,0.4,0,,0,2,17.0,2,1.5,1.0,1.0,0.0,0.0,0.55,34,True
637,Orlando Mosquera,GK,pa Panama,31,,1994,3,3,270,3.0,0,0,0,0,0,0,0,0,0.0,0.0,0.0,0.0,0.0,3.0,0,0,0,,0.0,0.0,,,0,0,3.0,0,0,0,0,0,0,0,0,0,,,0,3,270.0,90.0,100.0,3.0,3,90.0,3,0,,0,0.0,0.0,4.0,-4.0,-1.33,,270,True
638,Samir El Mourabet,MF,ma Morocco,20,,2005,5,0,81,0.9,0,0,0,0,0,0,0,0,0.0,0.0,0.0,0.0,0.0,0.9,0,0,0,,0.0,0.0,,,0,0,0.9,0,0,0,0,1,0,1,1,1,,,0,5,81.0,16.0,14.2,0.9,0,,0,5,16.0,1,2.2,3.0,0.0,3.0,3.33,3.15,81,True
639,Samuel Moutoussamy,MF,cd Congo DR,29,,1996,4,4,330,3.7,0,0,0,0,0,0,1,0,0.0,0.0,0.0,0.0,0.0,3.7,0,3,0,0.0,0.82,0.0,0.0,,0,0,3.7,1,0,0,8,1,0,1,1,8,,,0,4,330.0,83.0,91.7,3.7,4,83.0,1,0,,0,1.0,3.0,5.0,-2.0,-0.55,-6.55,330,True
640,Akmal Mozgovoy,MF,uz Uzbekistan,27,,1999,3,2,216,2.4,0,1,1,0,0,0,0,0,0.0,0.42,0.42,0.0,0.42,2.4,0,1,0,0.0,0.42,0.0,0.0,,0,0,2.4,0,0,0,0,3,0,0,2,0,,,0,3,216.0,72.0,80.0,2.4,2,86.0,1,1,45.0,0,0.0,2.0,7.0,-5.0,-2.08,4.58,216,True
641,Lionel Mpasi,GK,cd Congo DR,31,,1994,4,4,360,4.0,0,0,0,0,0,0,0,0,0.0,0.0,0.0,0.0,0.0,4.0,0,0,0,,0.0,0.0,,,0,0,4.0,0,0,0,0,0,0,0,0,0,,,0,4,360.0,90.0,100.0,4.0,4,90.0,4,0,,0,1.0,5.0,5.0,0.0,0.0,,360,True
642,Khuliso Mudau,DF,za South Africa,31,,1995,4,4,360,4.0,0,0,0,0,0,0,0,0,0.0,0.0,0.0,0.0,0.0,4.0,0,0,0,,0.0,0.0,,,0,0,4.0,0,0,0,4,10,1,3,11,8,,,0,4,360.0,90.0,100.0,4.0,4,90.0,4,0,,0,1.0,2.0,4.0,-2.0,-0.5,,360,True
643,Tarik Muharemovic,DF,ba Bosnia–Herz,23,,2003,3,3,259,2.9,0,0,0,0,0,0,0,1,0.0,0.0,0.0,0.0,0.0,2.9,0,1,0,0.0,0.35,0.0,0.0,,0,0,2.9,0,1,0,5,2,0,1,8,1,,,0,3,259.0,86.0,71.9,2.9,3,86.0,2,0,,0,0.33,1.0,4.0,-3.0,-1.04,-1.04,259,True
644,Miro Muheim,"DF,MF",ch Switzerland,28,,1998,3,0,87,1.0,0,0,0,0,0,0,1,0,0.0,0.0,0.0,0.0,0.0,1.0,0,0,0,,0.0,0.0,,,0,0,1.0,1,0,0,1,3,0,2,2,1,,,0,3,87.0,29.0,14.5,1.0,0,,0,3,29.0,1,0.67,0.0,3.0,-3.0,-3.1,-4.33,87,True
645,Ngal'Ayel Mukau,MF,cd Congo DR,21,,2004,4,3,195,2.2,0,0,0,0,0,0,0,0,0.0,0.0,0.0,0.0,0.0,2.2,0,1,0,0.0,0.46,0.0,0.0,,0,0,2.2,0,0,0,3,4,1,0,3,2,,,0,4,195.0,49.0,54.2,2.2,3,59.0,0,1,19.0,0,1.0,4.0,2.0,2.0,0.92,2.01,195,True
646,Mert Müldür,DF,tr Türkiye,27,,1999,3,1,101,1.1,0,0,0,0,0,0,0,0,0.0,0.0,0.0,0.0,0.0,1.1,0,3,0,0.0,2.67,0.0,0.0,,0,0,1.1,0,0,0,1,2,0,6,1,2,,,0,3,101.0,34.0,37.4,1.1,1,90.0,1,2,6.0,0,1.0,1.0,1.0,0.0,0.0,1.07,101,True
647,Daniel Muñoz,DF,co Colombia,30,,1996,5,4,394,4.4,2,0,2,2,0,0,0,0,0.46,0.0,0.46,0.46,0.46,4.4,2,3,2,66.7,0.69,0.46,0.67,1.0,0,0,4.4,0,0,0,9,1,3,8,7,3,,,0,5,394.0,79.0,82.1,4.4,4,98.0,4,1,4.0,0,2.2,5.0,1.0,4.0,0.91,0.91,394,True
648,Petar Musa,FW,hr Croatia,28,,1998,2,2,110,1.2,1,0,1,1,0,0,0,0,0.82,0.0,0.82,0.82,0.82,1.2,1,1,1,100.0,0.82,0.82,1.0,1.0,0,0,1.2,0,0,0,1,1,0,0,0,0,,,0,2,110.0,55.0,30.6,1.2,2,55.0,0,0,,2,1.5,2.0,3.0,-1.0,-0.82,-0.82,110,True
649,Jamal Musiala,MF,de Germany,23,,2003,4,3,270,3.0,1,0,1,1,0,0,1,0,0.33,0.0,0.33,0.33,0.33,3.0,1,6,1,16.7,2.0,0.33,0.17,1.0,0,0,3.0,1,0,0,5,11,0,5,1,5,,,0,4,270.0,68.0,69.2,3.0,3,71.0,1,1,58.0,0,1.75,5.0,4.0,1.0,0.33,-3.42,270,True
650,Fernando Muslera,GK,uy Uruguay,39,,1986,3,3,225,2.5,0,0,0,0,0,0,0,0,0.0,0.0,0.0,0.0,0.0,2.5,0,0,0,,0.0,0.0,,,0,0,2.5,0,0,0,0,0,0,0,0,0,,,0,3,225.0,75.0,83.3,2.5,3,75.0,2,0,,0,0.67,3.0,4.0,-1.0,-0.4,-0.4,225,True
651,Phillipp Mwene,DF,at Austria,32,,1994,2,2,147,1.6,0,0,0,0,0,0,0,0,0.0,0.0,0.0,0.0,0.0,1.6,0,1,0,0.0,0.61,0.0,0.0,,0,0,1.6,0,0,0,1,1,0,6,3,0,,,0,2,147.0,74.0,40.8,1.6,2,74.0,0,0,,2,2.0,3.0,3.0,0.0,0.0,1.27,147,True
652,David Møller Wolfe,DF,no Norway,24,,2002,5,5,430,4.8,0,1,1,0,0,0,0,0,0.0,0.21,0.21,0.0,0.21,4.8,0,0,0,,0.0,0.0,,,0,0,4.8,0,0,0,7,2,0,5,3,3,,,0,5,430.0,86.0,75.4,4.8,5,86.0,2,0,,1,2.4,10.0,5.0,5.0,1.05,2.98,430,True
653,Yūto Nagatomo,"DF,MF",jp Japan,39,,1986,1,0,16,0.2,0,0,0,0,0,0,0,0,0.0,0.0,0.0,0.0,0.0,0.2,0,0,0,,0.0,0.0,,,0,0,0.2,0,0,0,0,0,0,1,1,0,,,0,1,16.0,16.0,4.4,0.2,0,,0,1,16.0,3,1.0,0.0,0.0,0.0,0.0,-0.78,16,True
654,Keito Nakamura,MF,jp Japan,25,,2000,4,4,307,3.4,1,1,2,1,0,0,0,0,0.29,0.29,0.59,0.29,0.59,3.4,1,5,2,40.0,1.47,0.59,0.2,0.5,0,0,3.4,0,0,0,3,1,1,9,1,3,,,0,4,307.0,77.0,85.3,3.4,4,77.0,1,0,,0,1.25,7.0,4.0,3.0,0.88,0.88,307,True
655,Abdallah Nasib,DF,jo Jordan,32,,1994,3,3,260,2.9,0,0,0,0,0,0,0,0,0.0,0.0,0.0,0.0,0.0,2.9,0,0,0,,0.0,0.0,,,0,0,2.9,0,0,0,1,1,0,0,7,3,,,0,3,260.0,87.0,96.3,2.9,3,87.0,2,0,,0,0.0,3.0,7.0,-4.0,-1.38,7.62,260,True
656,Sherzod Nasrullaev,"DF,MF",uz Uzbekistan,27,,1998,3,3,180,2.0,0,0,0,0,0,0,1,0,0.0,0.0,0.0,0.0,0.0,2.0,0,1,1,100.0,0.5,0.5,0.0,0.0,0,0,2.0,1,0,0,3,2,0,3,2,2,,,0,3,180.0,60.0,66.7,2.0,3,60.0,1,0,,0,0.0,1.0,7.0,-6.0,-3.0,0.0,180,True
657,Duckens Nazon,"FW,MF",ht Haiti,32,,1994,1,0,24,0.3,0,0,0,0,0,0,1,0,0.0,0.0,0.0,0.0,0.0,0.3,0,1,1,100.0,3.75,3.75,0.0,0.0,0,0,0.3,1,0,0,0,1,0,0,0,0,,,0,1,24.0,24.0,8.9,0.3,0,,0,1,24.0,2,0.0,0.0,2.0,-2.0,-7.5,-6.04,24,True
658,Iliman Ndiaye,FW,sn Senegal,26,,2000,3,1,114,1.3,1,2,3,1,0,0,0,0,0.79,1.58,2.37,0.79,2.37,1.3,1,3,2,66.7,2.37,1.58,0.33,0.5,0,0,1.3,0,0,0,2,1,0,2,2,0,,,0,3,114.0,38.0,29.2,1.3,1,72.0,0,2,21.0,1,1.0,6.0,1.0,5.0,3.95,5.25,114,True
659,Dan Ndoye,"MF,FW",ch Switzerland,25,,2000,6,5,406,4.5,2,0,2,2,0,0,0,0,0.44,0.0,0.44,0.44,0.44,4.5,2,16,8,50.0,3.55,1.77,0.13,0.25,0,0,4.5,0,0,0,5,16,4,11,4,5,,,0,6,406.0,68.0,67.7,4.5,5,79.0,0,1,11.0,0,1.83,4.0,1.0,3.0,0.67,0.2,406,True
660,Jayden Nelson,"FW,MF",ca Canada,23,,2002,1,0,4,0.0,0,0,0,0,0,0,0,0,0.0,0.0,0.0,0.0,0.0,0.0,0,1,0,0.0,22.5,0.0,0.0,,0,0,0.0,0,0,0,0,0,0,2,0,0,,,0,1,4.0,4.0,0.9,0.0,0,,0,1,4.0,4,0.0,0.0,1.0,-1.0,-22.5,-23.31,4,True
661,Ali Nemati,DF,ir IR Iran,30,,1996,3,3,270,3.0,0,0,0,0,0,0,1,0,0.0,0.0,0.0,0.0,0.0,3.0,0,1,0,0.0,0.33,0.0,0.0,,0,0,3.0,1,0,0,3,0,1,2,0,2,,,0,3,270.0,90.0,100.0,3.0,3,90.0,3,0,,0,1.0,3.0,3.0,0.0,0.0,,270,True
662,Abduvohid Nematov,GK,uz Uzbekistan,25,,2001,2,2,180,2.0,0,0,0,0,0,0,0,0,0.0,0.0,0.0,0.0,0.0,2.0,0,0,0,,0.0,0.0,,,0,0,2.0,0,0,0,0,0,0,0,0,0,,,1,2,180.0,90.0,66.7,2.0,2,90.0,2,0,,1,0.0,1.0,8.0,-7.0,-3.5,-1.5,180,True
663,Pedro Neto,MF,pt Portugal,26,,2000,5,5,350,3.9,0,1,1,0,0,0,0,0,0.0,0.26,0.26,0.0,0.26,3.9,0,1,0,0.0,0.26,0.0,0.0,,0,0,3.9,0,0,0,4,4,0,13,0,2,,,0,5,350.0,70.0,77.8,3.9,5,70.0,1,0,,0,1.6,4.0,2.0,2.0,0.51,-2.19,350,True
664,Manuel Neuer,GK,de Germany,40,,1986,4,4,390,4.3,0,0,0,0,0,0,0,0,0.0,0.0,0.0,0.0,0.0,4.3,0,0,0,,0.0,0.0,,,0,0,4.3,0,0,0,0,2,0,0,0,0,,,0,4,390.0,98.0,100.0,4.3,4,98.0,4,0,,0,1.75,11.0,5.0,6.0,1.38,,390,True
665,João Neves,MF,pt Portugal,21,,2004,5,4,390,4.3,1,0,1,1,0,0,0,0,0.23,0.0,0.23,0.23,0.23,4.3,1,3,1,33.3,0.69,0.23,0.33,1.0,0,0,4.3,0,0,0,1,4,0,2,4,7,,,0,5,390.0,78.0,86.7,4.3,4,86.0,3,1,45.0,0,1.6,7.0,3.0,4.0,0.92,-0.58,390,True
666,Rúben Neves,MF,pt Portugal,29,,1997,2,1,55,0.6,0,0,0,0,0,0,0,0,0.0,0.0,0.0,0.0,0.0,0.6,0,2,0,0.0,3.27,0.0,0.0,,0,0,0.6,0,0,0,0,0,0,0,0,0,,,0,2,55.0,28.0,12.2,0.6,1,45.0,0,1,10.0,3,2.0,1.0,0.0,1.0,1.64,0.72,55,True
667,Neymar,"FW,MF",br Brazil,34,,1992,2,0,39,0.4,1,0,1,0,1,1,1,0,2.31,0.0,2.31,0.0,0.0,0.4,1,3,2,66.7,6.92,4.62,0.33,0.5,1,1,0.4,1,0,0,1,1,0,7,0,0,,,0,2,39.0,20.0,8.7,0.4,0,,0,2,20.0,1,1.5,1.0,2.0,-1.0,-2.31,-3.84,39,True
668,Nathan Ngoy,DF,be Belgium,23,,2003,4,4,335,3.7,0,0,0,0,0,0,0,1,0.0,0.0,0.0,0.0,0.0,3.7,0,1,0,0.0,0.27,0.0,0.0,,0,0,3.7,0,1,0,6,1,0,0,7,4,,,0,4,335.0,84.0,58.8,3.7,4,84.0,3,0,,1,1.25,6.0,4.0,2.0,0.54,-1.38,335,True
669,Moussa Niakhaté,DF,sn Senegal,30,,1996,4,4,390,4.3,0,1,1,0,0,0,0,0,0.0,0.23,0.23,0.0,0.23,4.3,0,1,0,0.0,0.23,0.0,0.0,,0,0,4.3,0,0,0,3,6,0,2,4,1,,,0,4,390.0,98.0,100.0,4.3,4,98.0,4,0,,0,0.75,10.0,9.0,1.0,0.23,,390,True
670,Gustaf Nilsson,FW,se Sweden,29,,1997,1,0,2,0.0,0,0,0,0,0,0,0,0,0.0,0.0,0.0,0.0,0.0,0.0,0,1,0,0.0,45.0,0.0,0.0,,0,0,0.0,0,0,0,0,0,0,0,0,0,,,0,1,2.0,2.0,0.6,0.0,0,,0,1,2.0,3,0.0,0.0,0.0,0.0,0.0,0.75,2,True
671,Felix Nmecha,MF,de Germany,25,,2000,4,4,270,3.0,1,1,2,1,0,0,0,0,0.33,0.33,0.67,0.33,0.67,3.0,1,8,3,37.5,2.67,1.0,0.13,0.33,0,0,3.0,0,0,0,3,3,0,2,2,9,,,0,4,270.0,68.0,69.2,3.0,4,68.0,1,0,,0,1.75,8.0,4.0,4.0,1.33,-0.17,270,True
672,Kristoffer Nordfeldt,GK,se Sweden,36,,1989,2,2,180,2.0,0,0,0,0,0,0,0,0,0.0,0.0,0.0,0.0,0.0,2.0,0,0,0,,0.0,0.0,,,0,0,2.0,0,0,0,0,0,0,0,0,0,,,0,2,180.0,90.0,50.0,2.0,2,90.0,2,0,,2,1.5,6.0,6.0,0.0,0.0,1.5,180,True
673,Tyrese Noslin,MF,cw Curaçao,23,,2002,1,0,14,0.2,0,0,0,0,0,0,0,0,0.0,0.0,0.0,0.0,0.0,0.2,0,0,0,,0.0,0.0,,,0,0,0.2,0,0,0,0,2,0,3,0,0,,,0,1,14.0,14.0,5.2,0.2,0,,0,1,14.0,2,0.0,0.0,0.0,0.0,0.0,2.81,14,True
674,Ernest Nuamah,MF,gh Ghana,22,,2003,3,1,89,1.0,0,1,1,0,0,0,0,0,0.0,1.01,1.01,0.0,1.01,1.0,0,0,0,,0.0,0.0,,,0,0,1.0,0,0,0,2,2,0,1,0,1,,,0,3,89.0,30.0,24.7,1.0,1,57.0,0,2,16.0,1,1.0,1.0,1.0,0.0,0.0,0.33,89,True
675,Matheus Nunes,"DF,MF",pt Portugal,27,,1998,1,0,1,0.0,0,0,0,0,0,0,0,0,0.0,0.0,0.0,0.0,0.0,0.0,0,0,0,,0.0,0.0,,,0,0,0.0,0,0,0,0,0,0,0,0,0,,,0,1,1.0,1.0,0.2,0.0,0,,0,1,1.0,4,1.0,0.0,0.0,0.0,0.0,-1.0,1,True
676,Darwin Núñez,FW,uy Uruguay,26,,1999,3,2,156,1.7,0,0,0,0,0,0,0,0,0.0,0.0,0.0,0.0,0.0,1.7,0,2,0,0.0,1.15,0.0,0.0,,0,0,1.7,0,0,0,1,1,2,1,2,1,,,0,3,156.0,52.0,57.8,1.7,2,68.0,1,1,21.0,0,0.67,0.0,2.0,-2.0,-1.15,-1.94,156,True
677,Antonio Nusa,FW,no Norway,21,,2005,6,4,318,3.5,1,0,1,1,0,0,1,0,0.28,0.0,0.28,0.28,0.28,3.5,1,6,2,33.3,1.7,0.57,0.17,0.5,0,0,3.5,1,0,0,1,5,2,7,2,2,,,0,6,318.0,53.0,55.8,3.5,4,64.0,0,2,31.0,0,2.0,6.0,4.0,2.0,0.57,0.57,318,True
678,Benjamin Nygren,MF,se Sweden,24,,2001,4,2,130,1.4,0,0,0,0,0,0,0,0,0.0,0.0,0.0,0.0,0.0,1.4,0,1,0,0.0,0.69,0.0,0.0,,0,0,1.4,0,0,0,3,0,0,5,0,0,,,0,4,130.0,33.0,36.1,1.4,2,59.0,0,2,6.0,0,1.0,3.0,5.0,-2.0,-1.38,-0.99,130,True
679,Ørjan Nyland,GK,no Norway,35,,1990,5,5,480,5.3,0,0,0,0,0,0,0,0,0.0,0.0,0.0,0.0,0.0,5.3,0,0,0,,0.0,0.0,,,0,0,5.3,0,0,0,0,0,0,0,1,0,,,0,5,480.0,96.0,84.2,5.3,5,96.0,5,0,,1,2.4,12.0,7.0,5.0,0.94,3.94,480,True
680,Aiden O'Neill,MF,au Australia,27,,1998,4,4,360,4.0,0,0,0,0,0,0,0,0,0.0,0.0,0.0,0.0,0.0,4.0,0,2,0,0.0,0.5,0.0,0.0,,0,0,4.0,0,0,0,2,8,0,10,2,2,,,0,4,360.0,90.0,92.3,4.0,4,90.0,3,0,,0,1.25,3.0,3.0,0.0,0.0,0.0,360,True
681,Nico O'Reilly,DF,eng England,21,,2005,7,5,461,5.1,0,0,0,0,0,0,1,0,0.0,0.0,0.0,0.0,0.0,5.1,0,7,1,14.3,1.37,0.2,0.0,0.0,0,0,5.1,1,0,0,6,4,0,4,5,3,,,0,7,461.0,66.0,61.5,5.1,5,86.0,3,2,17.0,1,2.29,12.0,8.0,4.0,0.78,-0.46,461,True
682,Salim Obaid,DF,jo Jordan,34,,1992,3,0,21,0.2,0,0,0,0,0,0,0,0,0.0,0.0,0.0,0.0,0.0,0.2,0,0,0,,0.0,0.0,,,0,0,0.2,0,0,0,1,0,0,0,0,2,,,0,3,21.0,7.0,7.8,0.2,0,,0,3,7.0,0,0.0,0.0,2.0,-2.0,-8.57,-7.49,21,True
683,Armando Obispo,DF,cw Curaçao,27,,1999,3,3,270,3.0,0,0,0,0,0,0,0,0,0.0,0.0,0.0,0.0,0.0,3.0,0,0,0,,0.0,0.0,,,0,0,3.0,0,0,0,1,0,1,0,7,1,,,0,3,270.0,90.0,100.0,3.0,3,90.0,3,0,,0,0.33,1.0,9.0,-8.0,-2.67,,270,True
684,Guillermo Ochoa,GK,mx Mexico,40,,1985,1,0,13,0.1,0,0,0,0,0,0,0,0,0.0,0.0,0.0,0.0,0.0,0.1,0,0,0,,0.0,0.0,,,0,0,0.1,0,0,0,0,0,0,0,0,0,,,0,1,13.0,13.0,2.9,0.1,0,,0,1,13.0,4,3.0,1.0,0.0,1.0,6.92,5.69,13,True
685,Kōki Ogawa,FW,jp Japan,28,,1997,3,0,42,0.5,0,1,1,0,0,0,0,0,0.0,2.14,2.14,0.0,2.14,0.5,0,3,0,0.0,6.43,0.0,0.0,,0,0,0.5,0,0,0,1,0,0,0,0,0,,,0,3,42.0,14.0,11.7,0.5,0,,0,3,14.0,1,0.67,1.0,0.0,1.0,2.14,1.58,42,True
686,Braian Ojeda,MF,py Paraguay,25,,2000,1,0,22,0.2,0,0,0,0,0,0,0,0,0.0,0.0,0.0,0.0,0.0,0.2,0,0,0,,0.0,0.0,,,0,0,0.2,0,0,0,0,0,0,0,0,0,,,0,1,22.0,22.0,4.6,0.2,0,,0,1,22.0,4,1.0,0.0,0.0,0.0,0.0,0.59,22,True
687,Noah Okafor,"FW,MF",ch Switzerland,26,,2000,1,0,20,0.2,0,0,0,0,0,0,0,0,0.0,0.0,0.0,0.0,0.0,0.2,0,1,0,0.0,4.5,0.0,0.0,,0,0,0.2,0,0,0,0,0,0,0,0,1,,,0,1,20.0,20.0,3.3,0.2,0,,0,1,20.0,5,3.0,0.0,0.0,0.0,0.0,-0.62,20,True
688,Ime Okon,DF,za South Africa,22,,2004,4,4,360,4.0,0,0,0,0,0,0,0,0,0.0,0.0,0.0,0.0,0.0,4.0,0,1,0,0.0,0.25,0.0,0.0,,0,0,4.0,0,0,0,1,0,0,0,5,2,,,0,4,360.0,90.0,100.0,4.0,4,90.0,4,0,,0,1.0,2.0,4.0,-2.0,-0.5,,360,True
689,Paul Okon-Engstler,MF,au Australia,21,,2005,4,2,197,2.2,0,1,1,0,0,0,0,0,0.0,0.46,0.46,0.0,0.46,2.2,0,0,0,,0.0,0.0,,,0,0,2.2,0,0,0,3,2,0,2,5,2,,,0,4,197.0,49.0,50.5,2.2,2,80.0,0,2,19.0,0,1.25,2.0,2.0,0.0,0.0,0.0,197,True
690,Ben Old,MF,nz New Zealand,23,,2002,3,0,93,1.0,0,0,0,0,0,0,0,0,0.0,0.0,0.0,0.0,0.0,1.0,0,0,0,,0.0,0.0,,,0,0,1.0,0,0,0,0,1,0,1,1,0,,,0,3,93.0,31.0,34.4,1.0,0,,0,3,31.0,0,0.33,1.0,6.0,-5.0,-4.84,-4.33,93,True
691,Michael Olise,MF,fr France,24,,2001,8,8,646,7.2,0,7,7,0,0,0,1,0,0.0,0.98,0.98,0.0,0.98,7.2,0,20,5,25.0,2.79,0.7,0.0,0.0,0,0,7.2,1,0,0,5,16,0,22,3,8,,,0,8,646.0,81.0,89.7,7.2,8,81.0,4,0,,0,2.25,19.0,10.0,9.0,1.25,0.04,646,True
692,Mathías Olivera,DF,uy Uruguay,28,,1997,3,3,270,3.0,0,0,0,0,0,0,1,0,0.0,0.0,0.0,0.0,0.0,3.0,0,1,0,0.0,0.33,0.0,0.0,,0,0,3.0,1,0,0,3,0,0,5,2,4,,,0,3,270.0,90.0,100.0,3.0,3,90.0,3,0,,0,0.67,3.0,4.0,-1.0,-0.33,,270,True
693,Dani Olmo,MF,es Spain,28,,1998,8,6,491,5.5,0,2,2,0,0,0,0,0,0.0,0.37,0.37,0.0,0.37,5.5,0,13,2,15.4,2.38,0.37,0.0,0.0,0,0,5.5,0,0,0,6,10,0,1,1,5,,,0,8,491.0,61.0,65.5,5.5,6,75.0,0,2,21.0,0,2.75,9.0,1.0,8.0,1.47,-0.27,491,True
694,Tani Oluwaseyi,FW,ca Canada,26,,2000,5,3,259,2.9,0,0,0,0,0,0,0,0,0.0,0.0,0.0,0.0,0.0,2.9,0,8,4,50.0,2.78,1.39,0.0,0.0,0,0,2.9,0,0,0,5,5,1,2,0,3,,,0,5,259.0,52.0,57.6,2.9,3,69.0,0,2,27.0,0,1.4,3.0,2.0,1.0,0.35,-0.59,259,True
695,Ali Olwan,MF,jo Jordan,26,,2000,3,3,268,3.0,1,0,1,1,0,0,0,0,0.34,0.0,0.34,0.34,0.34,3.0,1,6,3,50.0,2.01,1.01,0.17,0.33,0,0,3.0,0,0,0,1,4,1,5,1,0,,,0,3,268.0,89.0,99.3,3.0,3,89.0,1,0,,0,0.0,3.0,8.0,-5.0,-1.68,-1.68,268,True
696,Amadou Onana,MF,be Belgium,24,,2001,4,2,106,1.2,0,0,0,0,0,0,0,0,0.0,0.0,0.0,0.0,0.0,1.2,0,2,0,0.0,1.7,0.0,0.0,,0,0,1.2,0,0,0,1,3,0,0,2,2,,,0,4,106.0,27.0,18.6,1.2,2,38.0,0,2,16.0,1,2.5,4.0,2.0,2.0,1.7,0.73,106,True
697,Christopher Opéri,DF,ci Côte d'Ivoire,29,,1997,1,1,90,1.0,0,0,0,0,0,0,0,0,0.0,0.0,0.0,0.0,0.0,1.0,0,0,0,,0.0,0.0,,,0,0,1.0,0,0,0,2,0,0,2,1,2,,,0,1,90.0,90.0,25.0,1.0,1,90.0,1,0,,3,3.0,2.0,0.0,2.0,2.0,2.33,90,True
698,Jerome Opoku,DF,gh Ghana,27,,1998,3,3,270,3.0,0,0,0,0,0,0,0,0,0.0,0.0,0.0,0.0,0.0,3.0,0,0,0,,0.0,0.0,,,0,0,3.0,0,0,0,2,4,0,0,1,2,,,0,3,270.0,90.0,75.0,3.0,3,90.0,3,0,,1,1.33,1.0,1.0,0.0,0.0,1.0,270,True
699,Joel Ordóñez,DF,ec Ecuador,22,,2004,3,3,225,2.5,0,0,0,0,0,0,0,0,0.0,0.0,0.0,0.0,0.0,2.5,0,2,0,0.0,0.8,0.0,0.0,,0,0,2.5,0,0,0,1,1,0,0,1,5,,,0,3,225.0,75.0,62.5,2.5,3,75.0,2,0,,1,1.0,2.0,4.0,-2.0,-0.8,-0.8,225,True
700,Jonathan Osorio,MF,ca Canada,34,,1992,2,0,5,0.1,0,0,0,0,0,0,0,0,0.0,0.0,0.0,0.0,0.0,0.1,0,1,0,0.0,18.0,0.0,0.0,,0,0,0.1,0,0,0,0,1,0,0,1,0,,,0,2,5.0,3.0,1.1,0.1,0,,0,2,3.0,3,0.5,0.0,1.0,-1.0,-18.0,-18.81,5,True
701,Nicolás Otamendi,DF,ar Argentina,38,,1988,7,1,247,2.7,0,0,0,0,0,0,0,0,0.0,0.0,0.0,0.0,0.0,2.7,0,1,0,0.0,0.36,0.0,0.0,,0,0,2.7,0,0,0,4,4,1,0,6,2,,,0,7,247.0,35.0,30.5,2.7,1,90.0,1,6,26.0,1,2.57,8.0,2.0,6.0,2.19,1.39,247,True
702,Zakaria El Ouahdi,"DF,MF",ma Morocco,24,,2001,1,0,17,0.2,0,0,0,0,0,0,0,0,0.0,0.0,0.0,0.0,0.0,0.2,0,0,0,,0.0,0.0,,,0,0,0.2,0,0,0,1,1,0,0,0,0,,,0,1,17.0,17.0,3.0,0.2,0,,0,1,17.0,5,0.0,0.0,0.0,0.0,0.0,-0.65,17,True
703,Ayoub Al-Oui,DF,qa Qatar,21,,2005,2,2,149,1.7,0,0,0,0,0,0,0,0,0.0,0.0,0.0,0.0,0.0,1.7,0,0,0,,0.0,0.0,,,0,0,1.7,0,0,0,1,0,0,0,2,0,,,0,2,149.0,75.0,55.2,1.7,2,75.0,1,0,,1,0.5,0.0,7.0,-7.0,-4.23,-3.48,149,True
704,Azzedine Ounahi,MF,ma Morocco,26,,2000,6,5,435,4.8,2,0,2,2,0,0,1,0,0.41,0.0,0.41,0.41,0.41,4.8,2,5,3,60.0,1.03,0.62,0.4,0.67,0,0,4.8,1,0,0,3,7,0,4,1,1,,,0,6,435.0,73.0,76.3,4.8,5,83.0,1,1,21.0,0,1.83,6.0,4.0,2.0,0.41,-0.92,435,True
705,Mohammed Al-Owais,GK,sa Saudi Arabia,34,,1991,3,3,270,3.0,0,0,0,0,0,0,0,0,0.0,0.0,0.0,0.0,0.0,3.0,0,0,0,,0.0,0.0,,,0,0,3.0,0,0,0,0,1,0,0,0,0,,,0,3,270.0,90.0,100.0,3.0,3,90.0,3,0,,0,0.67,1.0,5.0,-4.0,-1.33,,270,True
706,Elisha Owusu,MF,gh Ghana,28,,1997,3,2,151,1.7,0,0,0,0,0,0,0,0,0.0,0.0,0.0,0.0,0.0,1.7,0,0,0,,0.0,0.0,,,0,0,1.7,0,0,0,2,0,0,3,0,3,,,0,3,151.0,50.0,41.9,1.7,2,61.0,0,1,29.0,1,1.0,0.0,1.0,-1.0,-0.6,-0.6,151,True
707,Mikel Oyarzabal,FW,es Spain,29,,1997,8,8,601,6.7,5,1,6,4,1,1,0,0,0.75,0.15,0.9,0.6,0.75,6.7,5,23,12,52.2,3.44,1.8,0.22,0.42,1,1,6.7,0,0,0,4,5,1,3,1,5,,,0,8,601.0,75.0,80.1,6.7,8,75.0,2,0,,0,2.75,10.0,1.0,9.0,1.35,-1.07,601,True
708,Salih Özcan,MF,tr Türkiye,28,,1998,2,1,100,1.1,0,0,0,0,0,0,0,0,0.0,0.0,0.0,0.0,0.0,1.1,0,0,0,,0.0,0.0,,,0,0,1.1,0,0,0,2,2,0,1,4,1,,,0,2,100.0,50.0,37.0,1.1,1,90.0,1,1,10.0,1,1.5,3.0,2.0,1.0,0.9,2.49,100,True
709,Willian Pacho,DF,ec Ecuador,24,,2001,4,4,360,4.0,0,0,0,0,0,0,0,0,0.0,0.0,0.0,0.0,0.0,4.0,0,1,1,100.0,0.25,0.25,0.0,0.0,0,0,4.0,0,0,0,3,2,0,0,8,2,,,0,4,360.0,90.0,100.0,4.0,4,90.0,4,0,,0,1.0,2.0,4.0,-2.0,-0.5,,360,True
710,Kendry Páez,MF,ec Ecuador,19,,2007,1,0,12,0.1,0,0,0,0,0,0,1,0,0.0,0.0,0.0,0.0,0.0,0.1,0,0,0,,0.0,0.0,,,0,0,0.1,1,0,0,1,0,0,0,0,0,,,0,1,12.0,12.0,3.3,0.1,0,,0,1,12.0,3,0.0,0.0,0.0,0.0,0.0,0.52,12,True
711,Exequiel Palacios,DF,ar Argentina,27,,1998,1,1,90,1.0,0,0,0,0,0,0,0,0,0.0,0.0,0.0,0.0,0.0,1.0,0,0,0,,0.0,0.0,,,0,0,1.0,0,0,0,1,1,0,0,5,0,,,0,1,90.0,90.0,11.1,1.0,1,90.0,1,0,,7,3.0,3.0,1.0,2.0,2.0,0.87,90,True
712,Lucas Paquetá,MF,br Brazil,28,,1997,4,4,233,2.6,0,1,1,0,0,0,0,0,0.0,0.39,0.39,0.0,0.39,2.6,0,5,1,20.0,1.93,0.39,0.0,0.0,0,0,2.6,0,0,0,3,6,0,5,5,4,,,0,4,233.0,58.0,51.8,2.6,4,58.0,0,0,,0,2.5,7.0,2.0,5.0,1.93,1.52,233,True
713,Leandro Paredes,MF,ar Argentina,31,,1994,7,4,473,5.3,0,0,0,0,0,0,2,0,0.0,0.0,0.0,0.0,0.0,5.3,0,4,1,25.0,0.76,0.19,0.0,0.0,0,0,5.3,2,0,0,9,3,0,2,5,6,,,0,7,473.0,68.0,58.4,5.3,4,88.0,2,3,40.0,1,2.57,10.0,7.0,3.0,0.57,-1.57,473,True
714,Thomas Partey,MF,gh Ghana,33,,1993,3,3,270,3.0,0,0,0,0,0,0,0,0,0.0,0.0,0.0,0.0,0.0,3.0,0,2,0,0.0,0.67,0.0,0.0,,0,0,3.0,0,0,0,2,5,0,0,6,4,,,0,3,270.0,90.0,75.0,3.0,3,90.0,3,0,,0,0.33,1.0,3.0,-2.0,-0.67,-1.67,270,True
715,Marco Pašalić,MF,hr Croatia,25,,2000,3,1,99,1.1,0,0,0,0,0,0,0,0,0.0,0.0,0.0,0.0,0.0,1.1,0,3,2,66.7,2.73,1.82,0.0,0.0,0,0,1.1,0,0,0,0,2,2,11,1,2,,,0,3,99.0,33.0,27.5,1.1,1,71.0,0,2,14.0,1,2.0,1.0,1.0,0.0,0.0,0.34,99,True
716,Mario Pašalić,MF,hr Croatia,31,,1995,4,1,123,1.4,0,0,0,0,0,0,0,0,0.0,0.0,0.0,0.0,0.0,1.4,0,4,1,25.0,2.93,0.73,0.0,0.0,0,0,1.4,0,0,0,2,0,1,1,1,1,,,0,4,123.0,31.0,34.2,1.4,1,77.0,0,3,15.0,0,1.5,3.0,4.0,-1.0,-0.73,-0.73,123,True
717,Nathan Patterson,DF,sct Scotland,24,,2001,3,2,185,2.1,0,0,0,0,0,0,0,0,0.0,0.0,0.0,0.0,0.0,2.1,0,0,0,,0.0,0.0,,,0,0,2.1,0,0,0,2,0,0,1,3,2,,,0,3,185.0,62.0,68.5,2.1,2,85.0,0,1,16.0,0,1.0,0.0,4.0,-4.0,-1.95,-3.0,185,True
718,João Paulo Fernandes,DF,cv Cabo Verde,28,,1998,2,1,105,1.2,0,0,0,0,0,0,0,0,0.0,0.0,0.0,0.0,0.0,1.2,0,2,0,0.0,1.71,0.0,0.0,,0,0,1.2,0,0,0,0,4,0,5,6,1,,,0,2,105.0,53.0,26.9,1.2,1,90.0,1,1,15.0,2,1.0,0.0,0.0,0.0,0.0,0.32,105,True
719,Aleksandar Pavlovic,MF,de Germany,22,,2004,4,4,272,3.0,0,0,0,0,0,0,1,0,0.0,0.0,0.0,0.0,0.0,3.0,0,4,1,25.0,1.32,0.33,0.0,0.0,0,0,3.0,1,0,0,13,4,0,1,2,3,,,0,4,272.0,68.0,69.7,3.0,4,68.0,1,0,,0,1.75,9.0,4.0,5.0,1.65,0.89,272,True
720,Tim Payne,DF,nz New Zealand,32,,1994,3,3,224,2.5,0,1,1,0,0,0,0,0,0.0,0.4,0.4,0.0,0.4,2.5,0,1,0,0.0,0.4,0.0,0.0,,0,0,2.5,0,0,0,2,2,0,10,1,3,,,0,3,224.0,75.0,83.0,2.5,3,75.0,0,0,,0,0.33,3.0,7.0,-4.0,-1.61,2.31,224,True
721,Nicolás Paz,MF,ar Argentina,21,,2004,2,1,71,0.8,0,0,0,0,0,0,0,0,0.0,0.0,0.0,0.0,0.0,0.8,0,1,0,0.0,1.27,0.0,0.0,,0,0,0.8,0,0,0,2,1,0,0,0,2,,,0,2,71.0,36.0,8.8,0.8,1,60.0,0,1,11.0,6,3.0,2.0,1.0,1.0,1.27,0.05,71,True
722,Marcus Pedersen,DF,no Norway,25,,2000,4,1,236,2.6,1,0,1,1,0,0,0,0,0.38,0.0,0.38,0.38,0.38,2.6,1,1,1,100.0,0.38,0.38,1.0,1.0,0,0,2.6,0,0,0,3,1,0,6,0,2,,,0,4,236.0,59.0,41.4,2.6,1,82.0,0,3,51.0,1,1.5,4.0,5.0,-1.0,-0.38,-1.19,236,True
723,Pedri,MF,es Spain,23,,2002,8,5,499,5.5,0,0,0,0,0,0,1,0,0.0,0.0,0.0,0.0,0.0,5.5,0,5,2,40.0,0.9,0.36,0.0,0.0,0,0,5.5,1,0,0,4,5,1,13,10,8,,,0,8,499.0,62.0,66.5,5.5,5,78.0,1,3,36.0,0,2.75,10.0,0.0,10.0,1.8,0.73,499,True
724,Nicolas Pépé,FW,ci Côte d'Ivoire,31,,1995,4,3,234,2.6,2,1,3,2,0,0,1,0,0.77,0.38,1.15,0.77,1.15,2.6,2,6,3,50.0,2.31,1.15,0.33,0.67,0,0,2.6,1,0,0,1,1,1,10,3,0,,,0,4,234.0,59.0,65.0,2.6,3,76.0,0,1,6.0,0,1.5,3.0,3.0,0.0,0.0,-0.71,234,True
725,Ricardo Pepi,FW,us USA,23,,2003,5,2,204,2.3,0,0,0,0,0,0,0,0,0.0,0.0,0.0,0.0,0.0,2.3,0,5,0,0.0,2.21,0.0,0.0,,0,0,2.3,0,0,0,5,3,2,0,1,1,,,0,5,204.0,41.0,45.3,2.3,2,82.0,1,3,14.0,0,1.8,5.0,5.0,0.0,0.0,-1.1,204,True
726,Kojo Peprah Oppong,DF,gh Ghana,22,,2004,2,0,49,0.5,0,0,0,0,0,0,1,0,0.0,0.0,0.0,0.0,0.0,0.5,0,0,0,,0.0,0.0,,,0,0,0.5,1,0,0,1,0,0,0,0,0,,,0,2,49.0,25.0,13.6,0.5,0,,0,2,25.0,2,0.5,1.0,1.0,0.0,0.0,0.29,49,True
727,Ivan Perišić,"MF,DF",hr Croatia,37,,1989,4,4,360,4.0,1,1,2,1,0,0,2,0,0.25,0.25,0.5,0.25,0.5,4.0,1,2,2,100.0,0.5,0.5,0.5,0.5,0,0,4.0,2,0,0,4,1,0,20,4,4,,,0,4,360.0,90.0,100.0,4.0,4,90.0,4,0,,0,1.5,6.0,7.0,-1.0,-0.25,,360,True
728,Jens Petter Hauge,"DF,FW",no Norway,26,,1999,1,0,8,0.1,0,0,0,0,0,0,0,0,0.0,0.0,0.0,0.0,0.0,0.1,0,0,0,,0.0,0.0,,,0,0,0.1,0,0,0,0,0,0,0,0,0,,,0,1,8.0,8.0,1.4,0.1,0,,0,1,8.0,5,0.0,0.0,1.0,-1.0,-11.25,-11.73,8,True
729,Charles Pickel,"DF,MF",cd Congo DR,29,,1997,2,0,35,0.4,0,0,0,0,0,0,1,0,0.0,0.0,0.0,0.0,0.0,0.4,0,1,0,0.0,2.57,0.0,0.0,,0,0,0.4,1,0,0,2,1,0,0,0,0,,,0,2,35.0,18.0,9.7,0.4,0,,0,2,18.0,2,0.5,0.0,1.0,-1.0,-2.57,-2.85,35,True
730,Jordan Pickford,GK,eng England,32,,1994,7,7,660,7.3,0,0,0,0,0,0,0,0,0.0,0.0,0.0,0.0,0.0,7.3,0,0,0,,0.0,0.0,,,0,0,7.3,0,0,0,0,4,0,0,0,0,,,0,7,660.0,94.0,88.0,7.3,7,94.0,7,0,,1,2.29,14.0,8.0,6.0,0.82,-1.18,660,True
731,Pico,DF,cv Cabo Verde,33,,1992,4,4,390,4.3,0,0,0,0,0,0,0,0,0.0,0.0,0.0,0.0,0.0,4.3,0,2,0,0.0,0.46,0.0,0.0,,0,0,4.3,0,0,0,0,3,0,0,7,5,,,0,4,390.0,98.0,100.0,4.3,4,98.0,4,0,,0,0.75,4.0,5.0,-1.0,-0.23,,390,True
732,Frantzdy Pierrot,FW,ht Haiti,31,,1995,3,2,143,1.6,0,0,0,0,0,0,1,0,0.0,0.0,0.0,0.0,0.0,1.6,0,3,1,33.3,1.89,0.63,0.0,0.0,0,0,1.6,1,0,0,5,4,2,0,0,0,,,0,3,143.0,48.0,53.0,1.6,2,68.0,1,1,8.0,0,0.0,0.0,5.0,-5.0,-3.15,-2.44,143,True
733,Kevin Pina,MF,cv Cabo Verde,29,,1997,4,4,349,3.9,1,0,1,1,0,0,1,0,0.26,0.0,0.26,0.26,0.26,3.9,1,5,1,20.0,1.29,0.26,0.2,1.0,0,0,3.9,1,0,0,5,3,0,2,3,7,,,0,4,349.0,87.0,89.5,3.9,4,87.0,2,0,,0,0.75,3.0,4.0,-1.0,-0.26,-0.26,349,True
734,Wagner Pina,DF,cv Cabo Verde,23,,2002,1,1,89,1.0,0,0,0,0,0,0,1,0,0.0,0.0,0.0,0.0,0.0,1.0,0,1,0,0.0,1.01,0.0,0.0,,0,0,1.0,1,0,0,1,3,0,2,1,0,,,0,1,89.0,89.0,22.8,1.0,1,89.0,0,0,,3,1.0,0.0,0.0,0.0,0.0,0.3,89,True
735,Orbelín Pineda,"FW,MF",mx Mexico,30,,1996,2,0,31,0.3,0,0,0,0,0,0,0,0,0.0,0.0,0.0,0.0,0.0,0.3,0,1,0,0.0,2.9,0.0,0.0,,0,0,0.3,0,0,0,0,2,0,0,0,0,,,0,2,31.0,16.0,6.9,0.3,0,,0,2,16.0,3,3.0,0.0,0.0,0.0,0.0,-1.5,31,True
736,Yéremy Pino,"FW,MF",es Spain,23,,2002,2,0,70,0.8,0,0,0,0,0,0,0,0,0.0,0.0,0.0,0.0,0.0,0.8,0,0,0,,0.0,0.0,,,0,0,0.8,0,0,0,2,0,1,1,0,0,,,0,2,70.0,35.0,9.3,0.8,0,,0,2,35.0,6,3.0,1.0,0.0,1.0,1.29,-0.3,70,True
737,Isidro Pitta,FW,py Paraguay,26,,1999,1,1,45,0.5,0,0,0,0,0,0,0,0,0.0,0.0,0.0,0.0,0.0,0.5,0,0,0,,0.0,0.0,,,0,0,0.5,0,0,0,2,0,2,0,0,0,,,0,1,45.0,45.0,9.4,0.5,1,45.0,0,0,,4,3.0,1.0,0.0,1.0,2.0,2.83,45,True
738,Johny Placide,GK,ht Haiti,38,,1988,3,3,270,3.0,0,0,0,0,0,0,1,0,0.0,0.0,0.0,0.0,0.0,3.0,0,0,0,,0.0,0.0,,,0,0,3.0,1,0,0,0,0,0,0,0,0,,,0,3,270.0,90.0,100.0,3.0,3,90.0,3,0,,0,0.0,2.0,8.0,-6.0,-2.0,,270,True
739,Gonzalo Plata,FW,ec Ecuador,25,,2000,4,4,360,4.0,1,0,1,1,0,0,1,0,0.25,0.0,0.25,0.25,0.25,4.0,1,8,5,62.5,2.0,1.25,0.13,0.2,0,0,4.0,1,0,0,5,4,0,8,2,5,,,0,4,360.0,90.0,100.0,4.0,4,90.0,4,0,,0,1.0,2.0,4.0,-2.0,-0.5,,360,True
740,Marin Pongračić,DF,hr Croatia,28,,1997,3,3,270,3.0,0,0,0,0,0,0,0,0,0.0,0.0,0.0,0.0,0.0,3.0,0,1,0,0.0,0.33,0.0,0.0,,0,0,3.0,0,0,0,3,0,0,0,0,3,,,0,3,270.0,90.0,75.0,3.0,3,90.0,3,0,,1,2.0,4.0,3.0,1.0,0.33,2.33,270,True
741,Jackson Porozo,DF,ec Ecuador,25,,2000,1,0,29,0.3,0,0,0,0,0,0,1,0,0.0,0.0,0.0,0.0,0.0,0.3,0,0,0,,0.0,0.0,,,0,0,0.3,1,0,0,2,0,0,0,0,0,,,0,1,29.0,29.0,8.1,0.3,0,,0,1,29.0,3,0.0,0.0,1.0,-1.0,-3.1,-2.83,29,True
742,Pedro Porro,DF,es Spain,26,,1999,6,6,563,6.3,2,0,2,2,0,0,0,0,0.32,0.0,0.32,0.32,0.32,6.3,2,7,3,42.9,1.12,0.48,0.29,0.67,0,0,6.3,0,0,0,10,9,0,24,8,11,,,0,6,563.0,94.0,75.1,6.3,6,94.0,5,0,,2,3.0,13.0,1.0,12.0,1.92,1.44,563,True
743,Stefan Posch,DF,at Austria,29,,1997,4,4,331,3.7,0,0,0,0,0,0,2,0,0.0,0.0,0.0,0.0,0.0,3.7,0,3,0,0.0,0.82,0.0,0.0,,0,0,3.7,2,0,0,7,3,0,3,10,4,,,0,4,331.0,83.0,91.9,3.7,4,83.0,2,0,,0,1.0,6.0,7.0,-1.0,-0.27,5.93,331,True
744,Alexander Prass,"DF,MF",at Austria,25,,2001,2,0,29,0.3,0,0,0,0,0,0,0,0,0.0,0.0,0.0,0.0,0.0,0.3,0,0,0,,0.0,0.0,,,0,0,0.3,0,0,0,0,0,0,3,0,0,,,0,2,29.0,15.0,8.1,0.3,0,,0,2,15.0,2,0.0,0.0,2.0,-2.0,-6.21,-5.93,29,True
745,Ángelo Preciado,"DF,MF",ec Ecuador,28,,1998,4,0,109,1.2,0,0,0,0,0,0,0,0,0.0,0.0,0.0,0.0,0.0,1.2,0,0,0,,0.0,0.0,,,0,0,1.2,0,0,0,0,1,0,7,3,1,,,0,4,109.0,27.0,30.3,1.2,0,,0,4,27.0,0,1.0,1.0,1.0,0.0,0.0,0.72,109,True
746,Ruben Providence,MF,ht Haiti,24,,2001,3,3,220,2.4,0,0,0,0,0,0,0,0,0.0,0.0,0.0,0.0,0.0,2.4,0,4,1,25.0,1.64,0.41,0.0,0.0,0,0,2.4,0,0,0,3,5,0,6,0,2,,,0,3,220.0,73.0,81.5,2.4,3,73.0,0,0,,0,0.0,2.0,6.0,-4.0,-1.64,1.96,220,True
747,Lukáš Provod,FW,cz Czechia,29,,1996,3,1,122,1.4,0,0,0,0,0,0,0,0,0.0,0.0,0.0,0.0,0.0,1.4,0,1,0,0.0,0.74,0.0,0.0,,0,0,1.4,0,0,0,2,1,1,5,1,3,,,0,3,122.0,41.0,45.2,1.4,1,63.0,0,2,30.0,0,0.33,1.0,3.0,-2.0,-1.48,-0.26,122,True
748,Marc Pubill,DF,es Spain,22,,2003,1,0,1,0.0,0,0,0,0,0,0,0,0,0.0,0.0,0.0,0.0,0.0,0.0,0,0,0,,0.0,0.0,,,0,0,0.0,0,0,0,0,0,0,0,0,0,,,0,1,1.0,1.0,0.1,0.0,0,,0,1,1.0,7,3.0,0.0,0.0,0.0,0.0,-1.56,1,True
749,Gustavo Puerta,MF,co Colombia,22,,2003,5,5,469,5.2,0,1,1,0,0,0,1,0,0.0,0.19,0.19,0.0,0.19,5.2,0,14,5,35.7,2.69,0.96,0.0,0.0,0,0,5.2,1,0,0,9,8,0,2,3,3,,,0,5,469.0,94.0,97.7,5.2,5,94.0,4,0,,0,2.2,4.0,1.0,3.0,0.58,-7.61,469,True
750,Christian Pulisic,MF,us USA,27,,1998,4,3,223,2.5,0,1,1,0,0,0,0,0,0.0,0.4,0.4,0.0,0.4,2.5,0,4,2,50.0,1.61,0.81,0.0,0.0,0,0,2.5,0,0,0,1,8,2,4,0,1,,,0,4,223.0,56.0,49.6,2.5,3,63.0,0,1,33.0,0,1.5,6.0,4.0,2.0,0.81,0.41,223,True
751,Ahmed Qasem,"MF,FW",iq Iraq,22,,2003,3,2,123,1.4,0,0,0,0,0,0,0,0,0.0,0.0,0.0,0.0,0.0,1.4,0,0,0,,0.0,0.0,,,0,0,1.4,0,0,0,0,1,0,1,0,0,,,0,3,123.0,41.0,45.6,1.4,2,53.0,1,1,18.0,0,0.0,0.0,6.0,-6.0,-4.39,-1.33,123,True
752,Jarell Quansah,DF,eng England,23,,2003,3,3,197,2.2,0,0,0,0,0,0,1,1,0.0,0.0,0.0,0.0,0.0,2.2,0,0,0,,0.0,0.0,,,0,0,2.2,1,1,0,2,2,0,1,0,0,,,0,3,197.0,66.0,26.3,2.2,3,66.0,0,0,,3,3.0,7.0,4.0,3.0,1.37,0.56,197,True
753,Julián Quiñones,"FW,MF",mx Mexico,29,,1997,5,5,410,4.6,4,1,5,4,0,0,0,0,0.88,0.22,1.1,0.88,1.1,4.6,4,14,6,42.9,3.07,1.32,0.29,0.67,0,0,4.6,0,0,0,5,7,1,3,0,0,,,0,5,410.0,82.0,91.1,4.6,5,82.0,1,0,,0,2.4,10.0,3.0,7.0,1.54,1.54,410,True
754,Alberto Quintero,"FW,MF",pa Panama,38,,1987,1,0,3,0.0,0,0,0,0,0,0,0,0,0.0,0.0,0.0,0.0,0.0,0.0,0,0,0,,0.0,0.0,,,0,0,0.0,0,0,0,1,0,0,1,0,0,,,0,1,3.0,3.0,1.1,0.0,0,,0,1,3.0,2,0.0,0.0,0.0,0.0,0.0,1.35,3,True
755,Juan Quintero,"FW,MF",co Colombia,33,,1993,4,0,121,1.3,0,1,1,0,0,0,0,0,0.0,0.74,0.74,0.0,0.74,1.3,0,4,0,0.0,2.98,0.0,0.0,,0,0,1.3,0,0,0,0,1,0,12,0,0,,,0,4,121.0,30.0,25.2,1.3,0,,0,4,30.0,1,2.0,1.0,0.0,1.0,0.74,-0.01,121,True
756,Ramy Rabia,DF,eg Egypt,33,,1993,5,3,372,4.1,0,0,0,0,0,0,0,0,0.0,0.0,0.0,0.0,0.0,4.1,0,1,1,100.0,0.24,0.24,0.0,0.0,0,0,4.1,0,0,0,3,2,0,0,3,5,,,0,5,372.0,74.0,77.5,4.1,3,100.0,3,2,36.0,0,1.2,7.0,5.0,2.0,0.48,1.32,372,True
757,Adrien Rabiot,MF,fr France,31,,1995,7,7,585,6.5,0,1,1,0,0,0,1,0,0.0,0.15,0.15,0.0,0.15,6.5,0,9,1,11.1,1.38,0.15,0.0,0.0,0,0,6.5,1,0,0,13,4,1,2,11,7,,,0,7,585.0,84.0,81.3,6.5,7,84.0,6,0,,1,2.14,16.0,8.0,8.0,1.23,-0.1,585,True
758,Stjepan Radeljić,DF,ba Bosnia–Herz,28,,1997,2,2,180,2.0,0,0,0,0,0,0,1,0,0.0,0.0,0.0,0.0,0.0,2.0,0,1,0,0.0,0.5,0.0,0.0,,0,0,2.0,1,0,0,1,3,0,0,0,1,,,0,2,180.0,90.0,50.0,2.0,2,90.0,2,0,,2,1.5,3.0,3.0,0.0,0.0,1.5,180,True
759,Soufiane Rahimi,FW,ma Morocco,30,,1996,6,0,163,1.8,2,1,3,2,0,0,0,0,1.1,0.55,1.66,1.1,1.66,1.8,2,6,4,66.7,3.31,2.21,0.33,0.5,0,0,1.8,0,0,0,5,6,2,1,0,2,,,0,6,163.0,27.0,28.6,1.8,0,,0,6,27.0,0,1.83,6.0,1.0,5.0,2.76,2.98,163,True
760,Abdul Rahman Baba,"DF,MF",gh Ghana,31,,1994,1,0,1,0.0,0,0,0,0,0,0,0,0,0.0,0.0,0.0,0.0,0.0,0.0,0,0,0,,0.0,0.0,,,0,0,0.0,0,0,0,0,0,0,0,0,0,,,0,1,1.0,1.0,0.3,0.0,0,,0,1,1.0,3,1.0,0.0,0.0,0.0,0.0,0.25,1,True
761,Anthony Ralston,DF,sct Scotland,27,,1998,2,0,11,0.1,0,0,0,0,0,0,0,0,0.0,0.0,0.0,0.0,0.0,0.1,0,1,1,100.0,8.18,8.18,0.0,0.0,0,0,0.1,0,0,0,2,0,0,1,0,0,,,0,2,11.0,6.0,4.1,0.1,0,,0,2,6.0,1,0.0,0.0,0.0,0.0,0.0,1.04,11,True
762,Gonçalo Ramos,FW,pt Portugal,24,,2001,2,0,36,0.4,1,0,1,1,0,0,0,0,2.5,0.0,2.5,2.5,2.5,0.4,1,2,1,50.0,5.0,2.5,0.5,1.0,0,0,0.4,0,0,0,0,0,0,0,0,0,,,0,2,36.0,18.0,8.0,0.4,0,,0,2,18.0,3,2.0,2.0,0.0,2.0,5.0,4.35,36,True
763,Jiovany Ramos,DF,pa Panama,29,,1997,2,2,166,1.8,0,0,0,0,0,0,0,0,0.0,0.0,0.0,0.0,0.0,1.8,0,2,0,0.0,1.08,0.0,0.0,,0,0,1.8,0,0,0,2,1,0,0,3,1,,,0,2,166.0,83.0,61.5,1.8,2,83.0,1,0,,1,0.0,0.0,2.0,-2.0,-1.08,0.65,166,True
764,Jesse Randall,MF,nz New Zealand,23,,2002,3,0,61,0.7,0,0,0,0,0,0,0,0,0.0,0.0,0.0,0.0,0.0,0.7,0,1,0,0.0,1.48,0.0,0.0,,0,0,0.7,0,0,0,0,1,0,5,0,0,,,0,3,61.0,20.0,22.6,0.7,0,,0,3,20.0,0,0.33,1.0,5.0,-4.0,-5.9,-5.04,61,True
765,Raúl Rangel,GK,mx Mexico,26,,2000,5,5,437,4.9,0,0,0,0,0,0,0,0,0.0,0.0,0.0,0.0,0.0,4.9,0,0,0,,0.0,0.0,,,0,0,4.9,0,0,0,1,0,0,0,0,0,,,0,5,437.0,87.0,97.1,4.9,5,87.0,4,0,,0,2.4,9.0,3.0,6.0,1.24,-5.69,437,True
766,Raphinha,"MF,FW",br Brazil,29,,1996,2,2,129,1.4,0,0,0,0,0,0,0,0,0.0,0.0,0.0,0.0,0.0,1.4,0,3,2,66.7,2.09,1.4,0.0,0.0,0,0,1.4,0,0,0,1,2,2,9,0,0,,,0,2,129.0,65.0,28.7,1.4,2,65.0,1,0,,1,2.0,3.0,1.0,2.0,1.4,0.27,129,True
767,Nizar Al Rashdan,MF,jo Jordan,27,,1999,3,3,255,2.8,1,0,1,1,0,0,0,0,0.35,0.0,0.35,0.35,0.35,2.8,1,2,1,50.0,0.71,0.35,0.5,1.0,0,0,2.8,0,0,0,5,4,0,0,2,5,,,0,3,255.0,85.0,94.4,2.8,3,85.0,2,0,,0,0.0,3.0,7.0,-4.0,-1.41,4.59,255,True
768,Marcus Rashford,MF,eng England,28,,1997,6,3,223,2.5,1,1,2,1,0,0,0,0,0.4,0.4,0.81,0.4,0.81,2.5,1,12,5,41.7,4.84,2.02,0.08,0.2,0,0,2.5,0,0,0,5,1,1,17,0,2,,,0,6,223.0,37.0,29.7,2.5,3,65.0,1,3,9.0,2,2.17,7.0,1.0,6.0,2.42,2.08,223,True
769,Nicolas Raskin,MF,be Belgium,25,,2001,6,3,341,3.8,0,2,2,0,0,0,0,0,0.0,0.53,0.53,0.0,0.53,3.8,0,2,1,50.0,0.53,0.26,0.0,0.0,0,0,3.8,0,0,0,12,3,0,7,2,5,,,0,6,341.0,57.0,59.8,3.8,3,78.0,1,3,35.0,0,1.83,10.0,3.0,7.0,1.85,1.85,341,True
770,David Raum,DF,de Germany,28,,1998,2,1,108,1.2,0,0,0,0,0,0,0,0,0.0,0.0,0.0,0.0,0.0,1.2,0,1,1,100.0,0.83,0.83,0.0,0.0,0,0,1.2,0,0,0,2,0,0,13,1,1,,,0,2,108.0,54.0,27.7,1.2,1,90.0,1,1,18.0,2,1.5,3.0,2.0,1.0,0.83,-0.76,108,True
771,Noor Al Rawabdeh,MF,jo Jordan,29,,1997,3,3,270,3.0,0,1,1,0,0,0,0,0,0.0,0.33,0.33,0.0,0.33,3.0,0,1,0,0.0,0.33,0.0,0.0,,0,0,3.0,0,0,0,1,0,0,0,2,7,,,0,3,270.0,90.0,100.0,3.0,3,90.0,3,0,,0,0.0,3.0,8.0,-5.0,-1.67,,270,True
772,Rayan,"FW,MF",br Brazil,19,,2006,4,3,288,3.2,0,1,1,0,0,0,0,0,0.0,0.31,0.31,0.0,0.31,3.2,0,5,2,40.0,1.56,0.62,0.0,0.0,0,0,3.2,0,0,0,5,4,1,11,3,4,,,0,4,288.0,72.0,64.0,3.2,3,79.0,1,1,51.0,1,2.25,6.0,1.0,5.0,1.56,1.01,288,True
773,Iqraam Rayners,FW,za South Africa,30,,1995,4,2,161,1.8,0,0,0,0,0,0,0,0,0.0,0.0,0.0,0.0,0.0,1.8,0,1,0,0.0,0.56,0.0,0.0,,0,0,1.8,0,0,0,1,1,2,2,0,0,,,0,4,161.0,40.0,44.7,1.8,2,70.0,0,2,11.0,0,1.0,0.0,4.0,-4.0,-2.24,-3.14,161,True
774,Tim Ream,DF,us USA,38,,1987,4,4,360,4.0,0,0,0,0,0,0,0,0,0.0,0.0,0.0,0.0,0.0,4.0,0,0,0,,0.0,0.0,,,0,0,4.0,0,0,0,0,2,0,0,6,1,,,0,4,360.0,90.0,80.0,4.0,4,90.0,4,0,,1,2.25,9.0,5.0,4.0,1.0,2.0,360,True
775,Tijjani Reijnders,MF,nl Netherlands,27,,1998,3,3,199,2.2,0,1,1,0,0,0,0,0,0.0,0.45,0.45,0.0,0.45,2.2,0,4,2,50.0,1.81,0.9,0.0,0.0,0,0,2.2,0,0,0,0,3,1,15,2,0,,,0,3,199.0,66.0,51.0,2.2,3,66.0,0,0,,1,2.33,9.0,3.0,6.0,2.71,2.71,199,True
776,Omar Rekik,DF,tn Tunisia,24,,2001,2,2,180,2.0,1,0,1,1,0,0,0,0,0.5,0.0,0.5,0.5,0.5,2.0,1,1,1,100.0,0.5,0.5,1.0,1.0,0,0,2.0,0,0,0,0,1,1,1,3,2,,,0,2,180.0,90.0,66.7,2.0,2,90.0,2,0,,1,0.0,1.0,9.0,-8.0,-4.0,-2.0,180,True
777,Israel Reyes,DF,mx Mexico,26,,2000,4,2,202,2.2,0,0,0,0,0,0,0,0,0.0,0.0,0.0,0.0,0.0,2.2,0,2,0,0.0,0.89,0.0,0.0,,0,0,2.2,0,0,0,1,0,0,2,3,1,,,0,4,202.0,51.0,44.9,2.2,2,90.0,2,2,11.0,1,3.0,5.0,0.0,5.0,2.23,1.5,202,True
778,Gio Reyna,MF,us USA,23,,2002,5,1,131,1.5,1,0,1,1,0,0,0,0,0.69,0.0,0.69,0.69,0.69,1.5,1,2,1,50.0,1.37,0.69,0.5,1.0,0,0,1.5,0,0,0,1,3,0,1,0,0,,,0,5,131.0,26.0,29.1,1.5,1,75.0,0,4,14.0,0,1.8,3.0,4.0,-1.0,-0.69,-1.82,131,True
779,Ramin Rezaeian,"DF,MF",ir IR Iran,36,,1990,3,3,270,3.0,2,1,3,2,0,0,0,0,0.67,0.33,1.0,0.67,1.0,3.0,2,4,2,50.0,1.33,0.67,0.5,1.0,0,0,3.0,0,0,0,2,3,1,18,2,5,,,0,3,270.0,90.0,100.0,3.0,3,90.0,3,0,,0,1.0,3.0,3.0,0.0,0.0,,270,True
780,Chadi Riad,DF,ma Morocco,22,,2003,4,4,344,3.8,0,1,1,0,0,0,0,0,0.0,0.26,0.26,0.0,0.26,3.8,0,1,0,0.0,0.26,0.0,0.0,,0,0,3.8,0,0,0,0,1,0,0,4,1,,,0,4,344.0,86.0,60.4,3.8,4,86.0,3,0,,2,2.0,6.0,4.0,2.0,0.52,-0.27,344,True
781,Declan Rice,MF,eng England,27,,1999,7,7,557,6.2,1,2,3,1,0,0,2,0,0.16,0.32,0.48,0.16,0.48,6.2,1,6,3,50.0,0.97,0.48,0.17,0.33,0,0,6.2,2,0,0,4,0,1,44,5,3,,,0,7,557.0,80.0,74.3,6.2,7,80.0,3,0,,1,2.29,16.0,10.0,6.0,0.97,0.04,557,True
782,Chris Richards,DF,us USA,26,,2000,4,4,360,4.0,0,0,0,0,0,0,1,0,0.0,0.0,0.0,0.0,0.0,4.0,0,1,0,0.0,0.25,0.0,0.0,,0,0,4.0,1,0,0,8,3,0,0,4,3,,,0,4,360.0,90.0,80.0,4.0,4,90.0,4,0,,1,2.25,9.0,5.0,4.0,1.0,2.0,360,True
783,Fabian Rieder,"MF,FW",ch Switzerland,24,,2002,5,3,302,3.4,0,0,0,0,0,0,0,0,0.0,0.0,0.0,0.0,0.0,3.4,0,7,2,28.6,2.09,0.6,0.0,0.0,0,0,3.4,0,0,0,3,6,0,13,1,3,,,0,5,302.0,60.0,50.3,3.4,3,86.0,0,2,23.0,1,1.6,1.0,2.0,-1.0,-0.3,-1.81,302,True
784,Richard Ríos,MF,co Colombia,26,,2000,5,0,140,1.6,0,0,0,0,0,0,1,0,0.0,0.0,0.0,0.0,0.0,1.6,0,5,1,20.0,3.21,0.64,0.0,0.0,0,0,1.6,1,0,0,10,4,0,1,1,2,,,0,5,140.0,28.0,29.2,1.6,0,,0,5,28.0,0,2.2,1.0,0.0,1.0,0.64,-0.15,140,True
785,Ró-Ró,DF,qa Qatar,35,,1990,3,3,270,3.0,0,0,0,0,0,0,0,0,0.0,0.0,0.0,0.0,0.0,3.0,0,3,1,33.3,1.0,0.33,0.0,0.0,0,0,3.0,0,0,0,1,7,0,2,3,4,,,0,3,270.0,90.0,100.0,3.0,3,90.0,3,0,,0,0.33,2.0,10.0,-8.0,-2.67,,270,True
786,Andy Robertson,DF,sct Scotland,32,,1994,3,3,225,2.5,0,0,0,0,0,0,1,0,0.0,0.0,0.0,0.0,0.0,2.5,0,0,0,,0.0,0.0,,,0,0,2.5,1,0,0,3,1,0,10,2,1,,,0,3,225.0,75.0,83.3,2.5,3,75.0,2,0,,0,1.0,1.0,3.0,-2.0,-0.8,1.2,225,True
787,Antonee Robinson,"DF,MF",us USA,28,,1997,4,4,348,3.9,0,0,0,0,0,0,1,0,0.0,0.0,0.0,0.0,0.0,3.9,0,0,0,,0.0,0.0,,,0,0,3.9,1,0,0,4,1,0,18,6,4,,,0,4,348.0,87.0,77.3,3.9,4,87.0,2,0,,1,2.25,9.0,4.0,5.0,1.29,3.06,348,True
788,Miles Robinson,DF,us USA,29,,1997,1,1,90,1.0,0,0,0,0,0,0,0,0,0.0,0.0,0.0,0.0,0.0,1.0,0,1,0,0.0,1.0,0.0,0.0,,0,0,1.0,0,0,0,2,0,0,0,1,1,,,0,1,90.0,90.0,20.0,1.0,1,90.0,1,0,,4,0.0,2.0,3.0,-1.0,-1.0,-2.0,90,True
789,Sergio Rochet,GK,uy Uruguay,33,,1993,1,0,45,0.5,0,0,0,0,0,0,0,0,0.0,0.0,0.0,0.0,0.0,0.5,0,0,0,,0.0,0.0,,,0,0,0.5,0,0,0,0,0,0,0,0,0,,,0,1,45.0,45.0,16.7,0.5,0,,0,1,45.0,2,0.0,0.0,0.0,0.0,0.0,0.4,45,True
790,Rodri,MF,es Spain,29,,1996,8,8,724,8.0,0,0,0,0,0,0,0,0,0.0,0.0,0.0,0.0,0.0,8.0,0,7,0,0.0,0.87,0.0,0.0,,0,0,8.0,0,0,0,11,9,1,4,3,20,,,0,8,724.0,91.0,96.5,8.0,8,91.0,6,0,,0,2.75,13.0,1.0,12.0,1.49,-1.97,724,True
791,Garry Rodrigues,MF,cv Cabo Verde,35,,1990,2,1,76,0.8,0,0,0,0,0,0,0,0,0.0,0.0,0.0,0.0,0.0,0.8,0,1,0,0.0,1.18,0.0,0.0,,0,0,0.8,0,0,0,0,0,2,2,1,2,,,0,2,76.0,38.0,19.5,0.8,1,57.0,0,1,19.0,2,1.0,1.0,2.0,-1.0,-1.18,-1.18,76,True
792,Brian Rodríguez,"FW,MF",uy Uruguay,26,,2000,3,0,41,0.5,0,0,0,0,0,0,0,0,0.0,0.0,0.0,0.0,0.0,0.5,0,3,1,33.3,6.59,2.2,0.0,0.0,0,0,0.5,0,0,0,0,1,0,13,0,0,,,0,3,41.0,14.0,15.2,0.5,0,,0,3,14.0,0,0.67,0.0,0.0,0.0,0.0,0.39,41,True
793,James Rodríguez,"FW,MF",co Colombia,34,,1991,5,5,313,3.5,0,0,0,0,0,0,0,0,0.0,0.0,0.0,0.0,0.0,3.5,0,6,3,50.0,1.73,0.86,0.0,0.0,0,0,3.5,0,0,0,0,5,0,18,1,1,,,0,5,313.0,63.0,65.2,3.5,5,63.0,0,0,,0,2.2,3.0,1.0,2.0,0.58,-0.5,313,True
794,Kevin Rodríguez,FW,ec Ecuador,26,,2000,4,0,118,1.3,0,1,1,0,0,0,0,0,0.0,0.76,0.76,0.0,0.76,1.3,0,6,1,16.7,4.58,0.76,0.0,0.0,0,0,1.3,0,0,0,3,2,0,0,0,1,,,0,4,118.0,30.0,32.8,1.3,0,,0,4,30.0,0,1.0,1.0,1.0,0.0,0.0,0.74,118,True
795,Ricardo Rodríguez,DF,ch Switzerland,33,,1992,6,6,517,5.7,0,1,1,0,0,0,0,0,0.0,0.17,0.17,0.0,0.17,5.7,0,1,0,0.0,0.17,0.0,0.0,,0,0,5.7,0,0,0,11,2,0,19,4,7,,,0,6,517.0,86.0,86.2,5.7,6,86.0,3,0,,0,1.83,10.0,3.0,7.0,1.22,4.47,517,True
796,Tomás Rodríguez,FW,pa Panama,27,,1999,2,1,46,0.5,0,0,0,0,0,0,0,0,0.0,0.0,0.0,0.0,0.0,0.5,0,1,1,100.0,1.96,1.96,0.0,0.0,0,0,0.5,0,0,0,3,1,0,0,0,0,,,0,2,46.0,23.0,17.0,0.5,1,45.0,0,1,1.0,1,0.0,0.0,0.0,0.0,0.0,1.61,46,True
797,Godfried Roemeratoe,MF,cw Curaçao,26,,1999,1,0,7,0.1,0,0,0,0,0,0,0,0,0.0,0.0,0.0,0.0,0.0,0.1,0,0,0,,0.0,0.0,,,0,0,0.1,0,0,0,0,0,0,0,0,0,,,0,1,7.0,7.0,2.6,0.1,0,,0,1,7.0,2,1.0,0.0,0.0,0.0,0.0,2.74,7,True
798,Morgan Rogers,MF,eng England,23,,2002,7,3,339,3.8,0,1,1,0,0,0,0,0,0.0,0.27,0.27,0.0,0.27,3.8,0,3,1,33.3,0.8,0.27,0.0,0.0,0,0,3.8,0,0,0,5,5,2,5,0,3,,,0,7,339.0,48.0,45.2,3.8,3,90.0,3,4,17.0,1,2.29,11.0,6.0,5.0,1.33,0.67,339,True
799,Cristian Romero,DF,ar Argentina,28,,1998,7,7,608,6.8,1,0,1,1,0,0,2,0,0.15,0.0,0.15,0.15,0.15,6.8,1,3,1,33.3,0.44,0.15,0.33,1.0,0,0,6.8,2,0,0,9,3,0,0,11,10,,,0,7,608.0,87.0,75.1,6.8,7,87.0,2,0,,1,2.57,12.0,6.0,6.0,0.89,-1.34,608,True
800,Luis Romo,MF,mx Mexico,31,,1995,4,4,264,2.9,1,1,2,1,0,0,0,0,0.34,0.34,0.68,0.34,0.68,2.9,1,3,1,33.3,1.02,0.34,0.33,1.0,0,0,2.9,0,0,0,1,3,0,1,4,4,,,0,4,264.0,66.0,58.7,2.9,4,66.0,0,0,,1,2.25,6.0,3.0,3.0,1.02,-0.91,264,True
801,Cristiano Ronaldo,FW,pt Portugal,41,,1985,5,5,440,4.9,3,0,3,2,1,1,0,0,0.61,0.0,0.61,0.41,0.41,4.9,3,18,9,50.0,3.68,1.84,0.17,0.33,1,1,4.9,0,0,0,2,5,6,0,1,1,,,0,5,440.0,88.0,97.8,4.9,5,88.0,4,0,,0,1.6,7.0,3.0,4.0,0.82,-8.18,440,True
802,Eloy Room,GK,cw Curaçao,37,,1989,3,3,270,3.0,0,0,0,0,0,0,0,0,0.0,0.0,0.0,0.0,0.0,3.0,0,0,0,,0.0,0.0,,,0,0,3.0,0,0,0,0,0,0,0,0,0,,,0,3,270.0,90.0,100.0,3.0,3,90.0,3,0,,0,0.33,1.0,9.0,-8.0,-2.67,,270,True
803,Marten de Roon,"DF,MF",nl Netherlands,35,,1991,1,0,11,0.1,0,0,0,0,0,0,0,0,0.0,0.0,0.0,0.0,0.0,0.1,0,0,0,,0.0,0.0,,,0,0,0.1,0,0,0,0,0,0,0,0,0,,,0,1,11.0,11.0,2.8,0.1,0,,0,1,11.0,3,1.0,0.0,0.0,0.0,0.0,-1.42,11,True
804,Saed Al-Rosan,DF,jo Jordan,29,,1997,1,0,10,0.1,0,0,0,0,0,0,0,0,0.0,0.0,0.0,0.0,0.0,0.1,0,0,0,,0.0,0.0,,,0,0,0.1,0,0,0,0,0,0,0,0,0,,,0,1,10.0,10.0,3.7,0.1,0,,0,1,10.0,2,0.0,0.0,1.0,-1.0,-9.0,-7.62,10,True
805,Antonio Rüdiger,DF,de Germany,33,,1993,4,2,262,2.9,0,0,0,0,0,0,0,0,0.0,0.0,0.0,0.0,0.0,2.9,0,1,0,0.0,0.34,0.0,0.0,,0,0,2.9,0,0,0,1,0,0,3,0,0,,,0,4,262.0,66.0,67.2,2.9,2,100.0,1,2,32.0,0,1.75,6.0,3.0,3.0,1.03,-1.08,262,True
806,Fabián Ruiz Peña,MF,es Spain,30,,1996,8,4,321,3.6,1,0,1,1,0,0,0,0,0.28,0.0,0.28,0.28,0.28,3.6,1,8,2,25.0,2.24,0.56,0.13,0.5,0,0,3.6,0,0,0,1,3,0,9,4,3,,,0,8,321.0,40.0,42.8,3.6,4,66.0,0,4,15.0,0,2.75,4.0,1.0,3.0,0.84,-1.26,321,True
807,Mathew Ryan,GK,au Australia,34,,1992,1,0,2,0.0,0,0,0,0,0,0,0,0,0.0,0.0,0.0,0.0,0.0,0.0,0,0,0,,0.0,0.0,,,0,0,0.0,0,0,0,0,0,0,0,0,0,,,0,1,2.0,2.0,0.5,0.0,0,,0,1,2.0,3,1.0,0.0,0.0,0.0,0.0,0.0,2,True
808,Julian Ryerson,DF,no Norway,28,,1997,4,4,223,2.5,0,0,0,0,0,0,0,0,0.0,0.0,0.0,0.0,0.0,2.5,0,0,0,,0.0,0.0,,,0,0,2.5,0,0,0,6,1,0,15,0,8,,,0,4,223.0,56.0,39.1,2.5,4,56.0,1,0,,2,2.25,5.0,2.0,3.0,1.21,1.47,223,True
809,Elias Saad,"MF,FW",tn Tunisia,26,,1999,2,2,116,1.3,0,0,0,0,0,0,0,0,0.0,0.0,0.0,0.0,0.0,1.3,0,1,0,0.0,0.78,0.0,0.0,,0,0,1.3,0,0,0,1,3,1,2,0,1,,,0,2,116.0,58.0,43.0,1.3,2,58.0,0,0,,1,0.0,1.0,5.0,-4.0,-3.1,0.4,116,True
810,Marwane Saâdane,"DF,MF",ma Morocco,34,,1992,1,0,4,0.0,0,0,0,0,0,0,0,0,0.0,0.0,0.0,0.0,0.0,0.0,0,0,0,,0.0,0.0,,,0,0,0.0,0,0,0,0,1,0,0,0,0,,,0,1,4.0,4.0,0.7,0.0,0,,0,1,4.0,5,3.0,1.0,0.0,1.0,22.5,22.02,4,True
811,Mustafa Saadoon,DF,iq Iraq,25,,2001,1,0,18,0.2,0,0,0,0,0,0,0,0,0.0,0.0,0.0,0.0,0.0,0.2,0,0,0,,0.0,0.0,,,0,0,0.2,0,0,0,2,0,0,0,0,1,,,0,1,18.0,18.0,6.7,0.2,0,,0,1,18.0,2,0.0,0.0,2.0,-2.0,-10.0,-6.79,18,True
812,Mahmoud Saber,MF,eg Egypt,24,,2001,2,1,46,0.5,1,0,1,1,0,0,1,0,1.96,0.0,1.96,1.96,1.96,0.5,1,3,1,33.3,5.87,1.96,0.33,1.0,0,0,0.5,1,0,0,2,1,0,1,0,0,,,0,2,46.0,23.0,9.6,0.5,1,45.0,0,1,1.0,3,1.0,1.0,1.0,0.0,0.0,-0.21,46,True
813,Marcel Sabitzer,MF,at Austria,32,,1994,4,4,360,4.0,1,0,1,1,0,0,1,0,0.25,0.0,0.25,0.25,0.25,4.0,1,5,2,40.0,1.25,0.5,0.2,0.5,0,0,4.0,1,0,0,2,3,1,31,6,2,,,0,4,360.0,90.0,100.0,4.0,4,90.0,4,0,,0,1.0,6.0,9.0,-3.0,-0.75,,360,True
814,Noah Sadiki,MF,cd Congo DR,21,,2004,4,2,259,2.9,0,0,0,0,0,0,2,0,0.0,0.0,0.0,0.0,0.0,2.9,0,0,0,,0.0,0.0,,,0,0,2.9,2,0,0,2,3,0,1,2,4,,,0,4,259.0,65.0,71.9,2.9,2,90.0,2,2,40.0,0,1.0,4.0,4.0,0.0,0.0,0.0,259,True
815,Michal Sadílek,MF,cz Czechia,27,,1999,3,2,183,2.0,1,0,1,1,0,0,0,0,0.49,0.0,0.49,0.49,0.49,2.0,1,7,3,42.9,3.44,1.48,0.14,0.33,0,0,2.0,0,0,0,0,3,0,12,2,2,,,0,3,183.0,61.0,67.8,2.0,2,78.0,1,1,27.0,0,0.33,1.0,5.0,-4.0,-1.97,-1.97,183,True
816,Alexis Saelemaekers,MF,be Belgium,26,,1999,4,1,83,0.9,1,0,1,1,0,0,0,0,1.08,0.0,1.08,1.08,1.08,0.9,1,4,1,25.0,4.34,1.08,0.25,1.0,0,0,0.9,0,0,0,0,2,2,1,0,2,,,0,4,83.0,21.0,14.6,0.9,1,57.0,0,3,9.0,2,1.75,3.0,2.0,1.0,1.08,-0.02,83,True
817,Ismael Saibari,FW,ma Morocco,25,,2001,5,5,381,4.2,3,0,3,3,0,0,0,0,0.71,0.0,0.71,0.71,0.71,4.2,3,10,3,30.0,2.36,0.71,0.3,1.0,0,0,4.2,0,0,0,8,3,3,5,0,2,,,0,5,381.0,76.0,66.8,4.2,5,76.0,1,0,,1,2.2,5.0,4.0,1.0,0.24,-1.19,381,True
818,Bukayo Saka,MF,eng England,24,,2001,7,3,358,4.0,3,3,6,2,1,1,0,0,0.75,0.75,1.51,0.5,1.26,4.0,3,13,7,53.8,3.27,1.76,0.23,0.43,1,1,4.0,0,0,0,4,9,4,21,1,7,,,0,7,358.0,51.0,47.7,4.0,3,69.0,1,4,38.0,1,2.71,13.0,5.0,8.0,2.01,2.01,358,True
819,Mohamed Salah,"FW,MF",eg Egypt,33,,1992,5,5,425,4.7,1,2,3,1,0,0,0,0,0.21,0.42,0.64,0.21,0.64,4.7,1,9,4,44.4,1.91,0.85,0.11,0.25,0,0,4.7,0,0,0,5,13,1,14,2,0,,,0,5,425.0,85.0,88.5,4.7,5,85.0,2,0,,0,1.2,8.0,7.0,1.0,0.21,0.21,425,True
820,Anass Salah-Eddine,DF,ma Morocco,24,,2002,4,2,212,2.4,0,0,0,0,0,0,0,0,0.0,0.0,0.0,0.0,0.0,2.4,0,1,0,0.0,0.42,0.0,0.0,,0,0,2.4,0,0,0,3,2,0,3,0,5,,,0,4,212.0,53.0,37.2,2.4,2,78.0,0,2,29.0,2,1.25,4.0,4.0,0.0,0.0,-1.01,212,True
821,Nathan Saliba,MF,ca Canada,22,,2004,3,2,182,2.0,1,2,3,1,0,0,1,0,0.49,0.99,1.48,0.49,1.48,2.0,1,3,1,33.3,1.48,0.49,0.33,1.0,0,0,2.0,1,0,0,5,2,0,2,4,4,,,0,3,182.0,61.0,40.4,2.0,2,74.0,1,1,34.0,2,2.0,4.0,2.0,2.0,0.99,0.65,182,True
822,William Saliba,DF,fr France,25,,2001,6,6,479,5.3,0,0,0,0,0,0,0,0,0.0,0.0,0.0,0.0,0.0,5.3,0,1,0,0.0,0.19,0.0,0.0,,0,0,5.3,0,0,0,4,0,0,0,6,0,,,0,6,479.0,80.0,66.5,5.3,6,80.0,5,0,,2,2.5,12.0,2.0,10.0,1.88,1.88,479,True
823,Shurandy Sambo,DF,cw Curaçao,24,,2001,1,0,1,0.0,0,0,0,0,0,0,0,0,0.0,0.0,0.0,0.0,0.0,0.0,0,0,0,,0.0,0.0,,,0,0,0.0,0,0,0,0,0,0,0,1,0,,,0,1,1.0,1.0,0.4,0.0,0,,0,1,1.0,2,0.0,0.0,0.0,0.0,0.0,2.68,1,True
824,Antonio Sanabria,FW,py Paraguay,30,,1996,2,1,83,0.9,0,0,0,0,0,0,0,0,0.0,0.0,0.0,0.0,0.0,0.9,0,0,0,,0.0,0.0,,,0,0,0.9,0,0,0,1,2,0,0,0,2,,,0,2,83.0,42.0,17.3,0.9,1,61.0,0,1,22.0,3,0.5,0.0,3.0,-3.0,-3.25,-3.25,83,True
825,Davinson Sánchez,DF,co Colombia,30,,1996,5,5,480,5.3,0,0,0,0,0,0,1,0,0.0,0.0,0.0,0.0,0.0,5.3,0,6,2,33.3,1.13,0.37,0.0,0.0,0,0,5.3,1,0,0,6,5,1,0,6,2,,,0,5,480.0,96.0,100.0,5.3,5,96.0,5,0,,0,2.2,5.0,1.0,4.0,0.75,,480,True
826,Jorge Sánchez,DF,mx Mexico,28,,1997,4,4,348,3.9,0,1,1,0,0,0,1,0,0.0,0.26,0.26,0.0,0.26,3.9,0,1,1,100.0,0.26,0.26,0.0,0.0,0,0,3.9,1,0,0,5,1,1,6,5,4,,,0,4,348.0,87.0,77.3,3.9,4,87.0,3,0,,1,2.25,8.0,3.0,5.0,1.29,-0.47,348,True
827,Alex Sandro,"DF,MF",br Brazil,35,,1991,1,0,9,0.1,0,0,0,0,0,0,0,0,0.0,0.0,0.0,0.0,0.0,0.1,0,0,0,,0.0,0.0,,,0,0,0.1,0,0,0,1,0,0,0,0,0,,,0,1,9.0,9.0,2.0,0.1,0,,0,1,9.0,4,3.0,0.0,0.0,0.0,0.0,-1.22,9,True
828,Leroy Sané,MF,de Germany,30,,1996,4,4,326,3.6,1,0,1,1,0,0,0,0,0.28,0.0,0.28,0.28,0.28,3.6,1,6,2,33.3,1.66,0.55,0.17,0.5,0,0,3.6,0,0,0,3,2,1,10,2,3,,,0,4,326.0,82.0,83.6,3.6,4,82.0,2,0,,0,1.75,9.0,5.0,4.0,1.1,-1.71,326,True
829,Ibrahim Sangaré,MF,ci Côte d'Ivoire,28,,1997,4,3,268,3.0,0,1,1,0,0,0,0,0,0.0,0.34,0.34,0.0,0.34,3.0,0,1,0,0.0,0.34,0.0,0.0,,0,0,3.0,0,0,0,2,4,0,0,6,5,,,0,4,268.0,67.0,74.4,3.0,3,85.0,2,1,14.0,0,1.5,5.0,3.0,2.0,0.67,1.65,268,True
830,Kaishū Sano,MF,jp Japan,25,,2000,3,3,270,3.0,1,1,2,1,0,0,1,0,0.33,0.33,0.67,0.33,0.67,3.0,1,1,1,100.0,0.33,0.33,1.0,1.0,0,0,3.0,1,0,0,4,1,0,1,4,2,,,0,3,270.0,90.0,75.0,3.0,3,90.0,3,0,,1,1.33,7.0,4.0,3.0,1.0,1.0,270,True
831,Danilo Santos,MF,br Brazil,25,,2001,4,0,46,0.5,0,0,0,0,0,0,0,0,0.0,0.0,0.0,0.0,0.0,0.5,0,2,1,50.0,3.91,1.96,0.0,0.0,0,0,0.5,0,0,0,0,0,0,0,1,2,,,0,4,46.0,12.0,10.2,0.5,0,,0,4,12.0,1,1.75,1.0,2.0,-1.0,-1.96,-3.52,46,True
832,Douglas Santos,DF,br Brazil,32,,1994,5,5,441,4.9,0,0,0,0,0,0,1,0,0.0,0.0,0.0,0.0,0.0,4.9,0,2,0,0.0,0.41,0.0,0.0,,0,0,4.9,1,0,0,3,2,1,6,6,10,,,0,5,441.0,88.0,98.0,4.9,5,88.0,4,0,,0,2.0,10.0,4.0,6.0,1.22,1.22,441,True
833,Bara Sapoko Ndiaye,MF,sn Senegal,18,,2007,1,0,26,0.3,0,0,0,0,0,0,0,0,0.0,0.0,0.0,0.0,0.0,0.3,0,1,1,100.0,3.46,3.46,0.0,0.0,0,0,0.3,0,0,0,0,2,0,0,0,0,,,0,1,26.0,26.0,6.7,0.3,0,,0,1,26.0,3,0.0,0.0,1.0,-1.0,-3.46,-3.96,26,True
834,Ismaila Sarr,"MF,FW",sn Senegal,28,,1998,4,4,364,4.0,4,1,5,4,0,0,0,0,0.99,0.25,1.24,0.99,1.24,4.0,4,17,6,35.3,4.2,1.48,0.24,0.67,0,0,4.0,0,0,0,1,9,2,2,2,1,,,0,4,364.0,91.0,93.3,4.0,4,91.0,2,0,,0,0.75,8.0,7.0,1.0,0.25,0.25,364,True
835,Farrukh Sayfiev,"DF,MF",uz Uzbekistan,35,,1991,1,0,45,0.5,0,0,0,0,0,0,0,0,0.0,0.0,0.0,0.0,0.0,0.5,0,0,0,,0.0,0.0,,,0,0,0.5,0,0,0,0,2,0,2,0,0,,,0,1,45.0,45.0,16.7,0.5,0,,0,1,45.0,2,0.0,1.0,2.0,-1.0,-2.0,1.2,45,True
836,Amine Sbai,"FW,MF",ma Morocco,25,,2000,1,0,6,0.1,0,0,0,0,0,0,0,0,0.0,0.0,0.0,0.0,0.0,0.1,0,0,0,,0.0,0.0,,,0,0,0.1,0,0,0,2,0,0,2,0,0,,,0,1,6.0,6.0,1.1,0.1,0,,0,1,6.0,5,0.0,0.0,0.0,0.0,0.0,-0.64,6,True
837,Joe Scally,DF,us USA,23,,2002,2,1,87,1.0,0,0,0,0,0,0,0,0,0.0,0.0,0.0,0.0,0.0,1.0,0,0,0,,0.0,0.0,,,0,0,1.0,0,0,0,0,2,1,4,1,1,,,0,2,87.0,44.0,19.3,1.0,1,76.0,0,1,11.0,3,1.5,2.0,2.0,0.0,0.0,-0.74,87,True
838,Patrik Schick,FW,cz Czechia,30,,1996,3,2,180,2.0,0,0,0,0,0,0,0,0,0.0,0.0,0.0,0.0,0.0,2.0,0,2,1,50.0,1.0,0.5,0.0,0.0,0,0,2.0,0,0,0,1,3,0,0,0,0,,,0,3,180.0,60.0,66.7,2.0,2,77.0,1,1,27.0,0,0.33,2.0,2.0,0.0,0.0,4.0,180,True
839,Andreas Schjelderup,FW,no Norway,22,,2004,6,2,252,2.8,1,3,4,1,0,0,0,0,0.36,1.07,1.43,0.36,1.43,2.8,1,3,2,66.7,1.07,0.71,0.33,0.5,0,0,2.8,0,0,0,2,3,0,4,5,3,,,0,6,252.0,42.0,44.2,2.8,2,75.0,0,4,26.0,0,2.0,7.0,7.0,0.0,0.0,-0.57,252,True
840,Alexander Schlager,GK,at Austria,30,,1996,4,4,360,4.0,0,0,0,0,0,0,0,0,0.0,0.0,0.0,0.0,0.0,4.0,0,0,0,,0.0,0.0,,,0,0,4.0,0,0,0,0,1,0,0,0,0,,,0,4,360.0,90.0,100.0,4.0,4,90.0,4,0,,0,1.0,6.0,9.0,-3.0,-0.75,,360,True
841,Xaver Schlager,MF,at Austria,28,,1997,4,4,238,2.6,0,1,1,0,0,0,0,0,0.0,0.38,0.38,0.0,0.38,2.6,0,1,0,0.0,0.38,0.0,0.0,,0,0,2.6,0,0,0,6,0,0,1,7,3,,,0,4,238.0,60.0,66.1,2.6,4,60.0,1,0,,0,1.0,2.0,5.0,-3.0,-1.13,-1.13,238,True
842,Nico Schlotterbeck,DF,de Germany,26,,1999,2,2,135,1.5,1,0,1,1,0,0,0,0,0.67,0.0,0.67,0.67,0.67,1.5,1,2,2,100.0,1.33,1.33,0.5,0.5,0,0,1.5,0,0,0,2,1,0,0,3,2,,,0,2,135.0,68.0,34.6,1.5,2,68.0,1,0,,0,3.0,7.0,2.0,5.0,3.33,2.98,135,True
843,Romano Schmid,"MF,FW",at Austria,26,,2000,4,4,263,2.9,1,0,1,1,0,0,0,0,0.34,0.0,0.34,0.34,0.34,2.9,1,2,1,50.0,0.68,0.34,0.5,1.0,0,0,2.9,0,0,0,3,4,0,3,0,4,,,0,4,263.0,66.0,73.1,2.9,4,66.0,0,0,,0,1.0,3.0,4.0,-1.0,-0.34,1.51,263,True
844,Kamogelo Sebelebele,"DF,MF",za South Africa,23,,2002,1,0,7,0.1,0,0,0,0,0,0,0,0,0.0,0.0,0.0,0.0,0.0,0.1,0,0,0,,0.0,0.0,,,0,0,0.1,0,0,0,1,0,0,1,0,0,,,0,1,7.0,7.0,1.9,0.1,0,,0,1,7.0,3,1.0,0.0,0.0,0.0,0.0,0.51,7,True
845,Abdoulaye Seck,DF,sn Senegal,34,,1992,1,1,57,0.6,0,1,1,0,0,0,1,0,0.0,1.58,1.58,0.0,1.58,0.6,0,2,0,0.0,3.16,0.0,0.0,,0,0,0.6,1,0,0,1,1,0,0,0,0,,,0,1,57.0,57.0,14.6,0.6,1,57.0,0,0,,3,3.0,2.0,0.0,2.0,3.16,3.43,57,True
846,Alidu Seidu,DF,gh Ghana,26,,2000,1,0,78,0.9,0,0,0,0,0,0,1,0,0.0,0.0,0.0,0.0,0.0,0.9,0,0,0,,0.0,0.0,,,0,0,0.9,1,0,0,1,0,0,1,1,1,,,0,1,78.0,78.0,21.7,0.9,0,,0,1,78.0,3,0.0,0.0,1.0,-1.0,-1.15,-1.15,78,True
847,Nicolas Seiwald,MF,at Austria,25,,2001,4,4,315,3.5,0,0,0,0,0,0,0,0,0.0,0.0,0.0,0.0,0.0,3.5,0,3,0,0.0,0.86,0.0,0.0,,0,0,3.5,0,0,0,1,1,0,3,4,5,,,0,4,315.0,79.0,87.5,3.5,4,79.0,3,0,,0,1.0,6.0,7.0,-1.0,-0.29,3.71,315,True
848,Ayumu Seko,DF,jp Japan,26,,2000,2,1,86,1.0,0,0,0,0,0,0,0,0,0.0,0.0,0.0,0.0,0.0,1.0,0,0,0,,0.0,0.0,,,0,0,1.0,0,0,0,1,0,0,0,1,1,,,0,2,86.0,43.0,23.9,1.0,1,74.0,0,1,12.0,2,2.0,2.0,1.0,1.0,1.05,0.39,86,True
849,Egil Selvik,GK,no Norway,28,,1997,1,1,90,1.0,0,0,0,0,0,0,0,0,0.0,0.0,0.0,0.0,0.0,1.0,0,0,0,,0.0,0.0,,,0,0,1.0,0,0,0,0,0,0,0,0,0,,,0,1,90.0,90.0,15.8,1.0,1,90.0,1,0,,5,0.0,1.0,4.0,-3.0,-3.0,-3.94,90,True
850,Ken Sema,"FW,MF",se Sweden,32,,1993,1,0,16,0.2,0,0,0,0,0,0,0,0,0.0,0.0,0.0,0.0,0.0,0.2,0,1,0,0.0,5.63,0.0,0.0,,0,0,0.2,0,0,0,0,1,0,0,0,1,,,0,1,16.0,16.0,4.4,0.2,0,,0,1,16.0,3,1.0,0.0,0.0,0.0,0.0,0.78,16,True
851,Nélson Semedo,"DF,MF",pt Portugal,32,,1993,4,0,127,1.4,0,0,0,0,0,0,1,0,0.0,0.0,0.0,0.0,0.0,1.4,0,0,0,,0.0,0.0,,,0,0,1.4,1,0,0,2,2,0,3,0,0,,,0,4,127.0,32.0,28.2,1.4,0,,0,4,32.0,1,1.75,4.0,1.0,3.0,2.13,1.57,127,True
852,Willy Semedo,FW,cv Cabo Verde,32,,1994,3,1,131,1.5,0,0,0,0,0,0,0,0,0.0,0.0,0.0,0.0,0.0,1.5,0,3,0,0.0,2.06,0.0,0.0,,0,0,1.5,0,0,0,4,2,0,2,3,0,,,0,3,131.0,44.0,33.6,1.5,1,60.0,0,2,36.0,1,0.67,1.0,2.0,-1.0,-0.69,-0.69,131,True
853,Antoine Semenyo,"MF,FW",gh Ghana,26,,2000,4,4,360,4.0,0,0,0,0,0,0,0,0,0.0,0.0,0.0,0.0,0.0,4.0,0,6,0,0.0,1.5,0.0,0.0,,0,0,4.0,0,0,0,6,4,4,5,0,2,,,0,4,360.0,90.0,100.0,4.0,4,90.0,4,0,,0,1.0,2.0,3.0,-1.0,-0.25,,360,True
854,Marvin Senaya,DF,gh Ghana,25,,2001,4,4,278,3.1,0,0,0,0,0,0,0,0,0.0,0.0,0.0,0.0,0.0,3.1,0,2,0,0.0,0.65,0.0,0.0,,0,0,3.1,0,0,0,6,4,0,8,6,12,,,0,4,278.0,70.0,77.2,3.1,4,70.0,2,0,,0,1.0,2.0,2.0,0.0,0.0,1.1,278,True
855,Marcos Senesi,DF,ar Argentina,29,,1997,2,1,109,1.2,0,0,0,0,0,0,0,0,0.0,0.0,0.0,0.0,0.0,1.2,0,1,0,0.0,0.83,0.0,0.0,,0,0,1.2,0,0,0,0,3,0,0,2,0,,,0,2,109.0,55.0,13.5,1.2,1,90.0,1,1,19.0,6,1.5,3.0,2.0,1.0,0.83,-0.46,109,True
856,Igor Sergeev,FW,uz Uzbekistan,33,,1993,3,0,28,0.3,0,0,0,0,0,0,0,0,0.0,0.0,0.0,0.0,0.0,0.3,0,0,0,,0.0,0.0,,,0,0,0.3,0,0,0,0,0,1,0,0,0,,,0,3,28.0,9.0,10.4,0.3,0,,0,3,9.0,0,0.0,0.0,3.0,-3.0,-9.64,-7.41,28,True
857,Jean Seri,MF,ci Côte d'Ivoire,34,,1991,1,0,14,0.2,0,0,0,0,0,0,0,0,0.0,0.0,0.0,0.0,0.0,0.2,0,0,0,,0.0,0.0,,,0,0,0.2,0,0,0,0,0,0,3,0,1,,,0,1,14.0,14.0,3.9,0.2,0,,0,1,14.0,3,3.0,0.0,0.0,0.0,0.0,-0.26,14,True
858,Kim Seung-gyu,GK,kr Korea Republic,35,,1990,3,3,270,3.0,0,0,0,0,0,0,0,0,0.0,0.0,0.0,0.0,0.0,3.0,0,0,0,,0.0,0.0,,,0,0,3.0,0,0,0,0,0,0,0,0,0,,,0,3,270.0,90.0,100.0,3.0,3,90.0,3,0,,0,1.0,2.0,3.0,-1.0,-0.33,,270,True
859,Paik Seung-ho,MF,kr Korea Republic,29,,1997,3,3,204,2.3,0,0,0,0,0,0,1,0,0.0,0.0,0.0,0.0,0.0,2.3,0,0,0,,0.0,0.0,,,0,0,2.3,1,0,0,1,2,0,1,1,0,,,0,3,204.0,68.0,75.6,2.3,3,68.0,0,0,,0,1.0,2.0,2.0,0.0,0.0,1.36,204,True
860,Joaquin Seys,DF,be Belgium,21,,2005,1,0,30,0.3,0,0,0,0,0,0,0,0,0.0,0.0,0.0,0.0,0.0,0.3,0,0,0,,0.0,0.0,,,0,0,0.3,0,0,0,0,0,0,0,0,1,,,0,1,30.0,30.0,5.3,0.3,0,,0,1,30.0,5,0.0,0.0,1.0,-1.0,-3.0,-4.33,30,True
861,Jacob Shaffelburg,MF,ca Canada,26,,1999,5,0,92,1.0,0,0,0,0,0,0,0,0,0.0,0.0,0.0,0.0,0.0,1.0,0,3,0,0.0,2.93,0.0,0.0,,0,0,1.0,0,0,0,2,1,0,18,2,1,,,0,5,92.0,18.0,20.4,1.0,0,,0,5,18.0,0,1.4,4.0,2.0,2.0,1.96,1.71,92,True
862,Mohammed Abu Al-Shamat,MF,sa Saudi Arabia,23,,2002,3,1,136,1.5,0,0,0,0,0,0,0,0,0.0,0.0,0.0,0.0,0.0,1.5,0,1,1,100.0,0.66,0.66,0.0,0.0,0,0,1.5,0,0,0,2,1,0,3,1,3,,,0,3,136.0,45.0,50.4,1.5,1,80.0,0,2,28.0,0,0.67,1.0,1.0,0.0,0.0,2.69,136,True
863,Lawrence Shankland,FW,sct Scotland,30,,1995,2,2,171,1.9,0,0,0,0,0,0,0,0,0.0,0.0,0.0,0.0,0.0,1.9,0,4,0,0.0,2.11,0.0,0.0,,0,0,1.9,0,0,0,5,3,1,0,0,1,,,0,2,171.0,86.0,63.3,1.9,2,86.0,0,0,,1,1.5,1.0,3.0,-2.0,-1.05,-0.14,171,True
864,Sharara,FW,jo Jordan,28,,1997,2,0,2,0.0,0,0,0,0,0,0,1,0,0.0,0.0,0.0,0.0,0.0,0.0,0,0,0,,0.0,0.0,,,0,0,0.0,1,0,0,1,0,0,0,0,0,,,0,2,2.0,1.0,0.7,0.0,0,,0,2,1.0,1,0.0,0.0,0.0,0.0,0.0,1.68,2,True
865,Aimar Sher,MF,iq Iraq,23,,2002,1,0,23,0.3,0,0,0,0,0,0,0,0,0.0,0.0,0.0,0.0,0.0,0.3,0,0,0,,0.0,0.0,,,0,0,0.3,0,0,0,0,0,0,1,0,0,,,0,1,23.0,23.0,8.5,0.3,0,,0,1,23.0,2,0.0,0.0,0.0,0.0,0.0,4.01,23,True
866,Kento Shiogai,FW,jp Japan,21,,2005,1,0,7,0.1,0,0,0,0,0,0,0,0,0.0,0.0,0.0,0.0,0.0,0.1,0,0,0,,0.0,0.0,,,0,0,0.1,0,0,0,0,0,0,0,0,0,,,0,1,7.0,7.0,1.9,0.1,0,,0,1,7.0,3,1.0,1.0,0.0,1.0,12.86,12.35,7,True
867,Mostafa Shobeir,GK,eg Egypt,26,,2000,5,5,480,5.3,0,0,0,0,0,0,1,0,0.0,0.0,0.0,0.0,0.0,5.3,0,0,0,,0.0,0.0,,,0,0,5.3,1,0,0,0,5,0,0,0,0,,,0,5,480.0,96.0,100.0,5.3,5,96.0,5,0,,0,1.2,8.0,7.0,1.0,0.19,,480,True
868,Eldor Shomurodov,FW,uz Uzbekistan,30,,1995,3,3,269,3.0,1,0,1,1,0,0,0,0,0.33,0.0,0.33,0.33,0.33,3.0,1,4,2,50.0,1.34,0.67,0.25,0.5,0,0,3.0,0,0,0,8,4,1,1,0,4,,,0,3,269.0,90.0,99.6,3.0,3,90.0,2,0,,0,0.0,2.0,10.0,-8.0,-2.68,87.32,269,True
869,Otabek Shukurov,MF,uz Uzbekistan,29,,1996,3,3,237,2.6,0,0,0,0,0,0,0,0,0.0,0.0,0.0,0.0,0.0,2.6,0,2,0,0.0,0.76,0.0,0.0,,0,0,2.6,0,0,0,2,5,0,1,0,2,,,0,3,237.0,79.0,87.8,2.6,3,79.0,1,0,,0,0.0,2.0,8.0,-6.0,-2.28,5.9,237,True
870,Nkosinathi Sibisi,DF,za South Africa,30,,1995,1,1,90,1.0,0,0,0,0,0,0,1,0,0.0,0.0,0.0,0.0,0.0,1.0,0,0,0,,0.0,0.0,,,0,0,1.0,1,0,0,1,0,0,0,1,0,,,0,1,90.0,90.0,25.0,1.0,1,90.0,1,0,,3,0.0,0.0,2.0,-2.0,-2.0,-2.0,90,True
871,Kwasi Sibo,MF,gh Ghana,27,,1998,4,3,248,2.8,0,0,0,0,0,0,0,0,0.0,0.0,0.0,0.0,0.0,2.8,0,0,0,,0.0,0.0,,,0,0,2.8,0,0,0,7,1,0,0,2,0,,,0,4,248.0,62.0,68.9,2.8,3,78.0,1,1,13.0,0,1.0,2.0,3.0,-1.0,-0.36,-0.36,248,True
872,Niko Sigur,MF,ca Canada,22,,2003,3,1,126,1.4,0,0,0,0,0,0,1,0,0.0,0.0,0.0,0.0,0.0,1.4,0,1,0,0.0,0.71,0.0,0.0,,0,0,1.4,1,0,0,5,1,0,5,0,1,,,0,3,126.0,42.0,28.0,1.4,1,86.0,0,2,20.0,2,2.0,2.0,2.0,0.0,0.0,-0.83,126,True
873,Bernardo Silva,MF,pt Portugal,31,,1994,4,1,97,1.1,0,0,0,0,0,0,2,0,0.0,0.0,0.0,0.0,0.0,1.1,0,1,0,0.0,0.93,0.0,0.0,,0,0,1.1,2,0,0,3,0,0,0,1,0,,,0,4,97.0,24.0,21.6,1.1,1,45.0,0,3,17.0,1,1.75,4.0,2.0,2.0,1.86,1.09,97,True
874,Éderson Silva,MF,br Brazil,26,,1999,2,0,22,0.2,0,0,0,0,0,0,0,0,0.0,0.0,0.0,0.0,0.0,0.2,0,2,0,0.0,8.18,0.0,0.0,,0,0,0.2,0,0,0,1,0,0,2,1,0,,,0,2,22.0,11.0,4.9,0.2,0,,0,2,11.0,3,1.5,1.0,1.0,0.0,0.0,-1.26,22,True
875,Giuliano Simeone,FW,ar Argentina,23,,2002,3,2,192,2.1,0,0,0,0,0,0,0,0,0.0,0.0,0.0,0.0,0.0,2.1,0,1,0,0.0,0.47,0.0,0.0,,0,0,2.1,0,0,0,9,1,1,2,1,3,,,0,3,192.0,64.0,23.7,2.1,2,71.0,0,1,51.0,5,2.0,2.0,3.0,-1.0,-0.47,-2.22,192,True
876,Dominique Simon,MF,ht Haiti,25,,2000,2,0,56,0.6,0,0,0,0,0,0,0,0,0.0,0.0,0.0,0.0,0.0,0.6,0,1,1,100.0,1.61,1.61,0.0,0.0,0,0,0.6,0,0,0,1,1,0,1,1,1,,,0,2,56.0,28.0,20.7,0.6,0,,0,2,28.0,1,0.0,0.0,1.0,-1.0,-1.61,0.5,56,True
877,Unai Simón,GK,es Spain,29,,1997,8,8,750,8.3,0,0,0,0,0,0,0,0,0.0,0.0,0.0,0.0,0.0,8.3,0,0,0,,0.0,0.0,,,0,0,8.3,0,0,0,0,3,0,0,0,0,,,0,8,750.0,94.0,100.0,8.3,8,94.0,8,0,,0,2.75,14.0,1.0,13.0,1.56,,750,True
878,Sarpreet Singh,MF,nz New Zealand,27,,1999,3,3,209,2.3,0,0,0,0,0,0,1,0,0.0,0.0,0.0,0.0,0.0,2.3,0,4,2,50.0,1.72,0.86,0.0,0.0,0,0,2.3,1,0,0,2,2,0,7,0,1,,,0,3,209.0,70.0,77.4,2.3,3,70.0,0,0,,0,0.33,3.0,5.0,-2.0,-0.86,5.04,209,True
879,Wilfried Singo,DF,ci Côte d'Ivoire,25,,2000,2,2,171,1.9,0,1,1,0,0,0,0,0,0.0,0.53,0.53,0.0,0.53,1.9,0,2,0,0.0,1.05,0.0,0.0,,0,0,1.9,0,0,0,3,1,0,1,4,0,,,0,2,171.0,86.0,47.5,1.9,2,86.0,1,0,,2,1.5,2.0,1.0,1.0,0.53,0.53,171,True
880,Sphephelo Sithole,MF,za South Africa,27,,1999,3,3,229,2.5,0,0,0,0,0,0,0,1,0.0,0.0,0.0,0.0,0.0,2.5,0,0,0,,0.0,0.0,,,0,0,2.5,0,1,0,5,1,0,0,5,5,,,0,3,229.0,76.0,63.6,2.5,3,76.0,2,0,,0,1.0,1.0,2.0,-1.0,-0.39,0.29,229,True
881,Ellyes Skhiri,"MF,DF",tn Tunisia,31,,1995,3,3,250,2.8,0,0,0,0,0,0,0,0,0.0,0.0,0.0,0.0,0.0,2.8,0,0,0,,0.0,0.0,,,0,0,2.8,0,0,0,0,1,0,0,2,1,,,1,3,250.0,83.0,92.6,2.8,3,83.0,1,0,,0,0.0,2.0,10.0,-8.0,-2.88,6.12,250,True
882,Alexandr Sojka,"MF,DF",cz Czechia,23,,2003,3,2,141,1.6,0,1,1,0,0,0,0,0,0.0,0.64,0.64,0.0,0.64,1.6,0,0,0,,0.0,0.0,,,0,0,1.6,0,0,0,0,2,0,6,2,1,,,0,3,141.0,47.0,52.2,1.6,2,69.0,0,1,4.0,0,0.33,2.0,3.0,-1.0,-0.64,1.45,141,True
883,Ramón Sosa,"FW,MF",py Paraguay,26,,1999,1,0,12,0.1,0,0,0,0,0,0,0,0,0.0,0.0,0.0,0.0,0.0,0.1,0,0,0,,0.0,0.0,,,0,0,0.1,0,0,0,0,1,0,0,0,0,,,0,1,12.0,12.0,2.5,0.1,0,,0,1,12.0,4,0.0,0.0,1.0,-1.0,-7.5,-7.12,12,True
884,Tomáš Souček,MF,cz Czechia,31,,1995,3,1,137,1.5,0,0,0,0,0,0,0,0,0.0,0.0,0.0,0.0,0.0,1.5,0,1,0,0.0,0.66,0.0,0.0,,0,0,1.5,0,0,0,3,1,2,1,1,0,,,0,3,137.0,46.0,50.7,1.5,1,90.0,1,2,24.0,0,0.33,1.0,3.0,-2.0,-1.31,0.04,137,True
885,Harry Souttar,DF,au Australia,27,,1998,4,4,390,4.3,0,0,0,0,0,0,1,0,0.0,0.0,0.0,0.0,0.0,4.3,0,1,1,100.0,0.23,0.23,0.0,0.0,0,0,4.3,1,0,0,8,1,0,0,4,0,,,0,4,390.0,98.0,100.0,4.3,4,98.0,4,0,,0,1.25,3.0,3.0,0.0,0.0,,390,True
886,Djibril Sow,MF,ch Switzerland,29,,1997,4,2,253,2.8,0,0,0,0,0,0,0,0,0.0,0.0,0.0,0.0,0.0,2.8,0,2,1,50.0,0.71,0.36,0.0,0.0,0,0,2.8,0,0,0,5,4,0,3,2,1,,,0,4,253.0,63.0,42.2,2.8,2,79.0,0,2,48.0,2,1.75,7.0,2.0,5.0,1.78,2.04,253,True
887,Çağlar Söyüncü,DF,tr Türkiye,30,,1996,1,0,7,0.1,0,0,0,0,0,0,0,0,0.0,0.0,0.0,0.0,0.0,0.1,0,0,0,,0.0,0.0,,,0,0,0.1,0,0,0,0,0,0,0,0,0,,,0,1,7.0,7.0,2.6,0.1,0,,0,1,7.0,2,3.0,1.0,0.0,1.0,12.86,13.88,7,True
888,Djed Spence,DF,eng England,25,,2000,8,4,404,4.5,0,0,0,0,0,0,0,0,0.0,0.0,0.0,0.0,0.0,4.5,0,2,2,100.0,0.45,0.45,0.0,0.0,0,0,4.5,0,0,0,3,5,0,6,5,10,,,0,8,404.0,51.0,53.9,4.5,4,78.0,1,4,23.0,0,2.38,10.0,6.0,4.0,0.89,-0.15,404,True
889,Marko Stamenic,MF,nz New Zealand,24,,2002,3,3,269,3.0,0,0,0,0,0,0,1,0,0.0,0.0,0.0,0.0,0.0,3.0,0,3,0,0.0,1.0,0.0,0.0,,0,0,3.0,1,0,0,4,0,0,1,4,1,,,0,3,269.0,90.0,99.6,3.0,3,90.0,2,0,,0,0.33,4.0,10.0,-6.0,-2.01,-2.01,269,True
890,Josip Stanišić,"DF,MF",hr Croatia,26,,2000,4,4,360,4.0,0,1,1,0,0,0,0,0,0.0,0.25,0.25,0.0,0.25,4.0,0,0,0,,0.0,0.0,,,0,0,4.0,0,0,0,0,4,0,7,5,2,,,0,4,360.0,90.0,100.0,4.0,4,90.0,4,0,,0,1.5,6.0,7.0,-1.0,-0.25,,360,True
891,Carl Starfelt,DF,se Sweden,31,,1995,1,0,4,0.0,0,0,0,0,0,0,0,0,0.0,0.0,0.0,0.0,0.0,0.0,0,0,0,,0.0,0.0,,,0,0,0.0,0,0,0,0,0,0,0,0,0,,,0,1,4.0,4.0,1.1,0.0,0,,0,1,4.0,3,1.0,0.0,0.0,0.0,0.0,0.76,4,True
892,Ross Stewart,FW,sct Scotland,29,,1996,1,0,2,0.0,0,0,0,0,0,0,0,0,0.0,0.0,0.0,0.0,0.0,0.0,0,0,0,,0.0,0.0,,,0,0,0.0,0,0,0,0,0,0,0,0,0,,,0,1,2.0,2.0,0.7,0.0,0,,0,1,2.0,2,0.0,0.0,0.0,0.0,0.0,1.01,2,True
893,Angelo Stiller,MF,de Germany,25,,2001,1,0,45,0.5,0,0,0,0,0,0,0,0,0.0,0.0,0.0,0.0,0.0,0.5,0,0,0,,0.0,0.0,,,0,0,0.5,0,0,0,0,0,0,0,1,1,,,0,1,45.0,45.0,11.5,0.5,0,,0,1,45.0,3,0.0,0.0,1.0,-1.0,-2.0,-3.83,45,True
894,John Stones,DF,eng England,32,,1994,5,3,330,3.7,0,0,0,0,0,0,0,0,0.0,0.0,0.0,0.0,0.0,3.7,0,1,0,0.0,0.27,0.0,0.0,,0,0,3.7,0,0,0,1,1,0,1,0,0,,,0,5,330.0,66.0,44.0,3.7,3,98.0,1,2,18.0,3,2.4,8.0,5.0,3.0,0.82,-0.25,330,True
895,Jørgen Strand Larsen,FW,no Norway,26,,2000,2,1,105,1.2,0,0,0,0,0,1,0,0,0.0,0.0,0.0,0.0,0.0,1.2,0,2,1,50.0,1.71,0.86,0.0,0.0,0,1,1.2,0,0,0,0,2,1,0,0,0,,,0,2,105.0,53.0,18.4,1.2,1,90.0,1,1,15.0,4,0.0,1.0,4.0,-3.0,-2.57,-3.54,105,True
896,Elliot Stroud,MF,se Sweden,23,,2002,4,2,166,1.8,0,0,0,0,0,0,0,0,0.0,0.0,0.0,0.0,0.0,1.8,0,1,0,0.0,0.54,0.0,0.0,,0,0,1.8,0,0,0,3,1,0,4,3,0,,,0,4,166.0,42.0,46.1,1.8,2,70.0,0,2,14.0,0,1.0,3.0,3.0,0.0,0.0,1.39,166,True
897,Luis Suárez,FW,co Colombia,28,,1997,5,3,331,3.7,0,1,1,0,0,0,1,0,0.0,0.27,0.27,0.0,0.27,3.7,0,9,0,0.0,2.45,0.0,0.0,,0,0,3.7,1,0,0,7,8,1,2,0,4,,,0,5,331.0,66.0,69.0,3.7,3,72.0,0,2,57.0,0,2.2,3.0,1.0,2.0,0.54,-0.66,331,True
898,Luka Sučić,"FW,MF",hr Croatia,23,,2002,1,0,19,0.2,0,0,0,0,0,0,0,0,0.0,0.0,0.0,0.0,0.0,0.2,0,1,0,0.0,4.74,0.0,0.0,,0,0,0.2,0,0,0,0,0,0,0,0,0,,,0,1,19.0,19.0,5.3,0.2,0,,0,1,19.0,3,3.0,0.0,0.0,0.0,0.0,0.26,19,True
899,Petar Sučić,"MF,FW",hr Croatia,22,,2003,4,3,289,3.2,1,1,2,1,0,0,1,0,0.31,0.31,0.62,0.31,0.62,3.2,1,3,2,66.7,0.93,0.62,0.33,0.5,0,0,3.2,1,0,0,7,6,1,4,1,2,,,0,4,289.0,72.0,80.3,3.2,3,90.0,3,1,19.0,0,1.5,5.0,7.0,-2.0,-0.62,-1.89,289,True
900,Yukinari Sugawara,MF,jp Japan,25,,2000,4,1,148,1.6,0,0,0,0,0,0,0,0,0.0,0.0,0.0,0.0,0.0,1.6,0,2,2,100.0,1.22,1.22,0.0,0.0,0,0,1.6,0,0,0,3,1,0,4,0,3,,,0,4,148.0,37.0,41.1,1.6,1,90.0,1,3,19.0,0,1.25,3.0,2.0,1.0,0.61,-0.24,148,True
901,Rebin Sulaka,DF,iq Iraq,34,,1992,2,1,43,0.5,0,0,0,0,0,0,0,1,0.0,0.0,0.0,0.0,0.0,0.5,0,1,0,0.0,2.09,0.0,0.0,,0,0,0.5,0,1,0,1,0,0,0,1,0,,,0,2,43.0,22.0,15.9,0.5,1,12.0,0,1,31.0,1,0.0,0.0,2.0,-2.0,-4.19,-0.62,43,True
902,Pavel Šulc,FW,cz Czechia,25,,2000,3,2,189,2.1,0,0,0,0,0,0,0,0,0.0,0.0,0.0,0.0,0.0,2.1,0,2,0,0.0,0.95,0.0,0.0,,0,0,2.1,0,0,0,2,1,1,1,0,2,,,0,3,189.0,63.0,70.0,2.1,2,77.0,1,1,36.0,0,0.33,1.0,4.0,-3.0,-1.43,-0.32,189,True
903,Kamaldeen Sulemana,"MF,FW",gh Ghana,24,,2002,2,2,127,1.4,0,0,0,0,0,0,0,0,0.0,0.0,0.0,0.0,0.0,1.4,0,1,0,0.0,0.71,0.0,0.0,,0,0,1.4,0,0,0,2,1,1,4,1,2,,,0,2,127.0,64.0,35.3,1.4,2,64.0,0,0,,2,1.5,0.0,1.0,-1.0,-0.71,-0.71,127,True
904,Crysencio Summerville,FW,nl Netherlands,24,,2001,4,2,253,2.8,2,2,4,2,0,0,1,0,0.71,0.71,1.42,0.71,1.42,2.8,2,2,2,100.0,0.71,0.71,1.0,1.0,0,0,2.8,1,0,0,2,5,1,7,2,2,,,0,4,253.0,63.0,64.9,2.8,2,95.0,1,2,32.0,0,2.0,6.0,3.0,3.0,1.07,-0.9,253,True
905,Ivan Šunjić,MF,ba Bosnia–Herz,29,,1996,4,3,196,2.2,0,0,0,0,0,0,0,0,0.0,0.0,0.0,0.0,0.0,2.2,0,1,1,100.0,0.46,0.46,0.0,0.0,0,0,2.2,0,0,0,7,0,0,1,0,3,,,0,4,196.0,49.0,54.4,2.2,3,60.0,0,1,17.0,0,1.0,2.0,5.0,-3.0,-1.38,-1.38,196,True
906,Finn Surman,DF,nz New Zealand,22,,2003,3,3,270,3.0,1,0,1,1,0,0,0,0,0.33,0.0,0.33,0.33,0.33,3.0,1,2,1,50.0,0.67,0.33,0.5,1.0,0,0,3.0,0,0,0,4,2,0,0,4,1,,,0,3,270.0,90.0,100.0,3.0,3,90.0,3,0,,0,0.33,4.0,10.0,-6.0,-2.0,,270,True
907,Josip Šutalo,DF,hr Croatia,26,,2000,4,4,360,4.0,0,0,0,0,0,0,0,0,0.0,0.0,0.0,0.0,0.0,4.0,0,1,0,0.0,0.25,0.0,0.0,,0,0,4.0,0,0,0,2,1,0,0,6,4,,,0,4,360.0,90.0,100.0,4.0,4,90.0,4,0,,0,1.5,6.0,7.0,-1.0,-0.25,,360,True
908,Junnosuke Suzuki,DF,jp Japan,22,,2003,2,0,43,0.5,0,0,0,0,0,0,1,0,0.0,0.0,0.0,0.0,0.0,0.5,0,0,0,,0.0,0.0,,,0,0,0.5,1,0,0,2,0,0,0,1,0,,,0,2,43.0,22.0,11.9,0.5,0,,0,2,22.0,2,1.5,1.0,1.0,0.0,0.0,-0.85,43,True
909,Yuito Suzuki,"FW,MF",jp Japan,24,,2001,1,0,12,0.1,0,0,0,0,0,0,0,0,0.0,0.0,0.0,0.0,0.0,0.1,0,0,0,,0.0,0.0,,,0,0,0.1,0,0,0,0,0,0,0,0,1,,,0,1,12.0,12.0,3.3,0.1,0,,0,1,12.0,3,3.0,1.0,0.0,1.0,7.5,6.98,12,True
910,Zion Suzuki,GK,jp Japan,23,,2002,4,4,360,4.0,0,0,0,0,0,0,0,0,0.0,0.0,0.0,0.0,0.0,4.0,0,0,0,,0.0,0.0,,,0,0,4.0,0,0,0,0,1,0,0,0,0,,,0,4,360.0,90.0,100.0,4.0,4,90.0,4,0,,0,1.25,8.0,5.0,3.0,0.75,,360,True
911,Mattias Svanberg,MF,se Sweden,27,,1999,2,0,16,0.2,1,0,1,1,0,0,0,0,5.63,0.0,5.63,5.63,5.63,0.2,1,3,2,66.7,16.88,11.25,0.33,0.5,0,0,0.2,0,0,0,0,1,0,0,1,1,,,0,2,16.0,8.0,4.4,0.2,0,,0,2,8.0,2,1.5,1.0,0.0,1.0,5.63,6.67,16,True
912,Daniel Svensson,DF,se Sweden,24,,2002,3,1,98,1.1,0,0,0,0,0,0,0,0,0.0,0.0,0.0,0.0,0.0,1.1,0,1,0,0.0,0.92,0.0,0.0,,0,0,1.1,0,0,0,0,0,1,2,1,2,,,0,3,98.0,33.0,27.2,1.1,1,81.0,0,2,9.0,1,1.33,1.0,3.0,-2.0,-1.84,-1.49,98,True
913,Alexander Sørloth,FW,no Norway,30,,1995,5,5,337,3.7,0,0,0,0,0,0,0,0,0.0,0.0,0.0,0.0,0.0,3.7,0,5,0,0.0,1.34,0.0,0.0,,0,0,3.7,0,0,0,6,2,2,5,0,1,,,0,5,337.0,67.0,59.1,3.7,5,67.0,0,0,,1,2.4,7.0,3.0,4.0,1.07,1.84,337,True
914,Musa Al-Taamari,FW,jo Jordan,29,,1997,3,2,215,2.4,1,1,2,1,0,0,0,0,0.42,0.42,0.84,0.42,0.84,2.4,1,8,3,37.5,3.35,1.26,0.13,0.33,0,0,2.4,0,0,0,2,3,1,0,0,0,,,0,3,215.0,72.0,79.6,2.4,2,85.0,0,1,45.0,0,0.0,3.0,5.0,-2.0,-0.84,4.07,215,True
915,Haris Tabaković,FW,ba Bosnia–Herz,31,,1994,1,0,16,0.2,0,0,0,0,0,0,0,0,0.0,0.0,0.0,0.0,0.0,0.2,0,0,0,,0.0,0.0,,,0,0,0.2,0,0,0,0,0,0,0,0,0,,,0,1,16.0,16.0,4.4,0.2,0,,0,1,16.0,3,0.0,0.0,1.0,-1.0,-5.63,-5.1,16,True
916,Lee Tae-seok,MF,kr Korea Republic,23,,2002,2,2,113,1.3,0,0,0,0,0,0,0,0,0.0,0.0,0.0,0.0,0.0,1.3,0,0,0,,0.0,0.0,,,0,0,1.3,0,0,0,3,1,0,8,0,3,,,0,2,113.0,57.0,41.9,1.3,2,57.0,0,0,,1,1.5,1.0,1.0,0.0,0.0,0.57,113,True
917,Nicolás Tagliafico,DF,ar Argentina,33,,1992,7,5,476,5.3,0,0,0,0,0,0,0,0,0.0,0.0,0.0,0.0,0.0,5.3,0,0,0,,0.0,0.0,,,0,0,5.3,0,0,0,9,16,2,2,6,4,,,0,7,476.0,68.0,58.8,5.3,5,86.0,2,2,22.0,1,2.57,7.0,6.0,1.0,0.19,-2.51,476,True
918,Jonathan Tah,DF,de Germany,30,,1996,4,4,372,4.1,0,0,0,0,0,0,0,0,0.0,0.0,0.0,0.0,0.0,4.1,0,1,1,100.0,0.24,0.24,0.0,0.0,0,0,4.1,0,0,0,5,1,0,1,1,3,,,0,4,372.0,93.0,95.4,4.1,4,93.0,3,0,,0,1.75,9.0,5.0,4.0,0.97,-9.03,372,True
919,Benjamin Tahirovic,MF,ba Bosnia–Herz,23,,2003,4,2,237,2.6,0,0,0,0,0,0,0,0,0.0,0.0,0.0,0.0,0.0,2.6,0,1,0,0.0,0.38,0.0,0.0,,0,0,2.6,0,0,0,3,2,0,2,4,4,,,0,4,237.0,59.0,65.8,2.6,2,76.0,1,2,43.0,0,1.0,2.0,2.0,0.0,0.0,2.2,237,True
920,Zaid Tahseen,DF,iq Iraq,25,,2001,2,2,149,1.7,0,0,0,0,0,0,1,0,0.0,0.0,0.0,0.0,0.0,1.7,0,2,0,0.0,1.21,0.0,0.0,,0,0,1.7,1,0,0,3,2,0,0,0,1,,,0,2,149.0,75.0,55.2,1.7,2,75.0,1,0,,1,0.0,1.0,6.0,-5.0,-3.02,1.44,149,True
921,Chemsdine Talbi,MF,ma Morocco,21,,2005,5,1,179,2.0,0,1,1,0,0,0,0,0,0.0,0.5,0.5,0.0,0.5,2.0,0,2,0,0.0,1.01,0.0,0.0,,0,0,2.0,0,0,0,0,1,0,9,2,2,,,0,5,179.0,36.0,31.4,2.0,1,84.0,0,4,24.0,1,1.6,3.0,2.0,1.0,0.5,-0.19,179,True
922,Montassar Talbi,DF,tn Tunisia,28,,1998,3,3,270,3.0,0,0,0,0,0,0,0,0,0.0,0.0,0.0,0.0,0.0,3.0,0,1,0,0.0,0.33,0.0,0.0,,0,0,3.0,0,0,0,1,1,0,0,5,2,,,0,3,270.0,90.0,100.0,3.0,3,90.0,3,0,,0,0.0,2.0,12.0,-10.0,-3.33,,270,True
923,Hassan Al Tambakti,DF,sa Saudi Arabia,27,,1999,3,3,212,2.4,0,0,0,0,0,0,0,0,0.0,0.0,0.0,0.0,0.0,2.4,0,0,0,,0.0,0.0,,,0,0,2.4,0,0,0,0,1,0,0,3,3,,,1,3,212.0,71.0,78.5,2.4,3,71.0,2,0,,0,0.67,1.0,5.0,-4.0,-1.7,-1.7,212,True
924,Ao Tanaka,MF,jp Japan,27,,1998,3,2,193,2.1,0,0,0,0,0,0,0,0,0.0,0.0,0.0,0.0,0.0,2.1,0,2,0,0.0,0.93,0.0,0.0,,0,0,2.1,0,0,0,6,2,0,0,1,6,,,0,3,193.0,64.0,53.6,2.1,2,90.0,2,1,13.0,1,1.33,5.0,2.0,3.0,1.4,1.4,193,True
925,Shogo Taniguchi,DF,jp Japan,34,,1991,3,2,232,2.6,0,0,0,0,0,0,1,0,0.0,0.0,0.0,0.0,0.0,2.6,0,0,0,,0.0,0.0,,,0,0,2.6,1,0,0,2,1,0,0,1,0,,,0,3,232.0,77.0,64.4,2.6,2,90.0,2,1,52.0,1,0.67,4.0,5.0,-1.0,-0.39,-3.2,232,True
926,Mehdi Taremi,FW,ir IR Iran,33,,1992,3,3,259,2.9,0,0,0,0,0,1,0,0,0.0,0.0,0.0,0.0,0.0,2.9,0,5,2,40.0,1.74,0.69,0.0,0.0,0,1,2.9,0,0,0,3,5,2,1,2,2,,,0,3,259.0,86.0,95.9,2.9,3,86.0,2,0,,0,1.0,3.0,3.0,0.0,0.0,0.0,259,True
927,Aurélien Tchouaméni,MF,fr France,26,,2000,4,4,360,4.0,0,1,1,0,0,0,1,0,0.0,0.25,0.25,0.0,0.25,4.0,0,3,0,0.0,0.75,0.0,0.0,,0,0,4.0,1,0,0,4,3,0,2,6,14,,,0,4,360.0,90.0,50.0,4.0,4,90.0,4,0,,4,2.25,10.0,4.0,6.0,1.5,0.5,360,True
928,Arthur Theate,DF,be Belgium,26,,2000,3,2,228,2.5,0,0,0,0,0,0,0,0,0.0,0.0,0.0,0.0,0.0,2.5,0,5,1,20.0,1.97,0.39,0.0,0.0,0,0,2.5,0,0,0,1,0,0,0,3,0,,,0,3,228.0,76.0,40.0,2.5,2,105.0,2,1,18.0,3,2.33,8.0,3.0,5.0,1.97,1.45,228,True
929,Igor Thiago,FW,br Brazil,24,,2001,1,1,61,0.7,0,0,0,0,0,0,0,0,0.0,0.0,0.0,0.0,0.0,0.7,0,2,1,50.0,2.95,1.48,0.0,0.0,0,0,0.7,0,0,0,2,0,0,0,0,1,,,0,1,61.0,61.0,13.6,0.7,1,61.0,0,0,,4,1.0,1.0,1.0,0.0,0.0,-1.39,61,True
930,Malick Thiaw,"DF,MF",de Germany,24,,2001,2,0,42,0.5,0,0,0,0,0,0,0,0,0.0,0.0,0.0,0.0,0.0,0.5,0,0,0,,0.0,0.0,,,0,0,0.5,0,0,0,1,1,0,0,0,2,,,0,2,42.0,21.0,10.8,0.5,0,,0,2,21.0,2,0.5,0.0,1.0,-1.0,-2.14,-3.95,42,True
931,Ryan Thomas,MF,nz New Zealand,31,,1994,3,1,83,0.9,0,0,0,0,0,0,0,0,0.0,0.0,0.0,0.0,0.0,0.9,0,0,0,,0.0,0.0,,,0,0,0.9,0,0,0,3,3,0,1,0,2,,,0,3,83.0,28.0,30.7,0.9,1,45.0,0,2,19.0,0,0.33,0.0,2.0,-2.0,-2.17,-0.24,83,True
932,Brandon Thomas-Asante,"FW,MF",gh Ghana,27,,1998,2,0,53,0.6,0,0,0,0,0,0,0,0,0.0,0.0,0.0,0.0,0.0,0.6,0,1,0,0.0,1.7,0.0,0.0,,0,0,0.6,0,0,0,0,1,1,1,0,0,,,0,2,53.0,27.0,14.7,0.6,0,,0,2,27.0,2,1.5,2.0,1.0,1.0,1.7,2.28,53,True
933,Morten Thorsby,MF,no Norway,30,,1996,1,0,45,0.5,0,0,0,0,0,0,0,0,0.0,0.0,0.0,0.0,0.0,0.5,0,0,0,,0.0,0.0,,,0,0,0.5,0,0,0,1,0,0,0,1,1,,,0,1,45.0,45.0,7.9,0.5,0,,0,1,45.0,5,0.0,0.0,1.0,-1.0,-2.0,-2.51,45,True
934,Kristian Thorstvedt,MF,no Norway,27,,1999,2,1,63,0.7,0,0,0,0,0,0,0,0,0.0,0.0,0.0,0.0,0.0,0.7,0,3,1,33.3,4.29,1.43,0.0,0.0,0,0,0.7,0,0,0,2,1,0,0,0,1,,,0,2,63.0,32.0,11.1,0.7,1,45.0,0,1,18.0,4,1.5,3.0,3.0,0.0,0.0,-0.36,63,True
935,Marcus Thuram,"FW,MF",fr France,28,,1997,1,0,1,0.0,0,0,0,0,0,0,0,0,0.0,0.0,0.0,0.0,0.0,0.0,0,0,0,,0.0,0.0,,,0,0,0.0,0,0,0,0,0,0,0,0,0,,,0,1,1.0,1.0,0.1,0.0,0,,0,1,1.0,7,3.0,0.0,0.0,0.0,0.0,-1.25,1,True
936,Youri Tielemans,MF,be Belgium,29,,1997,5,5,474,5.3,2,0,2,1,1,1,0,0,0.38,0.0,0.38,0.19,0.19,5.3,2,11,3,27.3,2.09,0.57,0.18,0.67,1,1,5.3,0,0,0,7,10,1,15,2,6,,,0,5,474.0,95.0,83.2,5.3,5,95.0,4,0,,0,2.2,11.0,5.0,6.0,1.14,0.2,474,True
937,Kieran Tierney,MF,sct Scotland,29,,1997,2,1,104,1.2,0,0,0,0,0,0,0,0,0.0,0.0,0.0,0.0,0.0,1.2,0,2,0,0.0,1.73,0.0,0.0,,0,0,1.2,0,0,0,3,2,0,7,2,1,,,0,2,104.0,52.0,38.5,1.2,1,59.0,0,1,45.0,1,0.0,0.0,2.0,-2.0,-1.73,-1.19,104,True
938,Guus Til,"FW,MF",nl Netherlands,28,,1997,1,0,32,0.4,0,0,0,0,0,0,0,0,0.0,0.0,0.0,0.0,0.0,0.4,0,0,0,,0.0,0.0,,,0,0,0.4,0,0,0,0,0,0,0,0,0,,,0,1,32.0,32.0,8.2,0.4,0,,0,1,32.0,3,3.0,1.0,0.0,1.0,2.81,1.56,32,True
939,Malik Tillman,MF,us USA,24,,2002,5,4,356,4.0,2,1,3,2,0,0,1,0,0.51,0.25,0.76,0.51,0.76,4.0,2,8,4,50.0,2.02,1.01,0.25,0.5,0,0,4.0,1,0,0,3,13,0,14,5,7,,,0,5,356.0,71.0,79.1,4.0,4,88.0,3,1,5.0,0,1.8,8.0,6.0,2.0,0.51,-0.45,356,True
940,Quinten Timber,MF,nl Netherlands,24,,2001,2,0,55,0.6,0,0,0,0,0,0,0,0,0.0,0.0,0.0,0.0,0.0,0.6,0,0,0,,0.0,0.0,,,0,0,0.6,0,0,0,0,2,0,1,1,0,,,0,2,55.0,28.0,14.1,0.6,0,,0,2,28.0,1,1.0,0.0,2.0,-2.0,-3.27,-5.42,55,True
941,Takehiro Tomiyasu,DF,jp Japan,27,,1998,3,2,184,2.0,0,0,0,0,0,0,0,0,0.0,0.0,0.0,0.0,0.0,2.0,0,1,0,0.0,0.49,0.0,0.0,,0,0,2.0,0,0,0,5,2,0,2,2,1,,,0,3,184.0,61.0,51.1,2.0,2,84.0,1,1,16.0,1,1.33,5.0,2.0,3.0,1.47,1.47,184,True
942,Ivan Toney,FW,eng England,30,,1996,2,1,79,0.9,0,0,0,0,0,0,0,0,0.0,0.0,0.0,0.0,0.0,0.9,0,2,1,50.0,2.28,1.14,0.0,0.0,0,0,0.9,0,0,0,0,3,2,0,0,0,,,0,2,79.0,40.0,10.5,0.9,1,78.0,0,1,1.0,6,1.5,4.0,3.0,1.0,1.14,0.2,79,True
943,Mehdi Torabi,MF,ir IR Iran,31,,1994,1,0,25,0.3,0,0,0,0,0,0,0,0,0.0,0.0,0.0,0.0,0.0,0.3,0,0,0,,0.0,0.0,,,0,0,0.3,0,0,0,0,0,0,2,1,0,,,0,1,25.0,25.0,9.3,0.3,0,,0,1,25.0,2,1.0,0.0,0.0,0.0,0.0,0.0,25,True
944,Félix Torres Caicedo,DF,ec Ecuador,29,,1997,1,0,6,0.1,0,0,0,0,0,0,0,0,0.0,0.0,0.0,0.0,0.0,0.1,0,0,0,,0.0,0.0,,,0,0,0.1,0,0,0,0,0,0,0,0,0,,,0,1,6.0,6.0,1.7,0.1,0,,0,1,6.0,3,3.0,0.0,0.0,0.0,0.0,0.51,6,True
945,Ferran Torres,FW,es Spain,26,,2000,8,1,288,3.2,1,1,2,1,0,0,1,0,0.31,0.31,0.62,0.31,0.62,3.2,1,14,4,28.6,4.37,1.25,0.07,0.25,0,0,3.2,1,0,0,6,4,3,4,0,0,,,0,8,288.0,36.0,38.4,3.2,1,80.0,0,7,30.0,0,2.75,5.0,0.0,5.0,1.56,0.0,288,True
946,Sebastian Tounekti,FW,tn Tunisia,23,,2002,3,1,84,0.9,0,0,0,0,0,0,0,0,0.0,0.0,0.0,0.0,0.0,0.9,0,0,0,,0.0,0.0,,,0,0,0.9,0,0,0,1,0,0,3,0,0,,,0,3,84.0,28.0,31.1,0.9,1,64.0,0,2,10.0,0,0.0,0.0,4.0,-4.0,-4.29,-1.38,84,True
947,Bazoumana Touré,MF,ci Côte d'Ivoire,20,,2006,3,1,80,0.9,0,0,0,0,0,0,0,0,0.0,0.0,0.0,0.0,0.0,0.9,0,0,0,,0.0,0.0,,,0,0,0.9,0,0,0,0,1,0,2,0,1,,,0,3,80.0,27.0,22.2,0.9,1,55.0,0,2,13.0,1,2.0,0.0,0.0,0.0,0.0,-0.32,80,True
948,Mo Touré,FW,au Australia,22,,2004,3,2,165,1.8,0,0,0,0,0,0,0,0,0.0,0.0,0.0,0.0,0.0,1.8,0,4,1,25.0,2.18,0.55,0.0,0.0,0,0,1.8,0,0,0,4,2,1,1,0,1,,,0,3,165.0,55.0,42.3,1.8,2,59.0,0,1,47.0,1,1.33,1.0,2.0,-1.0,-0.55,-0.95,165,True
949,Kai Trewin,"DF,MF",au Australia,25,,2001,1,0,75,0.8,0,0,0,0,0,0,0,0,0.0,0.0,0.0,0.0,0.0,0.8,0,1,0,0.0,1.2,0.0,0.0,,0,0,0.8,0,0,0,0,1,0,2,2,0,,,0,1,75.0,75.0,19.2,0.8,0,,0,1,75.0,3,1.0,1.0,0.0,1.0,1.2,1.49,75,True
950,Trézéguet,MF,eg Egypt,31,,1994,4,1,164,1.8,1,1,2,1,0,0,0,0,0.55,0.55,1.1,0.55,1.1,1.8,1,8,3,37.5,4.39,1.65,0.13,0.33,0,0,1.8,0,0,0,3,2,0,2,1,0,,,0,4,164.0,41.0,34.2,1.8,1,90.0,1,3,25.0,1,1.25,2.0,4.0,-2.0,-1.1,-1.95,164,True
951,Francisco Trincão,"FW,MF",pt Portugal,26,,1999,1,0,28,0.3,0,0,0,0,0,0,0,0,0.0,0.0,0.0,0.0,0.0,0.3,0,1,0,0.0,3.21,0.0,0.0,,0,0,0.3,0,0,0,0,0,0,0,0,1,,,0,1,28.0,28.0,6.2,0.3,0,,0,1,28.0,4,3.0,1.0,0.0,1.0,3.21,2.36,28,True
952,Leandro Trossard,"MF,FW",be Belgium,31,,1994,6,6,506,5.6,2,2,4,2,0,0,0,0,0.36,0.36,0.71,0.36,0.71,5.6,2,17,3,17.6,3.02,0.53,0.12,0.67,0,0,5.6,0,0,0,4,8,1,7,4,1,,,0,6,506.0,84.0,88.8,5.6,6,84.0,2,0,,0,1.83,10.0,5.0,5.0,0.89,-1.92,506,True
953,Auston Trusty,DF,us USA,27,,1998,2,1,101,1.1,1,0,1,1,0,0,0,0,0.89,0.0,0.89,0.89,0.89,1.1,1,3,2,66.7,2.67,1.78,0.33,0.5,0,0,1.1,0,0,0,2,0,0,2,4,1,,,0,2,101.0,51.0,22.4,1.1,1,90.0,1,1,11.0,3,1.5,2.0,3.0,-1.0,-0.89,-1.92,101,True
954,Axel Tuanzebe,DF,cd Congo DR,28,,1997,4,4,360,4.0,0,0,0,0,0,0,0,0,0.0,0.0,0.0,0.0,0.0,4.0,0,0,0,,0.0,0.0,,,0,0,4.0,0,0,0,3,3,0,0,1,2,,,0,4,360.0,90.0,100.0,4.0,4,90.0,4,0,,0,1.0,5.0,5.0,0.0,0.0,,360,True
955,Matt Turner,GK,us USA,31,,1994,1,1,90,1.0,0,0,0,0,0,0,0,0,0.0,0.0,0.0,0.0,0.0,1.0,0,0,0,,0.0,0.0,,,0,0,1.0,0,0,0,0,0,0,0,0,0,,,0,1,90.0,90.0,20.0,1.0,1,90.0,1,0,,4,0.0,2.0,3.0,-1.0,-1.0,-2.0,90,True
956,Ayase Ueda,FW,jp Japan,27,,1998,4,4,321,3.6,2,1,3,2,0,0,0,0,0.56,0.28,0.84,0.56,0.84,3.6,2,9,4,44.4,2.52,1.12,0.22,0.5,0,0,3.6,0,0,0,6,4,1,0,0,1,,,0,4,321.0,80.0,89.2,3.6,4,80.0,1,0,,0,1.25,7.0,5.0,2.0,0.56,-1.75,321,True
957,Manuel Ugarte,MF,uy Uruguay,25,,2001,3,3,184,2.0,0,0,0,0,0,0,0,0,0.0,0.0,0.0,0.0,0.0,2.0,0,3,1,33.3,1.47,0.49,0.0,0.0,0,0,2.0,0,0,0,1,0,0,0,3,1,,,0,3,184.0,61.0,68.1,2.0,3,61.0,0,0,,0,0.67,2.0,4.0,-2.0,-0.98,-2.02,184,True
958,Deniz Undav,FW,de Germany,29,,1996,4,1,151,1.7,3,2,5,3,0,0,0,0,1.79,1.19,2.98,1.79,2.98,1.7,3,6,4,66.7,3.58,2.38,0.5,0.75,0,0,1.7,0,0,0,3,0,0,1,0,0,,,0,4,151.0,38.0,38.7,1.7,1,62.0,0,3,30.0,0,1.75,6.0,2.0,4.0,2.38,1.63,151,True
959,Dayot Upamecano,DF,fr France,27,,1998,8,7,660,7.3,0,1,1,0,0,0,0,0,0.0,0.14,0.14,0.0,0.14,7.3,0,4,2,50.0,0.55,0.27,0.0,0.0,0,0,7.3,0,0,0,7,4,0,0,15,12,,,0,8,660.0,83.0,91.7,7.3,7,88.0,6,1,45.0,0,2.25,19.0,6.0,13.0,1.77,6.27,660,True
960,Jakhongir Urozov,DF,uz Uzbekistan,22,,2004,2,1,95,1.1,0,0,0,0,0,0,0,0,0.0,0.0,0.0,0.0,0.0,1.1,0,0,0,,0.0,0.0,,,0,0,1.1,0,0,0,0,0,0,0,1,0,,,0,2,95.0,48.0,35.2,1.1,1,81.0,0,1,14.0,1,0.0,1.0,3.0,-2.0,-1.89,1.71,95,True
961,Oston Urunov,MF,uz Uzbekistan,25,,2000,2,1,63,0.7,0,0,0,0,0,0,0,0,0.0,0.0,0.0,0.0,0.0,0.7,0,0,0,,0.0,0.0,,,0,0,0.7,0,0,0,0,0,0,0,1,0,,,0,2,63.0,32.0,23.3,0.7,1,45.0,0,1,18.0,1,0.0,0.0,3.0,-3.0,-4.29,-1.68,63,True
962,Can Uzun,MF,tr Türkiye,20,,2005,2,0,38,0.4,0,1,1,0,0,0,0,0,0.0,2.37,2.37,0.0,2.37,0.4,0,4,1,25.0,9.47,2.37,0.0,0.0,0,0,0.4,0,0,0,0,1,0,0,0,0,,,0,2,38.0,19.0,14.1,0.4,0,,0,2,19.0,1,1.5,1.0,0.0,1.0,2.37,3.53,38,True
963,Enner Valencia,FW,ec Ecuador,36,,1989,4,4,287,3.2,0,0,0,0,0,0,0,0,0.0,0.0,0.0,0.0,0.0,3.2,0,10,6,60.0,3.14,1.88,0.0,0.0,0,0,3.2,0,0,0,4,7,2,1,0,1,,,0,4,287.0,72.0,79.7,3.2,4,72.0,1,0,,0,1.0,1.0,3.0,-2.0,-0.63,-0.63,287,True
964,Yan Valery,DF,tn Tunisia,27,,1999,3,3,251,2.8,0,0,0,0,0,0,0,0,0.0,0.0,0.0,0.0,0.0,2.8,0,0,0,,0.0,0.0,,,0,0,2.8,0,0,0,4,0,1,7,4,1,,,0,3,251.0,84.0,93.0,2.8,3,84.0,2,0,,0,0.0,2.0,10.0,-8.0,-2.87,6.61,251,True
965,Federico Valverde,MF,uy Uruguay,27,,1998,3,3,236,2.6,0,0,0,0,0,0,0,0,0.0,0.0,0.0,0.0,0.0,2.6,0,10,2,20.0,3.81,0.76,0.0,0.0,0,0,2.6,0,0,0,1,0,0,11,3,2,,,0,3,236.0,79.0,87.4,2.6,3,79.0,2,0,,0,0.67,3.0,4.0,-1.0,-0.38,-0.38,236,True
966,Virgil van Dijk,DF,nl Netherlands,34,,1991,4,4,390,4.3,1,1,2,1,0,0,0,0,0.23,0.23,0.46,0.23,0.46,4.3,1,2,2,100.0,0.46,0.46,0.5,0.5,0,0,4.3,0,0,0,2,2,0,0,3,1,,,0,4,390.0,98.0,100.0,4.3,4,98.0,4,0,,0,2.0,11.0,5.0,6.0,1.38,,390,True
967,Hans Vanaken,MF,be Belgium,33,,1992,6,3,319,3.5,1,2,3,1,0,0,0,0,0.28,0.56,0.85,0.28,0.85,3.5,1,5,1,20.0,1.41,0.28,0.2,1.0,0,0,3.5,0,0,0,0,6,0,2,1,1,,,0,6,319.0,53.0,56.0,3.5,3,70.0,1,3,36.0,0,1.83,9.0,5.0,4.0,1.13,0.05,319,True
968,Guillermo Varela,DF,uy Uruguay,33,,1993,3,3,270,3.0,0,0,0,0,0,0,1,0,0.0,0.0,0.0,0.0,0.0,3.0,0,2,0,0.0,0.67,0.0,0.0,,0,0,3.0,1,0,0,1,1,0,9,7,1,,,0,3,270.0,90.0,100.0,3.0,3,90.0,3,0,,0,0.67,3.0,4.0,-1.0,-0.33,,270,True
969,Hélio Varela,FW,cv Cabo Verde,24,,2002,3,0,104,1.2,1,0,1,1,0,0,0,0,0.87,0.0,0.87,0.87,0.87,1.2,1,3,1,33.3,2.6,0.87,0.33,1.0,0,0,1.2,0,0,0,1,2,1,1,0,0,,,0,3,104.0,35.0,26.7,1.2,0,,0,3,35.0,1,0.67,2.0,2.0,0.0,0.0,0.31,104,True
970,Camilo Vargas,GK,co Colombia,37,,1989,5,5,480,5.3,0,0,0,0,0,0,0,0,0.0,0.0,0.0,0.0,0.0,5.3,0,0,0,,0.0,0.0,,,0,0,5.3,0,0,0,0,0,0,0,0,0,,,0,5,480.0,96.0,100.0,5.3,5,96.0,5,0,,0,2.2,5.0,1.0,4.0,0.75,,480,True
971,Obed Vargas,MF,mx Mexico,20,,2005,3,0,66,0.7,0,0,0,0,0,0,0,0,0.0,0.0,0.0,0.0,0.0,0.7,0,1,1,100.0,1.36,1.36,0.0,0.0,0,0,0.7,0,0,0,1,0,0,0,1,2,,,0,3,66.0,22.0,14.7,0.7,0,,0,3,22.0,2,3.0,1.0,0.0,1.0,1.36,-0.04,66,True
972,Ruben Vargas,MF,ch Switzerland,27,,1998,6,3,284,3.2,2,1,3,2,0,0,0,0,0.63,0.32,0.95,0.63,0.95,3.2,2,6,4,66.7,1.9,1.27,0.33,0.5,0,0,3.2,0,0,0,6,6,2,23,2,2,,,0,6,284.0,47.0,47.3,3.2,3,76.0,0,3,19.0,0,1.83,9.0,3.0,6.0,1.9,2.47,284,True
973,Nikola Vasilj,GK,ba Bosnia–Herz,30,,1995,4,4,360,4.0,0,0,0,0,0,0,0,0,0.0,0.0,0.0,0.0,0.0,4.0,0,0,0,,0.0,0.0,,,0,0,4.0,0,0,0,0,0,0,0,0,0,,,0,4,360.0,90.0,100.0,4.0,4,90.0,4,0,,0,1.0,5.0,8.0,-3.0,-0.75,,360,True
974,Johan Vásquez,DF,mx Mexico,27,,1998,4,4,360,4.0,0,0,0,0,0,0,1,0,0.0,0.0,0.0,0.0,0.0,4.0,0,1,0,0.0,0.25,0.0,0.0,,0,0,4.0,1,0,0,0,2,0,1,2,1,,,0,4,360.0,90.0,80.0,4.0,4,90.0,4,0,,1,2.25,7.0,3.0,4.0,1.0,-2.0,360,True
975,Alexis Vega,"FW,MF",mx Mexico,28,,1997,1,0,12,0.1,0,0,0,0,0,0,0,0,0.0,0.0,0.0,0.0,0.0,0.1,0,0,0,,0.0,0.0,,,0,0,0.1,0,0,0,0,0,0,1,0,0,,,0,1,12.0,12.0,2.7,0.1,0,,0,1,12.0,4,3.0,0.0,0.0,0.0,0.0,-1.44,12,True
976,Renato Veiga,DF,pt Portugal,22,,2003,5,5,450,5.0,0,0,0,0,0,0,2,0,0.0,0.0,0.0,0.0,0.0,5.0,0,2,0,0.0,0.4,0.0,0.0,,0,0,5.0,2,0,0,5,3,0,0,6,1,,,0,5,450.0,90.0,100.0,5.0,5,90.0,5,0,,0,1.6,8.0,3.0,5.0,1.0,,450,True
977,Gustavo Velásquez,DF,py Paraguay,35,,1991,5,2,246,2.7,0,0,0,0,0,0,0,0,0.0,0.0,0.0,0.0,0.0,2.7,0,0,0,,0.0,0.0,,,0,0,2.7,0,0,0,2,0,0,3,1,1,,,0,5,246.0,49.0,51.3,2.7,2,90.0,2,3,22.0,0,1.0,0.0,2.0,-2.0,-0.73,-0.35,246,True
978,Nishan Velupillay,MF,au Australia,25,,2001,2,1,75,0.8,0,0,0,0,0,0,0,0,0.0,0.0,0.0,0.0,0.0,0.8,0,0,0,,0.0,0.0,,,0,0,0.8,0,0,0,1,0,0,0,0,1,,,0,2,75.0,38.0,19.2,0.8,1,45.0,0,1,30.0,2,1.5,1.0,2.0,-1.0,-1.2,-1.49,75,True
979,Micky van de Ven,"DF,MF",nl Netherlands,25,,2001,3,3,265,2.9,0,0,0,0,0,0,1,0,0.0,0.0,0.0,0.0,0.0,2.9,0,3,1,33.3,1.02,0.34,0.0,0.0,0,0,2.9,1,0,0,5,1,0,2,2,3,,,0,3,265.0,88.0,67.9,2.9,3,88.0,2,0,,1,1.67,8.0,3.0,5.0,1.7,0.98,265,True
980,Bart Verbruggen,GK,nl Netherlands,23,,2002,4,4,390,4.3,0,0,0,0,0,0,0,0,0.0,0.0,0.0,0.0,0.0,4.3,0,0,0,,0.0,0.0,,,0,0,4.3,0,0,0,0,0,0,0,0,0,,,0,4,390.0,98.0,100.0,4.3,4,98.0,4,0,,0,2.0,11.0,5.0,6.0,1.38,,390,True
981,Matías Viña,DF,uy Uruguay,28,,1997,1,1,45,0.5,0,0,0,0,0,0,0,0,0.0,0.0,0.0,0.0,0.0,0.5,0,0,0,,0.0,0.0,,,0,0,0.5,0,0,0,0,1,1,2,0,0,,,0,1,45.0,45.0,16.7,0.5,1,45.0,0,0,,2,1.0,0.0,1.0,-1.0,-2.0,-2.0,45,True
982,Federico Viñas,FW,uy Uruguay,27,,1998,3,2,192,2.1,0,0,0,0,0,0,0,0,0.0,0.0,0.0,0.0,0.0,2.1,0,6,3,50.0,2.81,1.41,0.0,0.0,0,0,2.1,0,0,0,3,3,3,0,1,2,,,0,3,192.0,64.0,71.1,2.1,2,79.0,0,1,34.0,0,0.67,3.0,3.0,0.0,0.0,1.15,192,True
983,Denis Višinský,FW,cz Czechia,23,,2003,1,1,55,0.6,0,0,0,0,0,0,0,0,0.0,0.0,0.0,0.0,0.0,0.6,0,3,0,0.0,4.91,0.0,0.0,,0,0,0.6,0,0,0,0,1,0,0,0,0,,,0,1,55.0,55.0,20.4,0.6,1,55.0,0,0,,2,0.0,0.0,1.0,-1.0,-1.64,-0.38,55,True
984,Pedro Vite,MF,ec Ecuador,24,,2002,4,4,360,4.0,0,1,1,0,0,0,0,0,0.0,0.25,0.25,0.0,0.25,4.0,0,4,1,25.0,1.0,0.25,0.0,0.0,0,0,4.0,0,0,0,2,5,0,6,5,11,,,0,4,360.0,90.0,100.0,4.0,4,90.0,4,0,,0,1.0,2.0,4.0,-2.0,-0.5,,360,True
985,Vitinha,MF,pt Portugal,26,,2000,5,5,376,4.2,0,0,0,0,0,0,0,0,0.0,0.0,0.0,0.0,0.0,4.2,0,4,0,0.0,0.96,0.0,0.0,,0,0,4.2,0,0,0,4,5,0,1,2,0,,,0,5,376.0,75.0,83.6,4.2,5,75.0,0,0,,0,1.6,5.0,2.0,3.0,0.72,-1.71,376,True
986,Nikola Vlašić,MF,hr Croatia,28,,1997,3,2,189,2.1,1,0,1,1,0,0,0,0,0.48,0.0,0.48,0.48,0.48,2.1,1,3,1,33.3,1.43,0.48,0.33,1.0,0,0,2.1,0,0,0,5,0,2,3,1,2,,,0,3,189.0,63.0,52.5,2.1,2,88.0,0,1,13.0,1,1.0,3.0,3.0,0.0,0.0,0.53,189,True
987,Cristian Volpato,MF,au Australia,22,,2003,3,2,160,1.8,0,0,0,0,0,0,0,0,0.0,0.0,0.0,0.0,0.0,1.8,0,4,1,25.0,2.25,0.56,0.0,0.0,0,0,1.8,0,0,0,1,2,0,11,0,1,,,0,3,160.0,53.0,41.0,1.8,2,65.0,0,1,30.0,1,0.67,1.0,1.0,0.0,0.0,0.0,160,True
988,Vozinha,GK,cv Cabo Verde,40,,1986,4,4,390,4.3,0,0,0,0,0,0,0,0,0.0,0.0,0.0,0.0,0.0,4.3,0,0,0,,0.0,0.0,,,0,0,4.3,0,0,0,0,3,0,0,0,0,,,0,4,390.0,98.0,100.0,4.3,4,98.0,4,0,,0,0.75,4.0,5.0,-1.0,-0.23,,390,True
989,Francis de Vries,DF,nz New Zealand,31,,1994,2,0,18,0.2,0,0,0,0,0,0,0,0,0.0,0.0,0.0,0.0,0.0,0.2,0,0,0,,0.0,0.0,,,0,0,0.2,0,0,0,0,0,0,3,1,0,,,0,2,18.0,9.0,6.7,0.2,0,,0,2,9.0,1,0.0,1.0,2.0,-1.0,-5.0,-3.21,18,True
990,Luka Vušković,DF,hr Croatia,19,,2007,1,1,65,0.7,0,0,0,0,0,0,0,0,0.0,0.0,0.0,0.0,0.0,0.7,0,0,0,,0.0,0.0,,,0,0,0.7,0,0,0,1,1,0,0,1,0,,,0,1,65.0,65.0,18.1,0.7,1,65.0,0,0,,3,0.0,2.0,3.0,-1.0,-1.38,-1.38,65,True
991,Elye Wahi,FW,ci Côte d'Ivoire,23,,2003,3,1,110,1.2,0,0,0,0,0,0,0,0,0.0,0.0,0.0,0.0,0.0,1.2,0,3,2,66.7,2.45,1.64,0.0,0.0,0,0,1.2,0,0,0,0,0,0,0,0,1,,,0,3,110.0,37.0,30.6,1.2,1,55.0,0,2,28.0,1,2.0,1.0,1.0,0.0,0.0,-0.36,110,True
992,Aaron Wan-Bissaka,DF,cd Congo DR,28,,1997,4,4,354,3.9,0,0,0,0,0,0,0,0,0.0,0.0,0.0,0.0,0.0,3.9,0,0,0,,0.0,0.0,,,0,0,3.9,0,0,0,1,1,1,6,7,4,,,0,4,354.0,89.0,98.3,3.9,4,89.0,3,0,,0,1.0,5.0,5.0,0.0,0.0,0.0,354,True
993,Paul Wanner,MF,at Austria,20,,2005,4,2,234,2.6,0,0,0,0,0,0,0,0,0.0,0.0,0.0,0.0,0.0,2.6,0,1,0,0.0,0.38,0.0,0.0,,0,0,2.6,0,0,0,4,2,0,1,2,1,,,0,4,234.0,59.0,65.0,2.6,2,79.0,1,2,39.0,0,1.0,4.0,6.0,-2.0,-0.77,-0.05,234,True
994,Tsuyoshi Watanabe,DF,jp Japan,29,,1997,2,1,90,1.0,0,0,0,0,0,0,0,0,0.0,0.0,0.0,0.0,0.0,1.0,0,0,0,,0.0,0.0,,,0,0,1.0,0,0,0,0,1,0,1,0,2,,,0,2,90.0,45.0,25.0,1.0,1,74.0,0,1,16.0,2,1.0,1.0,2.0,-1.0,-1.0,-2.33,90,True
995,Cecilio Waterman,FW,pa Panama,35,,1991,2,1,76,0.8,0,0,0,0,0,0,0,0,0.0,0.0,0.0,0.0,0.0,0.8,0,2,1,50.0,2.37,1.18,0.0,0.0,0,0,0.8,0,0,0,1,1,0,0,0,0,,,0,2,76.0,38.0,28.1,0.8,1,62.0,0,1,14.0,1,0.0,0.0,0.0,0.0,0.0,1.86,76,True
996,Ollie Watkins,"FW,MF",eng England,30,,1995,2,0,52,0.6,0,0,0,0,0,0,0,0,0.0,0.0,0.0,0.0,0.0,0.6,0,1,0,0.0,1.73,0.0,0.0,,0,0,0.6,0,0,0,1,0,0,2,0,1,,,0,2,52.0,26.0,6.9,0.6,0,,0,2,26.0,6,3.0,2.0,4.0,-2.0,-3.46,-4.75,52,True
997,Timothy Weah,MF,us USA,26,,2000,2,1,76,0.8,0,0,0,0,0,0,0,0,0.0,0.0,0.0,0.0,0.0,0.8,0,2,0,0.0,2.37,0.0,0.0,,0,0,0.8,0,0,0,2,0,2,0,0,0,,,0,2,76.0,38.0,16.9,0.8,1,57.0,0,1,19.0,3,1.5,3.0,3.0,0.0,0.0,-0.72,76,True
998,Wout Weghorst,FW,nl Netherlands,33,,1992,1,0,50,0.6,0,0,0,0,0,0,0,0,0.0,0.0,0.0,0.0,0.0,0.6,0,0,0,,0.0,0.0,,,0,0,0.6,0,0,0,1,2,0,0,0,1,,,0,1,50.0,50.0,12.8,0.6,0,,0,1,50.0,3,1.0,1.0,1.0,0.0,0.0,-1.59,50,True
999,Jacob Widell Zetterström,GK,se Sweden,27,,1998,2,2,180,2.0,0,0,0,0,0,0,0,0,0.0,0.0,0.0,0.0,0.0,2.0,0,0,0,,0.0,0.0,,,0,0,2.0,0,0,0,0,0,0,0,0,0,,,0,2,180.0,90.0,50.0,2.0,2,90.0,2,0,,2,0.5,1.0,4.0,-3.0,-1.5,-1.5,180,True
1000,Silvan Widmer,DF,ch Switzerland,33,,1993,5,1,175,1.9,0,0,0,0,0,0,0,0,0.0,0.0,0.0,0.0,0.0,1.9,0,0,0,,0.0,0.0,,,0,0,1.9,0,0,0,2,0,0,4,1,4,,,0,5,175.0,35.0,29.2,1.9,1,85.0,0,4,23.0,1,2.0,2.0,3.0,-1.0,-0.51,-1.57,175,True
1001,Iñaki Williams,"MF,FW",gh Ghana,31,,1994,2,2,126,1.4,0,0,0,0,0,0,1,0,0.0,0.0,0.0,0.0,0.0,1.4,0,3,0,0.0,2.14,0.0,0.0,,0,0,1.4,1,0,0,2,1,1,4,1,0,,,0,2,126.0,63.0,35.0,1.4,2,63.0,0,0,,2,0.5,0.0,1.0,-1.0,-0.71,-0.71,126,True
1002,Nico Williams,MF,es Spain,23,,2002,6,0,113,1.3,0,1,1,0,0,0,0,0,0.0,0.8,0.8,0.0,0.8,1.3,0,4,2,50.0,3.19,1.59,0.0,0.0,0,0,1.3,0,0,0,2,1,1,9,1,1,,,0,6,113.0,19.0,15.1,1.3,0,,0,6,19.0,2,2.67,2.0,0.0,2.0,1.59,0.04,113,True
1003,Ronwen Williams,GK,za South Africa,34,,1992,4,4,360,4.0,0,0,0,0,0,0,0,0,0.0,0.0,0.0,0.0,0.0,4.0,0,0,0,,0.0,0.0,,,0,0,4.0,0,0,0,0,0,0,0,1,0,,,0,4,360.0,90.0,100.0,4.0,4,90.0,4,0,,0,1.0,2.0,4.0,-2.0,-0.5,,360,True
1004,Patrick Wimmer,"FW,MF",at Austria,25,,2001,2,0,21,0.2,0,0,0,0,0,0,0,0,0.0,0.0,0.0,0.0,0.0,0.2,0,1,0,0.0,4.29,0.0,0.0,,0,0,0.2,0,0,0,3,1,0,0,2,0,,,0,2,21.0,11.0,5.8,0.2,0,,0,2,11.0,2,1.5,1.0,1.0,0.0,0.0,0.8,21,True
1005,Florian Wirtz,MF,de Germany,23,,2003,4,4,361,4.0,0,3,3,0,0,0,0,0,0.0,0.75,0.75,0.0,0.75,4.0,0,10,1,10.0,2.49,0.25,0.0,0.0,0,0,4.0,0,0,0,1,3,1,13,2,6,,,0,4,361.0,90.0,92.6,4.0,4,90.0,2,0,,0,1.75,11.0,4.0,7.0,1.75,4.85,361,True
1006,Yoane Wissa,FW,cd Congo DR,29,,1996,4,4,360,4.0,3,0,3,2,1,1,0,0,0.75,0.0,0.75,0.5,0.5,4.0,3,11,3,27.3,2.75,0.75,0.27,1.0,1,1,4.0,0,0,0,5,9,1,0,0,1,,,0,4,360.0,90.0,100.0,4.0,4,90.0,4,0,,0,1.0,5.0,5.0,0.0,0.0,,360,True
1007,Axel Witsel,"DF,MF",be Belgium,37,,1989,2,0,33,0.4,0,0,0,0,0,0,1,0,0.0,0.0,0.0,0.0,0.0,0.4,0,0,0,,0.0,0.0,,,0,0,0.4,1,0,0,2,1,0,0,0,0,,,0,2,33.0,17.0,5.8,0.4,0,,0,2,17.0,4,1.5,1.0,1.0,0.0,0.0,-1.17,33,True
1008,Nick Woltemade,"FW,MF",de Germany,24,,2002,1,0,33,0.4,0,0,0,0,0,0,0,0,0.0,0.0,0.0,0.0,0.0,0.4,0,2,0,0.0,5.45,0.0,0.0,,0,0,0.4,0,0,0,0,0,0,0,0,1,,,0,1,33.0,33.0,8.5,0.4,0,,0,1,33.0,3,1.0,0.0,0.0,0.0,0.0,-1.51,33,True
1009,Chris Wood,FW,nz New Zealand,34,,1991,3,3,270,3.0,0,2,2,0,0,0,0,0,0.0,0.67,0.67,0.0,0.67,3.0,0,5,2,40.0,1.67,0.67,0.0,0.0,0,0,3.0,0,0,0,2,1,4,0,0,1,,,0,3,270.0,90.0,100.0,3.0,3,90.0,3,0,,0,0.33,4.0,10.0,-6.0,-2.0,,270,True
1010,Haji Wright,"FW,MF",us USA,28,,1998,2,0,2,0.0,0,0,0,0,0,0,0,0,0.0,0.0,0.0,0.0,0.0,0.0,0,0,0,,0.0,0.0,,,0,0,0.0,0,0,0,0,0,1,0,0,0,,,0,2,2.0,1.0,0.4,0.0,0,,0,2,1.0,3,1.5,0.0,1.0,-1.0,-45.0,-45.8,2,True
1011,Granit Xhaka,MF,ch Switzerland,33,,1992,6,6,600,6.7,1,0,1,0,1,1,2,0,0.15,0.0,0.15,0.0,0.0,6.7,1,9,2,22.2,1.35,0.3,0.11,0.5,1,1,6.7,2,0,0,4,12,0,4,4,4,,,0,6,600.0,100.0,100.0,6.7,6,100.0,6,0,,0,1.83,10.0,6.0,4.0,0.6,,600,True
1012,Kevin Yakob,MF,iq Iraq,25,,2000,1,0,24,0.3,0,0,0,0,0,0,0,0,0.0,0.0,0.0,0.0,0.0,0.3,0,1,0,0.0,3.75,0.0,0.0,,0,0,0.3,0,0,0,1,0,0,0,1,0,,,0,1,24.0,24.0,8.9,0.3,0,,0,1,24.0,2,0.0,0.0,2.0,-2.0,-7.5,-4.21,24,True
1013,Lamine Yamal,"MF,FW",es Spain,18,,2007,8,7,614,6.8,1,0,1,1,0,0,0,0,0.15,0.0,0.15,0.15,0.15,6.8,1,27,12,44.4,3.96,1.76,0.04,0.08,0,0,6.8,0,0,0,14,9,7,34,2,9,,,0,8,614.0,77.0,81.9,6.8,7,85.0,4,1,20.0,0,2.75,12.0,1.0,11.0,1.61,0.29,614,True
1014,Yannick,MF,cv Cabo Verde,30,,1995,2,0,32,0.4,0,1,1,0,0,0,0,0,0.0,2.81,2.81,0.0,2.81,0.4,0,1,0,0.0,2.81,0.0,0.0,,0,0,0.4,0,0,0,1,1,0,2,2,1,,,0,2,32.0,16.0,8.2,0.4,0,,0,2,16.0,2,0.5,1.0,1.0,0.0,0.0,0.25,32,True
1015,Gessime Yassine,MF,ma Morocco,20,,2005,3,0,80,0.9,1,0,1,1,0,0,0,0,1.13,0.0,1.13,1.13,1.13,0.9,1,2,1,50.0,2.25,1.13,0.5,1.0,0,0,0.9,0,0,0,2,3,0,1,1,2,,,0,3,80.0,27.0,14.0,0.9,0,,0,3,27.0,3,1.33,3.0,0.0,3.0,3.38,3.19,80,True
1016,John Yeboah,MF,ec Ecuador,25,,2000,4,4,311,3.5,0,0,0,0,0,0,0,0,0.0,0.0,0.0,0.0,0.0,3.5,0,8,3,37.5,2.32,0.87,0.0,0.0,0,0,3.5,0,0,0,0,4,0,11,3,3,,,0,4,311.0,78.0,86.4,3.5,4,78.0,0,0,,0,1.0,2.0,3.0,-1.0,-0.29,1.55,311,True
1017,Tete Yengi,FW,au Australia,25,,2000,2,0,24,0.3,0,0,0,0,0,0,0,0,0.0,0.0,0.0,0.0,0.0,0.3,0,1,1,100.0,3.75,3.75,0.0,0.0,0,0,0.3,0,0,0,3,0,0,1,0,2,,,0,2,24.0,12.0,6.2,0.3,0,,0,2,12.0,2,2.0,1.0,0.0,1.0,3.75,4.0,24,True
1018,Kenan Yıldız,MF,tr Türkiye,21,,2005,3,2,218,2.4,0,0,0,0,0,0,0,0,0.0,0.0,0.0,0.0,0.0,2.4,0,14,1,7.1,5.78,0.41,0.0,0.0,0,0,2.4,0,0,0,2,4,0,6,1,2,,,0,3,218.0,73.0,80.7,2.4,2,87.0,1,1,45.0,0,1.0,2.0,4.0,-2.0,-0.83,-0.83,218,True
1019,Caleb Yirenkyi,MF,gh Ghana,20,,2006,4,3,264,2.9,1,0,1,1,0,0,2,0,0.34,0.0,0.34,0.34,0.34,2.9,1,2,1,50.0,0.68,0.34,0.5,1.0,0,0,2.9,2,0,0,7,3,0,1,3,1,,,0,4,264.0,66.0,73.3,2.9,3,86.0,2,1,6.0,0,1.0,1.0,1.0,0.0,0.0,0.94,264,True
1020,Seol Young-woo,MF,kr Korea Republic,27,,1998,3,3,250,2.8,0,0,0,0,0,0,0,0,0.0,0.0,0.0,0.0,0.0,2.8,0,2,0,0.0,0.72,0.0,0.0,,0,0,2.8,0,0,0,1,2,4,9,1,0,,,0,3,250.0,83.0,92.6,2.8,3,83.0,2,0,,0,1.0,2.0,3.0,-1.0,-0.36,-0.36,250,True
1021,Manaf Younis,DF,iq Iraq,29,,1996,1,0,75,0.8,0,0,0,0,0,0,0,0,0.0,0.0,0.0,0.0,0.0,0.8,0,0,0,,0.0,0.0,,,0,0,0.8,0,0,0,0,0,0,0,1,1,,,0,1,75.0,75.0,27.8,0.8,0,,0,1,75.0,2,0.0,0.0,4.0,-4.0,-4.8,-1.57,75,True
1022,Aria Yousefi,MF,ir IR Iran,24,,2002,1,1,45,0.5,0,0,0,0,0,0,0,0,0.0,0.0,0.0,0.0,0.0,0.5,0,1,1,100.0,2.0,2.0,0.0,0.0,0,0,0.5,0,0,0,0,1,0,0,1,0,,,0,1,45.0,45.0,16.7,0.5,1,45.0,0,0,,2,1.0,1.0,1.0,0.0,0.0,0.0,45,True
1023,Ali Yousif,FW,iq Iraq,30,,1996,1,0,33,0.4,0,0,0,0,0,0,0,0,0.0,0.0,0.0,0.0,0.0,0.4,0,0,0,,0.0,0.0,,,0,0,0.4,0,0,0,1,0,0,0,0,1,,,0,1,33.0,33.0,12.2,0.4,0,,0,1,33.0,2,0.0,0.0,3.0,-3.0,-8.18,-5.14,33,True
1024,İsmail Yüksek,MF,tr Türkiye,27,,1999,2,2,139,1.5,0,0,0,0,0,0,0,0,0.0,0.0,0.0,0.0,0.0,1.5,0,5,0,0.0,3.24,0.0,0.0,,0,0,1.5,0,0,0,2,0,0,0,2,5,,,0,2,139.0,70.0,51.5,1.5,2,70.0,0,0,,1,0.0,0.0,3.0,-3.0,-1.94,-2.63,139,True
1025,Utkir Yusupov,GK,uz Uzbekistan,35,,1991,1,1,90,1.0,0,0,0,0,0,0,0,0,0.0,0.0,0.0,0.0,0.0,1.0,0,0,0,,0.0,0.0,,,0,0,1.0,0,0,0,0,1,0,0,0,0,,,0,1,90.0,90.0,33.3,1.0,1,90.0,1,0,,2,0.0,1.0,3.0,-2.0,-2.0,1.5,90,True
1026,Warren Zaïre-Emery,MF,fr France,20,,2006,2,1,110,1.2,0,0,0,0,0,0,0,0,0.0,0.0,0.0,0.0,0.0,1.2,0,1,0,0.0,0.82,0.0,0.0,,0,0,1.2,0,0,0,1,0,0,1,1,0,,,0,2,110.0,55.0,15.3,1.2,1,90.0,1,1,20.0,6,1.5,4.0,6.0,-2.0,-1.64,-3.41,110,True
1027,Denis Zakaria,DF,ch Switzerland,29,,1996,4,4,357,4.0,0,0,0,0,0,0,2,0,0.0,0.0,0.0,0.0,0.0,4.0,0,5,2,40.0,1.26,0.5,0.0,0.0,0,0,4.0,2,0,0,4,0,1,13,9,5,,,0,4,357.0,89.0,59.5,4.0,4,89.0,1,0,,2,1.25,4.0,2.0,2.0,0.5,-0.24,357,True
1028,Jaroslav Zelený,MF,cz Czechia,33,,1992,2,1,126,1.4,0,0,0,0,0,0,0,0,0.0,0.0,0.0,0.0,0.0,1.4,0,1,0,0.0,0.71,0.0,0.0,,0,0,1.4,0,0,0,0,2,0,4,0,0,,,0,2,126.0,63.0,46.7,1.4,1,90.0,1,1,36.0,1,0.5,1.0,3.0,-2.0,-1.43,-0.18,126,True
1029,Alejandro Zendejas,"FW,MF",us USA,28,,1998,1,0,14,0.2,0,0,0,0,0,0,0,0,0.0,0.0,0.0,0.0,0.0,0.2,0,1,0,0.0,6.43,0.0,0.0,,0,0,0.2,0,0,0,1,0,0,1,0,1,,,0,1,14.0,14.0,3.1,0.2,0,,0,1,14.0,4,0.0,0.0,1.0,-1.0,-6.43,-7.25,14,True
1030,Besfort Zeneli,MF,se Sweden,23,,2002,2,0,60,0.7,0,0,0,0,0,0,0,0,0.0,0.0,0.0,0.0,0.0,0.7,0,1,1,100.0,1.5,1.5,0.0,0.0,0,0,0.7,0,0,0,1,0,0,1,1,0,,,0,2,60.0,30.0,16.7,0.7,0,,0,2,30.0,2,0.0,1.0,2.0,-1.0,-1.5,-0.9,60,True
1031,Ramiz Zerrouki,MF,dz Algeria,28,,1998,3,2,111,1.2,0,0,0,0,0,0,1,0,0.0,0.0,0.0,0.0,0.0,1.2,0,0,0,,0.0,0.0,,,0,0,1.2,1,0,0,4,0,0,0,2,1,,,0,3,111.0,37.0,30.8,1.2,2,51.0,0,1,9.0,1,1.0,0.0,3.0,-3.0,-2.43,-2.07,111,True
1032,Luca Zidane,GK,dz Algeria,28,,1998,3,3,270,3.0,0,0,0,0,0,0,0,0,0.0,0.0,0.0,0.0,0.0,3.0,0,0,0,,0.0,0.0,,,0,0,3.0,0,0,0,0,0,0,0,0,0,,,0,3,270.0,90.0,75.0,3.0,3,90.0,3,0,,1,1.0,2.0,6.0,-4.0,-1.33,-1.33,270,True
1033,Mostafa Ziko,"FW,MF",eg Egypt,29,,1997,5,5,370,4.1,2,1,3,2,0,0,0,0,0.49,0.24,0.73,0.49,0.73,4.1,2,8,3,37.5,1.95,0.73,0.25,0.67,0,0,4.1,0,0,0,6,5,2,2,2,4,,,0,5,370.0,74.0,77.1,4.1,5,74.0,0,0,,0,1.2,7.0,5.0,2.0,0.49,1.3,370,True
1034,David Zima,DF,cz Czechia,25,,2000,1,0,13,0.1,0,0,0,0,0,0,0,0,0.0,0.0,0.0,0.0,0.0,0.1,0,0,0,,0.0,0.0,,,0,0,0.1,0,0,0,0,0,0,0,0,0,,,0,1,13.0,13.0,4.8,0.1,0,,0,1,13.0,2,1.0,0.0,1.0,-1.0,-6.92,-5.87,13,True
1035,Zizo,MF,eg Egypt,30,,1996,4,0,56,0.6,0,0,0,0,0,0,0,0,0.0,0.0,0.0,0.0,0.0,0.6,0,3,1,33.3,4.82,1.61,0.0,0.0,0,0,0.6,0,0,0,2,1,0,6,0,1,,,0,4,56.0,14.0,11.7,0.6,0,,0,4,14.0,1,1.25,0.0,0.0,0.0,0.0,-0.21,56,True
1036,Martín Zubimendi,MF,es Spain,27,,1999,1,0,22,0.2,0,0,0,0,0,0,0,0,0.0,0.0,0.0,0.0,0.0,0.2,0,0,0,,0.0,0.0,,,0,0,0.2,0,0,0,0,0,0,0,1,0,,,0,1,22.0,22.0,2.9,0.2,0,,0,1,22.0,7,3.0,1.0,0.0,1.0,4.09,2.61,22,True
1037,Themba Zwane,"FW,MF",za South Africa,36,,1989,1,0,23,0.3,0,0,0,0,0,0,0,1,0.0,0.0,0.0,0.0,0.0,0.3,0,0,0,,0.0,0.0,,,0,0,0.3,0,1,0,1,0,0,0,0,0,,,0,1,23.0,23.0,6.4,0.3,0,,0,1,23.0,0,0.0,0.0,1.0,-1.0,-3.91,-3.65,23,True
1038,Martin Ødegaard,MF,no Norway,27,,1998,5,5,470,5.2,0,4,4,0,0,0,0,0,0.0,0.77,0.77,0.0,0.77,5.2,0,9,3,33.3,1.72,0.57,0.0,0.0,0,0,5.2,0,0,0,3,4,0,15,3,4,,,0,5,470.0,94.0,82.5,5.2,5,94.0,4,0,,1,2.4,11.0,7.0,4.0,0.77,2.57,470,True
1039,Leo Østigård,DF,no Norway,26,,1999,5,1,146,1.6,1,0,1,1,0,0,0,0,0.62,0.0,0.62,0.62,0.62,1.6,1,3,1,33.3,1.85,0.62,0.33,1.0,0,0,1.6,0,0,0,2,2,0,0,1,3,,,0,5,146.0,29.0,25.6,1.6,1,90.0,1,4,14.0,1,1.8,3.0,7.0,-4.0,-2.47,-3.74,146,True
